country,year,HALE,pm25_exposure,gdp_per_capita_ppp,safe_water,beds_per_1000,physicians_per_1000,basic_sanitation,health_exp_gdp,elderly_share,G,G_norm
Afghanistan,2000,46.03,64.767279818427,813.5502559896245,11.4830526030791,0.3,0.20800000000000002,22.298273284655,9.44339085,2.26197021041933,-1.938741666666667,0.08815464065868538
Afghanistan,2001,46.12,64.5975727246894,747.6880454924132,11.4952007602954,0.39,0.20800000000000002,22.3095245309963,9.44339085,2.26194811585133,-0.443,0.1206215655181538
Afghanistan,2002,47.18,64.4168880125936,926.5079410116457,12.2981002329931,0.39,0.19960000000000003,23.734709444917304,9.44339085,2.26397395055888,-0.8582797585714286,0.11160740417086448
Afghanistan,2003,47.98,64.1762314183241,966.9620320557813,13.100749903429898,0.39,0.1912,25.160116505547,8.94125843,2.26675269120301,-2.351675,0.07919141137646543
Afghanistan,2004,48.32,63.8266086780653,971.633503046666,13.9102665546506,0.39,0.18280000000000002,26.592743290921998,9.80847359,2.2686467503967997,0.2999097199404764,0.1367473408389876
Afghanistan,2005,48.61,63.3190255280017,1076.0873526087053,14.7265543080656,0.42,0.1744,28.032917372923198,9.94828892,2.26974934650551,-0.058382855428571426,0.12897015686300312
Afghanistan,2006,48.79,61.5146494273075,1121.8344707774859,15.5424169809884,0.42,0.166,29.473711353717103,10.62276554,2.2717800234734,0.4784764529444446,0.14062335287505034
Afghanistan,2007,49.01,58.083785017442295,1286.9498431267489,16.6502497184612,0.42,0.182,30.8753174900848,9.90467453,2.27621524044213,0.2427111515151515,0.1355057750896876
Afghanistan,2008,49.55,54.191143808018296,1333.7472666189688,17.5542943270831,0.42,0.183,32.2737202067488,10.25649548,2.28356920247549,0.4204888982125604,0.13936466120106628
Afghanistan,2009,50.07,51.00143730864821,1570.698145179488,18.3897928679237,0.42,0.22,33.6691080892303,9.81848717,2.29354363572652,0.08750818188405796,0.13213690246597537
Afghanistan,2010,50.47,49.6793770289443,1765.538028306152,19.2247217350889,0.43,0.245,35.0616668763216,8.56967163,2.30661490116607,0.27543150507729464,0.13621601087715807
Afghanistan,2011,50.93,61.8170559083924,1744.0606232155815,20.059192393487,0.45,0.259,36.451745028819104,8.56190777,2.32214045471626,0.26492302746721885,0.13598791135933552
Afghanistan,2012,51.26,70.9223165078033,1988.429303815544,20.893079769309896,0.47,0.247,37.8393855148321,7.89716864,2.33791133871121,1.7159894677140977,0.16748510511377732
Afghanistan,2013,51.69,73.13181590380529,2133.241270986467,21.7263800393035,0.46,0.29100000000000004,39.224783753238896,8.80596447,2.34976901406028,1.3584594346780519,0.15972447306328874
Afghanistan,2014,51.7,77.1437275538632,2224.4907481521477,22.559088981206102,0.46,0.304,40.608136255309205,9.52887821,2.35653566515757,1.6119892397883018,0.16522765139654602
Afghanistan,2015,51.62,73.4908176326415,2284.0758478934936,23.391308180882,0.44,0.29100000000000004,41.9898186307368,10.10534763,2.35669506261475,0.8161711878376318,0.14795343521985047
Afghanistan,2016,51.66,72.76591013869921,2213.181441047904,24.222922561576098,0.45,0.284,43.369864193730706,11.81859016,2.3554973612569103,0.6620632269248364,0.14460833111617727
Afghanistan,2017,52.05,65.8623470043896,2335.795862344538,25.055176743180102,0.42,0.245,44.7508111861658,12.62081718,2.35973702156897,-0.17513002267133426,0.1264360150450021
Afghanistan,2018,51.72,67.2271774798558,2432.276700833362,25.8882133846455,0.4,0.304,46.1335435081079,14.20841885,2.36712047688815,1.228114191535182,0.15689516817112797
Afghanistan,2019,52.31,58.3308722306744,2583.485332398769,26.7218546246806,0.38,0.214,47.51839020578429,14.83131981,2.37615338349114,1.197873574740115,0.15623875814052593
Afghanistan,2020,51.66,46.0870936659706,2561.9817605862195,27.5559340461558,0.34,0.254,48.905681312024704,15.53361416,2.37073382439812,0.6591610274358974,0.14454533528284963
Afghanistan,2021,50.45,46.0870936659706,2144.166570028188,28.3906801852337,0.36,0.254,50.2966403259731,21.508460999999997,2.35254951873996,1.9888113485736247,0.17340704183806802
Albania,2000,64.48,22.2651885663762,3976.9260830203307,49.13831996704471,3.19,1.359,89.4886699063414,5.94419765,7.3306913212350295,1.8119523247385358,0.16956809774395235
Albania,2001,66.21,22.3660062096811,4451.000523660759,49.08119867025129,3.17,1.3,90.03095576329191,5.92584515,7.605790891736139,0.25231250000000005,0.13571418424666581
Albania,2002,65.87,22.4827851202514,4840.347881891564,48.984765803812294,3.1,1.17,90.6055152426868,5.66464472,7.91442944240309,3.8467249664830994,0.2137353573301929
Albania,2003,65.52,22.593449349641197,5169.842510778487,48.885442622102396,3.08,1.196,91.1654528669664,5.91140795,8.240965014612321,5.445358042554114,0.24843566762797722
Albania,2004,65.92,22.6759229494045,5595.550580256956,50.717678460672595,3.07,1.208,91.710652089826,5.89364862,8.58600861824839,5.189901975685426,0.24289067739821094
Albania,2005,64.97,22.7081299710953,6014.326822839418,52.5783349862298,3.06,1.2075,92.32297892735001,5.72954512,8.959078513171779,3.612173028204439,0.2086441170943661
Albania,2006,65.02,22.5109695957413,6754.3567952485555,54.467082469131796,3.11,1.207,92.92140903635281,5.63177013,9.36032202611209,4.347795627495837,0.22461171643880773
Albania,2007,65.3,22.041229965001502,7584.970686975551,56.3838429221658,3.09,1.218,93.50574488710609,5.92609119,9.77459627170979,4.535193290185186,0.22867941473789571
Albania,2008,65.68,21.4806685713767,8469.260124856497,58.3284806792465,3.08,1.233,94.075815843771,5.50900269,10.180540443555198,3.779244974626156,0.21227062055514576
Albania,2009,66.15,21.011042907367898,9025.926106922876,60.300907434716905,3.0,1.248,94.6311562732715,5.82603931,10.5633856320802,4.537528128333333,0.22873009529083096
Albania,2010,66.67,20.8141104654758,9755.928759645964,62.300630146963904,2.99,1.249,95.17216111089229,6.23667669,10.9200550479108,21.783293056623712,0.6030707762712982
Albania,2011,67.0,22.799904248187104,10273.466834566048,64.3273993668121,2.89,1.234,95.6984906230124,6.18297672,11.2281830971209,3.9642354341981245,0.21628606753004115
Albania,2012,67.74,20.962720411253898,10608.791252510617,66.3808528531398,2.89,1.278,96.210272006809,6.15746212,11.509314076544198,4.268882545602974,0.2228988102884065
Albania,2013,68.1,19.4075322522058,10882.058077836573,68.4598318259799,2.9,1.285,96.7065607873958,6.28286266,11.8201351814959,2.219951650470353,0.17842422828203455
Albania,2014,68.33,19.3679442180935,11787.871810989449,70.56325735427441,2.88,1.263,97.18801710204541,6.43451118,12.166769206503501,4.650326246847517,0.2311785181165792
Albania,2015,68.19,19.121557306579,12389.931909691528,70.59197290295309,2.85,1.241,97.65496804417342,6.46411896,12.5431065412926,4.825555176794371,0.23498207900451523
Albania,2016,68.3,17.602163992984,13055.558753364314,70.6165067300785,2.84,1.219,98.1079014758832,6.729327199999999,12.9202121629827,5.831212288681347,0.256811111793839
Albania,2017,68.35,18.5552438171978,14110.516542580252,70.6369407646416,2.84,1.363,98.5472964296809,6.57848787,13.305391112027399,4.39386396556991,0.22561168675720147
Albania,2018,68.39,19.0461862321065,15054.998474384809,70.6533520520137,2.84,1.5070000000000001,98.9736466158724,6.66844559,13.739521828078,5.272811071600158,0.2446903219807068
Albania,2019,68.41,15.70470712234,16441.80419085513,70.66585393884641,2.85,1.651,99.1830672601737,6.86214113,14.248098663106699,5.315840076006599,0.24562431979862878
Albania,2020,67.15,15.7070036417042,16287.643264886674,70.6745368974531,2.91,1.883,99.29879243937799,7.50389433,14.767004410064398,5.785053706499999,0.2558091826153592
Albania,2021,66.69,15.7070036417042,18212.85326993625,70.7057962293379,2.91,1.883,99.29903513572741,7.39913177,15.266005073280402,6.588403231127178,0.27324687873175196
Algeria,2000,62.94,28.233108120549396,9186.815903428986,69.4931139496624,1.77,1.1179999999999999,84.48082590485501,3.21485448,4.3831209935771,4.582259623978022,0.22970104778905495
Algeria,2001,63.19,28.1319306652494,9543.520353849588,69.9885826295034,1.76,1.1179999999999999,84.75992580518209,3.53628588,4.46481156184734,0.1069,0.13255782588857537
Algeria,2002,63.45,27.867944303466,10080.182500398008,70.4703556751034,1.75,1.1179999999999999,85.0328039749713,3.44169641,4.5447687367083205,4.402739026428572,0.22580433094198477
Algeria,2003,63.6,27.501898438248897,10802.750670312653,70.9379115421414,1.78,1.0886666666666667,85.2991661888618,3.32569361,4.62180486944893,3.966797625119047,0.2163416830564111
Algeria,2004,64.0,27.0945424726476,11431.685671542564,71.39134212634849,1.81,1.0593333333333332,85.5590698525635,3.29030514,4.69347363205042,3.1586628208013465,0.19880011651933935
Algeria,2005,64.25,26.7066258097118,12246.26922436132,71.8302157979639,1.7650000000000001,1.03,85.8122570569518,3.1188612,4.7582519917621795,3.161213809719888,0.19885548889237767
Algeria,2006,64.47,26.335570088684502,12791.341260597299,72.25519722441591,1.72,1.116,86.0591336531477,3.18999887,4.8127655099382,3.00187338143884,0.1953968076057854
Algeria,2007,64.67,25.930542242395898,13320.964120903025,72.66587582787841,1.7349999999999999,1.202,86.2994372254318,3.62011433,4.852705000869269,12.697549464790765,0.40585346190321764
Algeria,2008,64.87,25.479909614276398,13666.218196053427,73.06288681605679,1.75,1.273111111111111,86.5335634120034,3.98331022,4.875806076239679,3.4757385145649353,0.20568263704651565
Algeria,2009,65.04,24.9720395477565,13651.44729950411,73.44308871294041,1.75,1.3442222222222222,86.7594833299859,4.89210796,4.88610807782207,13.417490264454779,0.42148066836999193
Algeria,2010,65.23,24.3952993862667,14201.36599069689,73.8080588022975,1.72,1.4153333333333333,86.9781345697396,4.64001417,4.89358620427901,2.4459194714995114,0.1833291396243529
Algeria,2011,65.36,23.5721077905837,14639.877943626767,74.1574830850598,1.69,1.4864444444444445,87.18923756039541,4.82567501,4.90949127404348,11.905558441445837,0.3886623161209269
Algeria,2012,65.51,24.396816433313198,14441.329339880569,74.4919930611057,1.67,1.5575555555555556,87.0935387595053,5.63657808,4.94225095857039,2.652673274996579,0.18781698692589133
Algeria,2013,65.63,22.380264016492802,14370.820661674035,74.8117876947041,1.66,1.6286666666666665,86.9868785430175,5.64542007,5.0001221554394295,15.690749334536651,0.4708245711703551
Algeria,2014,65.74,24.111122951181002,14694.14382738305,75.117657205013,1.65,1.6997777777777776,86.8698473645812,6.01485014,5.08618275402183,14.21819447333842,0.4388609446328172
Algeria,2015,65.84,25.618865826044697,13807.351584147766,75.4096148173154,1.64,1.7708888888888887,86.7425206516531,6.3343544000000005,5.19673532389649,13.678048814548585,0.427136414315908
Algeria,2016,65.98,25.553152552754696,13437.846023216924,74.78148835543558,1.62,1.8419999999999999,86.60548403661059,6.00079727,5.3258998782420495,10.881358894871381,0.3664307968280001
Algeria,2017,66.06,24.752145781896502,13493.560749483971,74.0682732984959,1.63,1.787,86.4588236326811,5.94846106,5.46724232518278,8.448484104244306,0.31362223718159227
Algeria,2018,66.06,24.933590063977498,13727.126635785886,73.3265443892925,1.63,1.732,86.3030907782839,5.93238592,5.61800854886956,10.277382426056588,0.35332073974601946
Algeria,2019,66.14,24.3886086444981,13892.533344620471,72.2187944509466,1.63,0.987,86.13850372324708,5.41731071,5.77497798452489,8.762899317851957,0.32044700869285364
Algeria,2020,64.14,25.5526558310447,12676.5130564294,70.52516432455991,1.63,0.987,85.9654731245039,5.63831711,5.894088906904991,8.80921783782752,0.3214524095191873
Algeria,2021,65.55,25.5526558310447,14496.865469729873,68.8392411404175,1.63,0.987,85.7843029485606,5.011056900000001,6.0140413442485,8.489865865274949,0.314520479542473
Angola,2000,42.85,23.5093420911103,3689.537808472444,69.9320099057864,0.8,0.062,33.8004076625916,1.90859938,2.67386240277283,-0.789480463809524,0.11310077804898681
Angola,2001,43.43,23.652682194605102,3801.633133748176,69.9320099057864,0.8,0.062,34.2558546036306,4.48351622,2.69953363866782,-0.010050000000000003,0.1300192813344368
Angola,2002,44.28,23.820009077586302,4241.291501565801,69.9320099057864,0.8,0.062,34.7112995930867,3.32946134,2.7199744547739906,-0.14330834877846801,0.12712674387753145
Angola,2003,44.88,23.9811124380809,4322.197732147415,69.9320099057864,0.8,0.062,35.7566857674784,3.54797316,2.73612839974248,-0.3605275890217391,0.1224117313134128
Angola,2004,45.44,24.105781974115896,4770.68802563462,69.9320099057864,0.8,0.062,36.802660811234496,3.96719909,2.7468515097748,0.5854167204545455,0.14294462379173176
Angola,2005,46.29,24.1638073837181,5415.612120180988,69.9320099057864,0.8,0.0758,37.8465318357126,2.85219526,2.74989158894821,2.6972811158209877,0.18878525534313534
Angola,2006,47.11,24.1729316066879,6017.818162525103,69.9320099057864,0.7964285714285715,0.0896,38.7338819151989,2.68553543,2.7479931706173097,1.9584969081313133,0.17274902937379621
Angola,2007,48.05,24.1741901310537,6727.963288568308,69.9320099057864,0.7928571428571429,0.1034,39.620568940405605,2.97439122,2.74350079527883,1.920965785311966,0.1719343698830415
Angola,2008,48.83,24.172311477184802,7315.602330566665,69.9320099057864,0.7892857142857144,0.1172,40.5073529931406,3.32290339,2.7383472232166497,10.807446655637772,0.36482644015941806
Angola,2009,49.59,24.1720241654505,7227.563642375884,69.9320099057864,0.7857142857142857,0.131,41.3926874563562,3.84260798,2.73339143935583,2.4300400249027776,0.18298445657449505
Angola,2010,50.37,24.178056716220002,7411.6546088362375,69.9320099057864,0.7821428571428571,0.141125,42.2777189153195,2.69509959,2.72990245687615,10.422468729235334,0.35647001759821695
Angola,2011,51.05,24.337940171596,7537.596564033449,69.9320099057864,0.7785714285714286,0.15125,43.1620627220945,2.64560771,2.72825960098894,2.121949101636363,0.17629696161564531
Angola,2012,51.67,24.4804929012722,8246.36081151609,69.9320099057864,0.775,0.161375,44.0453181222275,2.39574957,2.72626706322346,2.4739690585161287,0.18393799064074343
Angola,2013,52.33,24.538658434212497,8504.095320720526,69.9320099057864,0.7714285714285715,0.17149999999999999,44.92708197392071,2.73282695,2.71903360210842,8.179934648447553,0.30779303873328334
Angola,2014,53.1,23.945583638032797,9017.690181622691,69.9320099057864,0.7678571428571429,0.18162499999999998,45.807739964967496,2.43412876,2.7044944363597705,8.281919912015976,0.31000675515426673
Angola,2015,53.5,25.002150257150102,8067.485846830182,69.9320099057864,0.7642857142857143,0.19175,46.683765096355295,2.60579467,2.69128111509288,9.85224205595039,0.34409254161624125
Angola,2016,53.73,25.1807008149163,7766.837875255462,69.9320099057864,0.7607142857142857,0.201875,47.555908833618005,2.71314979,2.68501394815556,8.942154985850804,0.3243379749159998
Angola,2017,53.9,23.9591508117097,8006.8366149769645,69.9320099057864,0.7571428571428571,0.212,48.4237656848917,2.79383755,2.6852416842702596,10.324890931550577,0.3543519706814365
Angola,2018,54.12,24.2650153621146,8278.368861704694,69.9320099057864,0.7535714285714286,0.21100000000000002,49.286522993419105,2.59482241,2.69303871230468,9.80044938554374,0.34296831757686463
Angola,2019,54.32,24.5988113283925,8572.878956106713,69.9320099057864,0.75,0.21100000000000002,49.547023729020204,2.47518778,2.7079779831328397,10.952253262683849,0.3679696468607443
Angola,2020,54.33,25.1452381976267,7827.428043258177,69.9320099057864,0.75,0.21100000000000002,49.8016376564917,3.27488494,2.7256087667584903,11.399287249421912,0.3776730730475657
Angola,2021,53.76,25.1452381976267,8862.281333145209,69.9320099057864,0.75,0.21100000000000002,50.0511353702384,3.09277129,2.7447041156589402,10.49519022451749,0.35804852769498763
Argentina,2000,64.73,17.42603648416,11499.982800251848,69.9320099057864,4.1,3.2481,87.6669268418186,8.22001076,9.65977735681297,4.100570884609309,0.21924539728786363
Argentina,2001,64.7,17.183873772998,11117.754923786984,69.9320099057864,4.08,3.2481,88.13593800679692,8.37179852,9.72531553667937,1.0328750000000002,0.15265725977928485
Argentina,2002,64.65,16.923514268532802,9953.464928808571,69.9320099057864,4.06,3.2273,88.60339829424231,7.3933115,9.790735571098,2.8661540478864835,0.19245085142724203
Argentina,2003,64.63,16.6435724137411,10933.39254915945,69.9320099057864,4.04,3.2065,89.0695612672158,6.89451647,9.84463418210391,2.821749905954641,0.19148700454667533
Argentina,2004,65.11,16.342662651599802,12117.679742309769,69.9320099057864,4.02,3.1857,89.5350610098707,7.22868252,9.89708976463533,3.271537561812761,0.20125020253126177
Argentina,2005,65.37,16.0193994250859,13464.812847056115,69.9320099057864,4.0,3.2693444444444446,89.99972955703751,7.61078882,9.96522548078547,3.055294711929231,0.1965563837288399
Argentina,2006,65.57,15.5877675221277,14843.577865964187,69.9320099057864,4.1,3.352988888888889,90.4637841739601,7.64032793,10.044713665588,19.642056300245564,0.5565925812561199
Argentina,2007,65.24,15.0427292384364,16455.112980167396,69.9320099057864,4.2,3.4366333333333334,90.92703685177109,7.83455086,10.116450448528301,17.95671416149268,0.520010143392149
Argentina,2008,65.72,14.504365278662801,17276.757088680555,69.9320099057864,4.3,3.520277777777778,91.3897117135692,8.1826973,10.193805445200699,14.801672539335701,0.45152605850110883
Argentina,2009,65.85,14.092756347457499,16182.075347767694,69.9320099057864,4.4,3.6039222222222222,91.85164005539421,9.45599556,10.2962560290606,2.6906327471792815,0.18864094426994754
Argentina,2010,65.83,13.9279831494715,17847.61103731781,69.9320099057864,4.5,3.6875666666666667,92.31283324775059,9.44546413,10.4021031811045,21.476691985203907,0.5964156203914709
Argentina,2011,65.97,14.238930671703802,19104.990940522788,69.9320099057864,4.41,3.771211111111111,92.7707485221134,9.41819859,10.516094035942698,2.640844446490024,0.1875602275570401
Argentina,2012,66.15,13.357161854226401,19430.417806811183,69.9320099057864,4.6,3.8548555555555555,93.2268060456617,9.82726669,10.6423346589394,2.5061590480436626,0.18463671422016112
Argentina,2013,66.19,14.7643699932772,19928.989490167023,69.9320099057864,4.8,3.9385,93.62313202500299,9.78097916,10.767157380109301,1.947724802948649,0.17251520749309454
Argentina,2014,66.44,13.950059306294902,19487.41817488681,69.9320099057864,4.86,3.95575,94.0211240402659,9.67129993,10.894142131573998,2.801705170776933,0.1910519087508265
Argentina,2015,66.48,14.6245514656634,19899.149927524544,69.9320099057864,4.97,3.9730000000000003,94.4204076284931,10.22933674,11.0315216694284,1.792010399045075,0.16913523355525484
Argentina,2016,66.2,14.270059454080801,20105.761359796023,69.9320099057864,4.97,3.987,94.8209557204549,9.85558891,11.1688143183761,3.5888633540643746,0.20813815175578546
Argentina,2017,66.6,13.9690174802422,23385.07409049166,69.9320099057864,5.02,3.9789999999999996,94.8209557204549,10.23174763,11.307124761345401,2.526562276029188,0.18507959154627915
Argentina,2018,66.79,14.1850800443346,24410.39190633349,69.9320099057864,3.71,4.02375,94.8209557204549,10.29146862,11.463651515904301,3.4615701886211783,0.20537509598909123
Argentina,2019,66.9,14.3996238920365,23516.82619808864,69.9320099057864,3.71,4.0685,94.8209557204549,10.1555109,11.6325391913594,4.25117921122301,0.22251453749592812
Argentina,2020,66.15,14.908173797440698,22393.347957535338,69.9320099057864,3.2,3.895,94.8209557204549,10.45030594,11.7934339853714,3.474344990574823,0.2056523888828888
Argentina,2021,64.79,14.908173797440698,26300.274261175044,69.9320099057864,3.34,3.895,94.8209557204549,10.03832245,11.9186207827562,5.663240588190297,0.2531650780569348
Armenia,2000,62.97,27.498645550379,2530.74394657194,82.6559565910346,6.56,2.616,88.0309026952269,4.19581175,9.14660843411173,3.060780861850497,0.19667546740567457
Armenia,2001,63.12,27.4828126677005,2844.362663670089,82.7264208490425,5.16,2.55,88.2341286586243,4.64563894,9.55277603916158,0.08137499999999998,0.13200377415925182
Armenia,2002,63.05,27.484802655697603,3282.1170633736897,82.8029538867035,4.5,2.505,88.4571722319779,7.61358786,10.005743496431199,4.460353033507928,0.22705491430165473
Armenia,2003,63.19,27.5378873564374,3836.225567686729,82.8818540646121,4.61,2.404,88.6878398317561,7.17936182,10.428801746382,6.891395206103896,0.2798236947046023
Armenia,2004,63.47,27.6753386119868,4377.227596825513,82.96113667223841,4.65,2.408,88.9185327648482,6.05510139,10.8083562803615,6.1294224958116885,0.26328413357493574
Armenia,2005,63.54,27.9304282644128,5172.218921029502,83.040781641149,4.71,2.509,89.14910455481319,5.8618803,11.116582860750501,3.273902030379277,0.20130152624911524
Armenia,2006,63.5,28.4040594680882,6072.759244798545,83.12083837498041,4.72,2.531,89.37985004795229,5.85007095,11.3035413260602,12.4587115838143,0.4006691899744036
Armenia,2007,63.93,29.2219860543866,7136.7540551995335,83.2012605099858,4.37,2.609,89.6104696374139,5.49814034,11.312906768445401,15.093262533683236,0.457855380366797
Armenia,2008,63.9,30.454755880876004,7827.316667464941,83.2820917068001,4.14,2.674,89.8412620835162,6.63976622,11.153010652063001,3.085926754725098,0.19722129014544174
Armenia,2009,64.11,32.172916805124004,6811.692479595808,83.21591243186971,4.07,2.697,90.0719230280142,8.44377708,10.914554374419598,10.442574459284112,0.3569064373632644
Armenia,2010,64.34,34.4470166846987,7095.212679790086,83.1498294127603,4.13,2.775,90.30259703000341,9.23538303,10.7247572394866,3.722254806269123,0.21103357838736309
Armenia,2011,64.57,41.8107255386856,7624.26772626905,83.0838480780611,4.18,2.8160000000000003,90.53329066652559,9.37588882,10.644892424426699,14.6266392282238,0.4477267437621951
Armenia,2012,64.87,43.28961483073439,8942.635378971643,83.017966415385,4.2,2.867,90.7640014188273,9.13455009,10.6601563201715,3.8466895358327946,0.2137345882640588
Armenia,2013,65.29,41.050500477264,9454.878528365563,82.95256345854649,4.23,2.8989999999999996,90.99870163150749,10.32345009,10.7083857139631,2.1506288729392713,0.17691949156224587
Armenia,2014,65.31,38.639237611456,9736.234974627896,82.8874967183402,4.33,2.915,91.2374729178599,10.17827892,10.7767290281828,3.7910893128131313,0.21252771658081418
Armenia,2015,65.37,38.1148586893988,9756.840848360258,82.8226401766753,4.35,2.9619999999999997,91.48057219043501,10.11762714,10.923814112631,4.0052731469639244,0.21717684189734277
Armenia,2016,65.48,35.8609078798257,10570.272041393568,82.7578335050178,4.36,2.94,91.7279143880493,9.95194912,11.1448655565615,5.097550442420635,0.24088607302167667
Armenia,2017,66.11,34.0153569947094,12066.00430938194,82.6929400833755,4.37,2.972,91.97959112626431,10.36270332,11.417175549539499,4.8764492712222225,0.236086798339681
Armenia,2018,66.42,34.201366074335,12877.493754355328,82.5794093560548,4.28,2.968,92.2358515104765,10.00543404,11.711689266312401,4.651999912790044,0.231214847108147
Armenia,2019,66.48,32.6618235324139,14975.753953815693,82.42792151454509,4.18,3.117,92.4966218956113,11.3798008,12.0453317121053,6.477872496333333,0.2708476722770632
Armenia,2020,61.03,30.579633475012496,14706.317304342228,82.276770987299,4.59,3.117,92.7619845664061,12.24056244,12.343281529839,6.719967394539682,0.2761026417975973
Armenia,2021,64.01,30.579633475012496,15921.70528196402,82.1259828847571,4.59,3.117,93.0320229848765,12.32268524,12.600194715032,8.108157472690475,0.3062350262610338
Australia,2000,68.11,7.45743282688833,26588.486543285,69.9320099057864,4.04,2.491,99.99116086386509,7.58869076,12.3380926593329,6.7887947802088195,0.2775966254236425
Australia,2001,68.41,7.388953461757281,27699.042036110986,69.9320099057864,3.96,2.5660000000000003,99.99161710403659,7.67391729,12.443966525303098,1.4869374999999998,0.16251324854896032
Australia,2002,68.44,7.266337720216581,29080.04392869459,69.9320099057864,3.94,2.562,99.99207334420821,7.87221003,12.552650870576198,7.436596420450738,0.2916579621145203
Australia,2003,68.68,7.13120227271499,30171.92718194238,69.9320099057864,3.97,2.6310000000000002,99.99252958437971,7.87659502,12.657414461129598,7.249878506713881,0.2876050186080918
Australia,2004,68.8,7.02516378970128,31814.598227882223,69.9320099057864,4.0,2.708,99.9929858245512,8.08257675,12.7707524793261,7.113428852786498,0.2846432099215467
Australia,2005,68.85,6.98983894162423,33089.702350183674,69.9320099057864,3.9,2.78,99.9934420647228,7.9648633,12.8849948927024,6.750701196559912,0.27676975702415935
Australia,2006,68.99,7.04814950445881,34906.81630977039,69.9320099057864,3.92,2.842,99.9938983048943,7.97161102,12.9925124181303,6.483067287553638,0.2709604316525416
Australia,2007,69.22,7.1662981083613095,36722.267508963014,69.9320099057864,3.87,3.008,99.9943545450659,8.0517149,13.0875642584234,6.525364518340661,0.27187854541799295
Australia,2008,69.19,7.30082270505242,37616.011240048196,69.9320099057864,3.82,3.0180000000000002,99.9948107852374,8.24737453,13.177288028357301,6.54635601651213,0.27233419187687613
Australia,2009,69.49,7.408261246252859,40442.58963251924,69.9320099057864,3.78,3.1210000000000004,99.99526702540889,8.54235363,13.314903986414,6.493415606343997,0.2711850547248781
Australia,2010,69.63,7.44515168368333,39500.630347570586,69.9320099057864,3.78,3.364,99.99572326558051,8.41878414,13.529289383836,6.430604519011783,0.269821662303444
Australia,2011,69.66,7.3207066349997305,42152.816179830974,69.9320099057864,3.78,3.3139999999999996,99.996179505752,8.53360462,13.7988147123359,5.975605465742751,0.25994534448545076
Australia,2012,69.93,7.53280029437137,43007.269782413096,69.9320099057864,3.75,3.3110000000000004,99.9966357459236,8.66922569,14.0880460046549,5.734675067205037,0.2547156518720745
Australia,2013,70.09,7.433140619753599,46123.47509628478,69.9320099057864,3.74,3.3739999999999997,99.99709198609509,8.74458122,14.366324406492,5.692376436531227,0.2537975077203471
Australia,2014,70.06,7.38760302103561,47108.59064599657,69.9320099057864,3.79,3.45,99.9975482262667,9.82490253,14.634393390411901,6.169885256755947,0.264162427901062
Australia,2015,70.04,7.18466162026884,46452.356577257444,69.9320099057864,3.82,3.505,99.9980044664382,10.17367649,14.8994580007134,5.735050885600171,0.2547238094756685
Australia,2016,70.27,7.200695623950679,47446.21030309512,69.9320099057864,3.84,3.577,99.9984607066097,10.08972931,15.150816300049401,5.641682755797036,0.2526971386125487
Australia,2017,70.32,7.4285359593217,48564.82865923722,69.9320099057864,3.84,3.677,99.99891694678129,10.11242294,15.3876130191621,4.633309456787376,0.23080914761862206
Australia,2018,70.54,7.74121920379958,50371.233830781974,69.9320099057864,3.84,3.747,99.9993731869528,10.05163097,15.640967606089198,4.132998016406088,0.21994926833385806
Australia,2019,70.26,9.33099031566264,52885.831381637734,69.9320099057864,3.84,3.827,99.99982942712441,10.21285057,15.9450637793133,6.481998686103745,0.2709372363349599
Australia,2020,70.73,8.251717460708111,54184.16144868537,69.9320099057864,3.84,3.906,100.0,10.66040134,16.3387202762794,6.0934490797129826,0.2625032860372604
Australia,2021,70.61,8.251717460708111,58327.41468423248,69.9320099057864,3.84,3.9810000000000003,100.0,10.42525291,16.749187363780102,7.3200913614855265,0.28912907555645506
Austria,2000,67.63,19.150573887216,29214.73864848129,96.87254076997091,7.95,3.878,99.9999792345879,9.20371342,15.4406416730563,5.873638105105596,0.2577320166697574
Austria,2001,67.97,18.9470662603211,29556.40356004898,97.0252416937295,7.85,3.99,99.99999097258541,9.26942921,15.463386565857197,1.3285624999999999,0.15907552307857387
Austria,2002,68.01,18.778509932079803,30952.170823239823,97.17794140601391,7.81,4.061,100.0,9.3947649,15.461880771301699,6.48996891761943,0.27111024007852014
Austria,2003,67.94,18.6169292381771,31962.925533106463,97.3306380457431,7.73,4.146,99.9983790003902,9.547239300000001,15.474203955826,6.314062325222094,0.2672919696880342
Austria,2004,68.27,18.4343485142981,33523.02049682828,97.4833387555632,7.74,4.2330000000000005,99.996535576376,9.70939922,15.733576999105999,6.326068498210214,0.26755257853844067
Austria,2005,68.42,18.2027920961277,34776.669953521814,97.63603624727008,7.69,4.35,99.99470647349729,9.62702942,16.2126667286006,6.263940780803523,0.2662040195073691
Austria,2006,68.79,17.8024706211736,37396.03509608662,97.78873324431629,7.66,4.478,99.9928944921009,9.531132699999999,16.6795154741016,6.163836316331162,0.2640311281595173
Austria,2007,69.0,17.2316229771279,39193.81736409768,97.9414315175725,7.75,4.545,99.9911017476995,9.53209686,17.0280423461531,6.229768933849622,0.2654622772586331
Austria,2008,69.22,16.6393158749523,41046.79003521116,98.0941306211425,7.69,4.61,99.98932760033941,9.72564602,17.2809727927874,5.941959289144493,0.2592150125626539
Austria,2009,69.15,16.1746160256084,40665.504660501865,98.24682928656999,7.68,4.703,99.9875707536701,10.22582531,17.531366290654,5.842849079482326,0.25706370274651513
Austria,2010,69.36,15.9865901400578,41740.11492417584,98.39952953731242,7.65,4.808,99.9858335152594,10.22101879,17.6592449706019,5.998030334635372,0.26043210403059514
Austria,2011,69.62,16.3676317593698,44171.5618687028,98.5522309533408,7.68,4.854,99.98411526377659,10.02613258,17.7360671109115,5.666566930830941,0.2532372804425321
Austria,2012,69.65,14.719901190097803,46156.48320730371,98.7049275287129,7.67,4.905,99.982312100595,10.19915581,17.949704925553302,5.455347555062626,0.2486525023657026
Austria,2013,69.81,14.659948700480498,47519.85227965714,98.857622685021,7.64,4.996,99.98045198323071,10.28574848,18.199446047067802,5.533080038352661,0.25033978216164604
Austria,2014,70.04,12.954145467382698,48355.497762440704,98.9110306048435,7.58,5.0489999999999995,99.97858776062591,10.36809158,18.3880563664351,5.469743016090312,0.24896497367135584
Austria,2015,69.9,13.5999635409,49562.593925798654,98.9094260145633,7.54,5.099,99.97670951924091,10.36746693,18.461370804861602,5.108511836190729,0.24112400364554018
Austria,2016,70.2,12.514379570130599,52397.863517667414,98.90781069628109,7.42,5.1080000000000005,99.9748167576783,10.3522625,18.4999156835518,4.261708898504883,0.2227430973959382
Austria,2017,70.24,12.155759225504198,53869.832118355596,98.9061991101429,7.37,5.157,99.9729077052186,10.38402557,18.6103296736393,4.425993705928461,0.2263091025538076
Austria,2018,70.28,12.5861934480679,56636.49530305417,98.90447711877171,7.27,5.216,99.97281660608058,10.34885597,18.7625828458159,4.675747904564767,0.23173032667370022
Austria,2019,70.44,11.4645937760057,60354.927942212096,98.90262224343071,7.19,5.291,99.9727130295408,10.48753643,18.9402993578561,4.768442328463375,0.23374237391599886
Austria,2020,69.92,10.933513681514599,58523.03378162456,98.900639609767,7.06,5.324,99.97260223261551,11.31641102,19.169788839314002,5.191346219754232,0.24292202650394598
Austria,2021,69.79,10.933513681514599,62968.94223118921,98.89854388669809,7.06,5.43,99.9724908948366,12.15228558,19.462852720957,5.500123071349707,0.24962441038647482
Azerbaijan,2000,57.81,19.773338223415,3439.1444287232616,48.816378907795894,7.62,3.545,68.3537161993918,2.89007497,5.53451830632131,0.65352362725347,0.14442296853182268
Azerbaijan,2001,58.69,19.594480261053604,3834.898159064146,49.1779754517385,7.45,3.512,69.4110838151646,2.774194,5.786043128562531,-0.379375,0.1220026249218055
Azerbaijan,2002,59.08,19.410700587636303,4230.405902140725,49.53786346455879,7.32,3.5210000000000004,70.4645166968746,2.73097301,6.04989098481306,1.7076738472640662,0.16730460427574645
Azerbaijan,2003,59.17,19.260346404306603,4718.421123394032,49.897071421317605,7.17,3.508,71.514349403103,2.72699213,6.294245720210509,2.4421515036076604,0.18324735121587044
Azerbaijan,2004,59.74,19.1817649122083,5247.5383436515585,50.2550814409505,7.13,3.512,72.5604073968308,2.65944242,6.465555319195549,2.497437634933333,0.18444740514999763
Azerbaijan,2005,59.83,19.2133033124848,6854.93618778844,50.6113904766859,7.1,3.533,73.90078091359159,2.22960997,6.561669501682401,1.6429913857483254,0.16590059136057703
Azerbaijan,2006,60.07,19.434355032997104,9398.013247942634,50.966509566896896,6.96,3.511,75.2446071207106,2.07059145,6.58699884518871,12.539270291896816,0.4024178164788184
Azerbaijan,2007,61.36,19.9134764720137,11973.959632353564,51.3209377707004,6.83,3.648,76.59202449998709,1.99422264,6.506142199445501,13.772848411356568,0.4291941569427694
Azerbaijan,2008,61.0,20.6727592862898,13216.843497443166,51.6736749659237,6.71,3.612,77.94279100310621,2.04814458,6.32768505626164,11.133778732341922,0.3719098819393074
Azerbaijan,2009,61.56,21.7342951325807,14245.503536619011,52.0252177256322,6.58,3.596,79.2970479678594,2.76541352,6.09540702445719,12.851617832617611,0.4091977065899373
Azerbaijan,2010,61.93,23.120175667641696,14930.40999284228,52.3834114829109,4.46,3.582,80.6565618814243,2.64634848,5.88788457841308,2.360437926724387,0.18147365685420974
Azerbaijan,2011,62.4,27.428106145664398,14804.574450791106,52.7476236661804,4.07,3.359,82.02098237769209,2.59547186,5.742814237020791,12.708031500386202,0.4060809874643727
Azerbaijan,2012,63.06,29.180587841923103,15994.146650183662,53.11771810495271,4.1,3.409,83.3900771954371,3.15682149,5.6783623139507595,2.565219032095238,0.18591868430038033
Azerbaijan,2013,63.76,28.2339828650537,17267.511891953767,53.4940479787568,4.13,3.373,84.76372278247491,3.22551084,5.684482854220611,1.6904573552934472,0.1669308990005572
Azerbaijan,2014,64.27,26.4192082058383,17563.612245438508,53.875980890844296,4.29,3.362,86.14158548774272,3.58703041,5.71573681116396,2.7386313821767,0.18968281407310086
Azerbaijan,2015,64.96,25.1867220505416,15075.272634791074,54.263398693565904,4.08,3.2910000000000004,87.52345981949591,4.34131384,5.79496249814157,2.496848387777778,0.18443461481089735
Azerbaijan,2016,65.24,24.352796880785302,14535.802021063326,54.6561542161898,4.08,3.227,88.90911290231821,4.42241955,5.94640301373228,3.168290107611833,0.19900908869979161
Azerbaijan,2017,65.73,23.242188151897803,14315.92964310605,55.054122340274496,3.94,3.1639999999999997,90.29834040040942,4.07396507,6.14013559399226,2.882636171833334,0.19280861633520194
Azerbaijan,2018,66.14,23.2360923544978,15282.999523229812,55.4571652885698,3.9,3.2,91.6909287439115,3.83661342,6.3688767423245,2.8683478353793976,0.19249847030106051
Azerbaijan,2019,66.62,22.023834941184003,16675.31793615583,55.8646849838944,3.9,3.111,93.08659846114179,4.18188763,6.62764113456588,4.711936717807018,0.23251584967307473
Azerbaijan,2020,63.0,21.7269999756599,15163.570332728206,56.277016749228494,3.9,3.093,94.4852164889199,5.84817696,6.88336854345971,5.187262623555556,0.24283338699226192
Azerbaijan,2021,64.04,21.7269999756599,20111.375695210878,56.693113760757,3.9,3.093,95.8663117734363,4.68526697,7.14668283701474,6.051369526553885,0.26158989723424536
Bahrain,2000,61.05,68.651142599615,45687.521740564735,98.69526158403359,2.55,0.953,99.9393894019496,3.33542562,2.2499161788612403,6.832692058666666,0.27854947020492227
Bahrain,2001,61.6,70.059687295923,46161.575846428816,98.72940700973841,2.53,1.016,99.94340887784979,3.48573017,2.22235556403228,-0.8540000000000001,0.11170030162973175
Bahrain,2002,61.77,71.9559586005481,45091.48942186561,98.7635510369517,2.57,1.058,99.9474283537501,3.67866111,2.18260496744539,5.899077007857143,0.2582841995517001
Bahrain,2003,61.83,73.87990834603958,45426.934593294434,98.7976936656734,2.45,1.048,99.95144782965029,3.88658071,2.15721899822009,6.956532529231086,0.2812375809542448
Bahrain,2004,62.06,75.37148836494691,46317.02848040246,98.8318348959035,2.29,0.963,99.9554673055506,3.49817729,2.14879475627753,6.118384108927754,0.26304453172020564
Bahrain,2005,62.38,75.9706504898194,47268.272161218796,98.8659747276421,2.25,1.0290000000000001,99.9594867814508,3.25870824,2.14426487555275,6.256540820990338,0.2660433942172058
Bahrain,2006,62.66,74.6528084567212,48009.49174215039,98.90011316088899,2.1,1.001,99.9635062573511,3.10821271,2.13167266226833,6.173877585100899,0.2642490863309757
Bahrain,2007,63.2,71.5108350525909,49347.49461961498,98.9289175107687,1.96,1.011,99.9675257332513,3.29534078,2.11532005239241,6.381863566775363,0.2687636795855022
Bahrain,2008,63.59,67.7608706862893,50330.32486225224,98.92699889941571,1.89,0.993,99.97154520915159,3.2038722,2.1058459633082,6.148920460400433,0.26370736103815545
Bahrain,2009,63.98,64.6190557666771,48625.65692315961,98.9250802880628,1.77,0.9740000000000001,99.97556468505181,4.32666922,2.10821933490508,6.055631214766118,0.2616824024535921
Bahrain,2010,64.32,63.301530702615004,49254.577008423796,98.92316167670981,1.76,0.971,99.97958416095209,4.08934975,2.15047426568769,5.929525738554978,0.2589451269522425
Bahrain,2011,64.54,66.72732639610341,52677.45111906678,98.9212430653569,2.05,0.997,99.98360363685231,3.8651762,2.23517644407025,4.9721585011919185,0.23816428568059908
Bahrain,2012,64.8,70.0606736033788,56712.56926561531,98.919324454004,2.0,1.016,99.98762311275259,4.10642147,2.3027567966205797,5.3743488466378695,0.24689432510906364
Bahrain,2013,65.11,68.1447019157403,56310.311745818915,98.91740584265101,2.01,0.9940000000000001,99.9916425886528,4.30853891,2.45568933577155,5.781175845146466,0.2557250088332239
Bahrain,2014,65.52,59.14997350707021,54299.05646132278,98.91548723129809,1.96,0.976,99.99566206455309,4.41240263,2.62539913226817,5.024214954341737,0.2392942354510244
Bahrain,2015,65.6,71.5594978371491,48034.24688805033,98.91356861994508,1.9,0.932,99.9996815404533,4.97671938,2.58876355273245,5.097016794666667,0.24087448953642943
Bahrain,2016,65.55,64.2193035294402,47428.901890764944,98.9116500085922,1.84,0.8420000000000001,100.0,4.86051178,2.53748590518773,3.652845318123249,0.20952695950631772
Bahrain,2017,65.59,61.237494601176,50184.500576730126,98.90973139723921,1.77,0.8420000000000001,100.0,4.51235676,2.6120196087031298,4.501405112,0.22794600049483232
Bahrain,2018,65.74,71.88723284109341,51993.130781865184,98.90781278588629,1.8,0.8420000000000001,100.0,4.12745667,2.77238869129833,5.340140766476191,0.24615179637368986
Bahrain,2019,65.8,59.9655174851019,56599.52143644113,98.9058941745334,1.74,0.8420000000000001,100.0,3.95980334,3.00446835284136,5.06911695504762,0.2402688889727161
Bahrain,2020,64.73,58.4950629834781,53436.03169997117,98.90397556318041,1.74,0.8420000000000001,100.0,4.719618799999999,3.27889246478774,5.062856299809524,0.24013299369900934
Bahrain,2021,64.24,58.4950629834781,54954.675789553236,98.90397556318041,1.74,0.8420000000000001,100.0,4.49223804,3.46416063514661,4.944672336276055,0.2375676644385185
Bangladesh,2000,56.66,53.207331587393895,1511.9050058884418,55.30866038891979,0.3,0.247,23.694677075883998,1.80504513,3.46140181652951,3.124803014987468,0.19806514750990786
Bangladesh,2001,57.18,53.5371557711762,1597.5874061443494,55.315021002098895,0.3,0.247,25.1767692981385,1.77201855,3.49633577880817,0.2995625,0.13673980400026178
Bangladesh,2002,57.54,53.9989891679289,1658.8023093456875,55.2936095914009,0.34,0.2575,26.6816894127761,1.93417108,3.53929895087049,3.3267056682142857,0.2024476945882753
Bangladesh,2003,57.92,54.4416560238779,1746.127257822981,55.268682349761,0.32666666666666666,0.268,28.1772949701868,1.96152198,3.59350455333156,3.1449501519047622,0.19850246606230532
Bangladesh,2004,58.4,54.71398058524879,1861.5125628545475,55.2403777535328,0.31333333333333335,0.27699999999999997,29.6630423579707,1.99854314,3.6558272273292705,2.2976114994262624,0.18010993145982204
Bangladesh,2005,58.76,54.664787098267404,2019.7383956343128,55.209020811544505,0.3,0.304,31.435834950310802,2.05873919,3.72492189621939,2.281250746986569,0.17975480107070368
Bangladesh,2006,59.04,53.197545949840205,2195.294854609936,55.174047776112396,0.32999999999999996,0.313,33.2264398318266,2.10646582,3.8017738395079905,2.1134350513229436,0.1761121536117394
Bangladesh,2007,59.35,50.0752382318021,2388.100251603573,55.1355977938881,0.36,0.326,35.0339772895148,2.17268491,3.88738601724917,14.075320620450833,0.43575969075358173
Bangladesh,2008,59.87,46.43595424777121,2554.857882387191,55.093817397815,0.38,0.33899999999999997,36.857584843842396,2.11878848,3.98311546121115,14.477887764540103,0.44449790906314085
Bangladesh,2009,60.36,43.417784301366,2675.259459267853,55.048860676336005,0.5,0.353,38.6964226448975,2.18321705,4.09030396109955,2.5381341189097126,0.18533077272392517
Bangladesh,2010,60.76,42.158818696204705,2833.6954436886413,55.000333060086604,0.55,0.36200000000000004,40.550092213975,2.28807664,4.209254660722009,15.511825841753705,0.4669408152215599
Bangladesh,2011,61.54,52.2951110557553,3051.269832718111,54.9485696855787,0.55,0.382,42.417588032588,2.36418128,4.34377354171206,2.423373824465463,0.1828397584401048
Bangladesh,2012,62.29,65.1638389348551,3434.2781509044744,55.2966533276478,0.63,0.397,44.297586934068796,2.3537879,4.48905587386876,2.3358890886043953,0.18094079392714743
Bangladesh,2013,62.69,64.3758949024465,3691.104311021167,55.660674592876504,0.59,0.418,46.1890615570129,2.29574466,4.62684307316426,2.1499807447659665,0.17690542313775054
Bangladesh,2014,62.88,68.3283645116627,3972.5064773349054,56.040232268799,0.6,0.484,48.091854377096006,2.27915168,4.75656753138087,2.6709658657591704,0.18821405025775503
Bangladesh,2015,63.22,64.1084295201163,4212.235780894276,56.436034607021895,0.77,0.48100000000000004,50.0050245547683,2.27217698,4.90260142194805,1.6395249151088387,0.16582534732326237
Bangladesh,2016,63.45,63.678414132975206,4579.132286828621,56.8478479103071,0.8,0.49200000000000005,51.9283001377065,2.38938212,5.0722383427610405,2.379730471654705,0.18189242542939854
Bangladesh,2017,63.47,58.343976644825794,4882.606926156391,57.275997454283704,0.85,0.536,53.861024982081005,2.36720181,5.2588890506748704,1.4347808293374569,0.16138112343333486
Bangladesh,2018,63.74,59.51357784833299,5490.158818651793,57.7206212770885,0.88,0.573,55.802689579866104,2.31622243,5.4581440230554295,1.9781313403032041,0.17317521903487834
Bangladesh,2019,63.98,50.36452653886911,6047.124015041252,58.181708745781094,0.88,0.627,57.7528738554199,2.25762248,5.66255837053046,2.774130012894477,0.19045335580621753
Bangladesh,2020,63.34,42.3813762359965,6640.584373310621,58.659254792340604,0.88,0.6559999999999999,59.71116593869021,2.27063942,5.8351357800859995,2.478240069805555,0.18403069822902418
Bangladesh,2021,63.05,42.3813762359965,7441.069139612541,59.15341916561211,0.88,0.67,61.6770898454809,2.36551309,5.97381333056883,3.776213214876639,0.21220481245594447
Barbados,2000,65.29,23.221366156883697,15914.084757068069,69.9320099057864,7.3,1.379,89.64087749702209,5.33187246,11.2650393226056,14.316815875238095,0.4410016442712433
Barbados,2001,65.64,22.9799910517907,15865.586355858479,69.9320099057864,7.3,1.5830000000000002,90.0296586370686,5.52529192,11.246620469428501,1.045375,0.15292858775642662
Barbados,2002,65.49,22.4722090377571,16133.079288194922,69.9320099057864,7.3,1.641,90.4184397771151,5.86123466,11.2857186122931,14.41205397047619,0.44306890504946644
Barbados,2003,65.25,21.8668760588038,16706.532485377433,69.9320099057864,7.3,1.699,90.80722091716171,6.69148111,11.308018782734301,14.341599348627451,0.4415396002473458
Barbados,2004,65.3,21.3328480589514,17298.892258221218,69.9320099057864,7.3,1.7570000000000001,91.19600205720819,7.31297731,11.3064819040921,11.195326990555555,0.37324586309112384
Barbados,2005,65.55,21.0389809822209,18449.81088532342,69.9320099057864,6.7,1.815,91.5847831972547,6.77536297,11.3248308560285,10.755864912280703,0.36370679455281646
Barbados,2006,65.61,20.9890500409602,20076.485130396835,69.9320099057864,6.6,1.87625,91.9735643373012,6.58370161,11.3410481052883,10.340723361002507,0.35469563316595104
Barbados,2007,65.73,21.0340484119677,20949.364913845602,69.9320099057864,7.1,1.9375,92.36234547734779,6.05665207,11.377924239324601,10.851676280802005,0.3657864989374621
Barbados,2008,65.92,21.1136589859394,21375.90076590253,69.9320099057864,7.6,1.9987499999999998,92.75112661739429,6.47753286,11.4827044399913,10.346416079473684,0.35481920066892886
Barbados,2009,66.19,21.1675646535713,20323.636702271157,69.9320099057864,6.8,2.06,93.1399077574408,7.14522552,11.657926656877901,8.232406482,0.3089320048496598
Barbados,2010,66.21,21.1354483055595,20032.581857083795,69.9320099057864,6.88,2.12125,93.5286888974873,6.77094746,11.8178994236013,8.229075847333332,0.3088597093003234
Barbados,2011,66.25,20.745049418333,20316.292535684563,69.9320099057864,6.675,2.1825,93.9174700375338,6.89690495,11.9514085297622,8.624777600880952,0.3174489058076462
Barbados,2012,66.42,21.1846141376653,19605.016924807056,69.9320099057864,6.47,2.24375,94.3062511775803,7.77819967,12.1390205371248,8.65755444009524,0.3181603676861353
Barbados,2013,66.44,21.794446745847896,19032.46540713729,69.9320099057864,6.47,2.3049999999999997,94.6950323176268,7.39746428,12.3690418309834,8.648037704357142,0.3179537951535904
Barbados,2014,66.45,22.393811116380895,18594.900182833502,69.9320099057864,6.05,2.36625,95.0838134576733,6.96651411,12.6331067584463,8.427968411555556,0.31317691866984015
Barbados,2015,66.49,24.178753622519697,19185.518640792416,69.9320099057864,6.03,2.4274999999999998,95.4725945977198,6.81827545,12.9216100935517,9.097980916136283,0.32772036967204754
Barbados,2016,66.51,24.4150757393389,19175.570190422048,69.9320099057864,6.03,2.48875,95.8613757377664,6.83311653,13.2030865798156,7.260049749714286,0.28782579803115715
Barbados,2017,66.52,23.2878109296981,18436.80508031864,69.9320099057864,6.11,2.55,96.2501568778129,6.64785957,13.5158528184573,6.870549377540591,0.27937121018492816
Barbados,2018,66.48,23.2651852221243,19777.059323466183,69.9320099057864,6.06,2.5753333333333335,96.6389380178594,6.43943882,13.8812050137063,7.212006115926895,0.2867829514735513
Barbados,2019,66.29,23.325543089409102,19971.11856987172,69.9320099057864,5.74,2.6006666666666667,97.0277191579059,6.12043858,14.2956713458923,6.302193199302437,0.26703433561393647
Barbados,2020,66.85,23.730965784299602,16555.362214523506,69.9320099057864,5.66,2.6260000000000003,97.3312392700884,7.27405739,14.770960390205099,7.441257242666667,0.29175913103161355
Barbados,2021,66.67,23.730965784299602,17682.73145374831,69.9320099057864,5.66,2.8810000000000002,97.3330327442074,7.93866014,15.2621067424193,6.315928857520998,0.2673324850826687
Belarus,2000,60.21,27.800337592823897,5795.652235738624,81.9372416838492,11.7,3.2998,91.91368717934459,5.28088045,13.5188087891952,0.6557541331481577,0.14447138442401536
Belarus,2001,59.9,26.825169286119,6238.098623727567,82.0700672096364,11.68,3.4196363636363634,91.89504069471208,5.7064805,13.7526369569931,-0.13906249999999998,0.1272189052823564
Belarus,2002,59.56,25.370886439225803,6697.1543619360555,82.1970555268658,11.11,3.5394727272727273,91.8772136566358,5.62404203,14.028167156777402,1.439222346116615,0.16147753205438528
Belarus,2003,59.95,23.800594448274804,7361.721610710257,82.32479171664929,10.55,3.659309090909091,91.85928162974791,5.77103186,14.2966415018642,2.476827974112554,0.1840000469435912
Belarus,2004,60.3,22.4773987093966,8482.920206985029,83.386099762371,9.98,3.7791454545454544,92.3080167229921,5.73650646,14.538497893856402,2.6163792069482406,0.18702917924062715
Belarus,2005,60.24,21.764404618722,9636.891123857631,84.4301400017998,10.4,3.8989818181818183,92.7606037607482,6.07036304,14.7034003515884,1.1287106450543822,0.15473749111613955
Belarus,2006,60.73,21.555661490259,10994.598129104086,85.4615062456089,10.47,4.018818181818182,93.21640382398131,5.57366323,14.7876423443875,1.1923930590598293,0.15611979676186785
Belarus,2007,61.45,21.449293067481,12320.024026428206,86.4958523569778,10.53,4.138654545454545,93.67357069953621,5.6917243,14.7505835822537,0.7296182231777778,0.14607469595450784
Belarus,2008,61.6,21.364516390716,13886.131407256573,87.53244860167308,10.44,4.258490909090909,94.13254793183408,5.29448891,14.522982555592899,14.692018018037691,0.44914587134524964
Belarus,2009,61.73,21.220548500292,14034.191120449892,88.5394572054353,10.4,4.378327272727273,94.59705850718491,5.3906498,14.2317086267164,0.7587403722333335,0.14670682825796907
Belarus,2010,61.66,20.9366064365372,15339.099903597224,89.51802170844091,10.61,4.498163636363637,95.06665474529991,5.65694332,13.945486824726201,1.1761526525787545,0.15576727863079023
Belarus,2011,61.84,18.6953550823705,16563.20140782093,90.4892977378628,10.42,4.618,95.5392069475239,4.87452745,13.742757503508802,0.41273233640000023,0.13919629542297213
Belarus,2012,63.09,18.0675396231787,18114.75086067077,91.43804673628479,10.45,4.697,96.0160380409651,5.24538946,13.739775854078697,1.0987819487417063,0.15408785170581882
Belarus,2013,63.5,18.9735248940446,19014.052973769754,92.3654900678202,10.24,4.718999999999999,96.4967422557482,5.69563103,13.8439326604506,-0.5376630181123885,0.11856678750098812
Belarus,2014,63.97,19.397471375821898,19037.88474401856,92.4630578705328,10.08,4.877,96.9807658359305,5.38792181,14.0572639870913,0.9071319437383067,0.14992785105167591
Belarus,2015,64.47,17.6059281150121,18133.53130858829,92.5380888055014,10.02,5.051,97.4677528685491,6.06528044,14.313766845822101,0.5628401370866614,0.14245457109605328
Belarus,2016,64.62,15.831943481968802,17832.47788558155,92.59894871150878,9.84,4.277,97.9567271053164,5.91054153,14.5402754703135,1.4231731696428571,0.16112916480739198
Belarus,2017,64.93,15.777513229353199,18413.747563366982,92.65029716669771,9.78,4.33,98.4471393205969,5.75974846,14.797647947019,0.6623726148088355,0.1446150467632747
Belarus,2018,65.06,16.9825400264261,20025.9815543598,92.7051848633101,9.71,4.386,98.9391988814901,5.52699471,15.0511533137392,1.96010747024931,0.1727839886187192
Belarus,2019,65.44,15.6177925850738,22301.593241183924,92.7745621864769,9.69,4.434,99.4338632205589,5.86133814,15.3719450417652,1.962779156896359,0.17284198088539923
Belarus,2020,63.9,14.6089903841381,24872.30667445284,92.8444536646282,9.69,4.47,99.59400492969759,6.40607214,15.733785808149399,2.148259403777778,0.17686805930028685
Belarus,2021,63.71,14.6089903841381,27611.180113515707,92.9130662378659,9.69,4.47,99.65912195710659,6.56549978,16.0697691637937,2.9562545102203157,0.1944065935220083
Belgium,2000,67.21,19.4896989178456,27788.090883225625,99.75393346473749,6.71,2.825,99.484629951934,7.99917603,16.8052483305967,5.726233013127363,0.25453240663560917
Belgium,2001,67.4,19.0777373545756,28796.57958044622,99.753935429098,6.61,2.842,99.4847964563623,8.14988899,16.899389905000998,1.457125,0.16186613132347716
Belgium,2002,67.41,18.5922693848995,30282.288645028253,99.75394009831508,6.52,2.852,99.4849653278491,8.3182106,16.979837264647802,6.479625954558341,0.27088573325891874
Belgium,2003,67.47,18.108500265202398,30934.582645457747,99.753934980427,6.51,2.85,99.48512416295272,9.16443443,17.0709725854981,6.432651323555618,0.26986609073036266
Belgium,2004,67.92,17.70163525187,32063.98269498654,99.7539383311245,6.46,2.859,99.48529115088509,9.32808685,17.1755814921989,6.147687008955211,0.2636805874473127
Belgium,2005,67.94,17.446879601287502,33177.89094581582,99.7539426318408,6.41,2.86,99.48545880073651,9.22216892,17.2201996099681,6.110016795322442,0.2628629088182344
Belgium,2006,68.19,17.3306080027794,35258.985063203036,99.7539408681583,6.33,2.8760000000000003,99.48562011196579,9.12786484,17.1587511616051,5.8260210374152575,0.25669842925744996
Belgium,2007,68.4,17.2634972753458,36799.531868634316,99.75393879452271,6.25,2.897,99.4857808585944,9.13448715,17.0787754073517,5.730487940840658,0.25462476510995574
Belgium,2008,68.38,17.2072058698858,37883.33194178194,99.7539370495517,6.24,2.9160000000000004,99.48594167006641,9.59315872,17.0686641068395,5.7073857082149075,0.25412330254629145
Belgium,2009,68.55,17.1233922372982,37885.90591256016,99.753939498954,6.15,2.924,99.48610640416891,10.31897831,17.099325155504697,5.497221638167356,0.2495614311867805
Belgium,2010,68.57,16.9737148284819,39844.40543864959,99.7401516126768,6.13,2.925,99.48612363875161,10.20009708,17.1172634557158,5.463451691070713,0.2488284126720671
Belgium,2011,68.8,16.3662739599691,41244.84950352129,99.7263646665057,6.1,2.938,99.48613321735279,10.361398699999999,17.251060514158798,5.267180962878816,0.24456811349987084
Belgium,2012,68.78,15.2150084633195,42483.525066678776,99.7125788497521,6.03,2.9539999999999997,99.48614354793709,10.50250053,17.4894292316249,5.119875211914254,0.24137065978542546
Belgium,2013,69.0,14.369787308176802,43864.120419683815,99.6987896332682,5.96,2.972,99.4861501236866,10.57460022,17.7203816464754,5.384555840547427,0.247115880549878
Belgium,2014,69.48,12.9003587052878,45147.642953405666,99.6850059237278,5.87,2.984,99.48616184430759,10.6084671,17.9621509816265,5.145430936411895,0.2419253784280125
Belgium,2015,69.36,13.339042939977501,46084.24245517168,99.6712131462434,5.85,3.025,99.4861641764678,10.79679203,18.163709466889898,5.125563703450036,0.24149413553753682
Belgium,2016,69.64,12.3939007132505,48414.55180656812,99.65742641447831,5.77,3.0780000000000003,99.4861721928964,10.79323006,18.356666180316,4.385043396734303,0.22542022538924908
Belgium,2017,69.73,12.769157787635901,50256.06317727839,99.64364522274728,5.66,3.08,99.48618541852171,10.80117512,18.584903433857,4.440448546700589,0.22662286277033625
Belgium,2018,69.83,12.4925874999047,52466.733078459896,99.629850517228,5.61,3.1239999999999997,99.48618487337059,10.86121368,18.8086209996758,4.415970654638543,0.22609153981530503
Belgium,2019,70.1,11.214379183550598,56712.469571978036,99.6160672547222,5.56,3.157,99.48619542892028,10.75969219,19.029838081816003,4.6730887680836695,0.2316726068239114
Belgium,2020,69.33,11.2160664677018,56120.09584204656,99.6022807755937,5.52,3.208,99.4862025266725,11.26481915,19.224020193227002,5.284905614047994,0.24495284899965294
Belgium,2021,69.79,11.2160664677018,60669.21377465312,99.5884914136541,5.48,3.241,99.486206436114,11.04724503,19.4520520478909,5.600542731062568,0.2518041434372874
Belize,2000,61.6,27.200676096535602,7543.734471785254,69.9320099057864,1.9,1.044,83.9950793415802,3.09182477,3.96347160910137,11.41527778,0.3780201673127799
Belize,2001,61.96,26.9932961587769,7851.621628566768,69.9320099057864,1.6999999841,1.0132222222222222,83.99812365000071,3.58663416,3.98464440360176,11.773194446666666,0.38578919172493975
Belize,2002,62.49,26.5202776749369,8153.663926232848,69.9320099057864,1.4999999682,0.9824444444444445,84.0010582579802,3.69127417,3.97643047008205,12.131111113333333,0.3935582161370997
Belize,2003,62.84,25.9062363191074,8849.64628939549,69.9320099057864,1.2999999523,0.9516666666666667,84.00387922448292,3.64453149,3.96845856395481,12.198333335555555,0.3950173577030621
Belize,2004,63.01,25.2757877653807,9244.911661564853,69.9320099057864,1.3,0.9208888888888889,84.0065922016108,3.53016114,3.96630700232067,9.476301910666667,0.33593229528454344
Belize,2005,63.29,24.753547687848602,9466.1427445401,69.9320099057864,1.2,0.8901111111111111,83.9996958672325,3.55393219,3.96917747617796,8.579722223333333,0.3164709230516977
Belize,2006,63.46,24.258900252834703,9909.680144407768,69.9320099057864,1.3,0.8593333333333334,83.9933189485274,3.56430817,3.9735513419724,7.22990051142857,0.2871713714842429
Belize,2007,63.8,23.6963824128613,10225.986730897983,69.9320099057864,1.2,0.8285555555555556,83.9874657603305,4.07201815,3.97534616683553,6.701003062923077,0.2756909974987669
Belize,2008,64.17,23.1683390213192,9975.08124355363,69.9320099057864,1.14,0.7977777777777778,83.98212236165871,4.5307498,3.97931407224633,5.7913802746666665,0.25594650861079205
Belize,2009,64.27,22.777114931599,9727.988685093618,69.9320099057864,1.11,0.767,83.977302195762,4.52340269,3.9902243661512298,6.341003717890111,0.2678767659739538
Belize,2010,64.22,22.6250549970911,9747.825621945905,69.9320099057864,1.12,0.894,83.97299754809801,4.49390221,3.98694749332542,5.5905755137142865,0.2515877926436201
Belize,2011,64.39,25.0167214312121,9721.880845599879,69.9320099057864,1.09,1.021,83.97089847596091,4.54752827,3.9734431618891697,5.390870974523809,0.24725295835205324
Belize,2012,64.64,23.7091047742089,9303.378574552253,69.9320099057864,1.08,1.148,83.97147543658741,4.36309099,3.9768071910865004,6.559980786322344,0.2726299343754064
Belize,2013,64.75,26.8732782139428,9525.830890305782,69.9320099057864,1.08,1.1436,83.9751251055118,4.44159889,3.99543947053365,7.1705833371428565,0.28588381877154606
Belize,2014,64.69,26.766330789615,9489.912213713847,69.9320099057864,1.03,1.1392,83.9821211094783,4.89683533,4.02797182755483,5.553528675611451,0.25078364515226476
Belize,2015,64.76,27.556674821202304,9538.386911460088,69.9320099057864,0.96,1.1347999999999998,83.99295672443391,4.66880131,4.076102971097259,5.4748563801706895,0.24907596556994127
Belize,2016,64.82,25.608806996967,9399.03567052789,69.9320099057864,0.94,1.1303999999999998,84.00803551997309,4.78280401,4.1311470914849,6.426556215000001,0.26973378885237426
Belize,2017,64.95,26.1751165590281,9120.65338346029,69.9320099057864,1.04,1.126,84.027602259463,4.63350248,4.19438292718545,5.214865106755258,0.24343253306671517
Belize,2018,64.96,26.747410296996698,9497.234804434182,69.9320099057864,1.03,1.081,84.0520275827063,4.76723623,4.27416290027129,4.498874339182168,0.22789106693729091
Belize,2019,65.19,26.1465334719171,10499.96207319896,69.9320099057864,1.03,1.081,84.08391530382991,4.84424496,4.37513040120157,6.033474261954595,0.26120145835871394
Belize,2020,64.97,28.6518070195516,9638.89513695889,69.9320099057864,1.03,1.081,84.1193982319828,5.35447645,4.48553842453459,7.74880437,0.29843482222642326
Belize,2021,63.82,28.6518070195516,11716.326781865551,69.9320099057864,1.03,1.081,84.1586414948366,5.05842113,4.59849777347213,9.307696490608944,0.3322725058797912
Benin,2000,49.89,60.5959598706697,1671.3572517285436,14.2088560346699,0.5,0.039,8.52812393636387,2.9591713,3.16257337862881,8.5179625,0.31513035178762816
Benin,2001,50.17,58.959710775615996,1745.9825622769552,14.312765621804301,0.5,0.039,8.93975126867492,3.30417323,3.13676702308318,0.7378,0.14625229155087577
Benin,2002,50.47,55.0537524641043,1799.8826963949894,14.4318837428151,0.5,0.039,9.37391256843619,3.09589195,3.11300616324057,8.142525185185185,0.30698102001384825
Benin,2003,50.77,50.38184649863,1841.6029728387384,14.5761634152359,0.5,0.039,9.838773319290821,3.11678505,3.09230804226425,9.040765666666667,0.3264784418400272
Benin,2004,51.11,46.4477544416886,1915.346443463812,14.720905271853098,0.5,0.039,10.3155921363995,3.23273873,3.07660997654887,5.753070003129631,0.2551149367324003
Benin,2005,51.4,44.755237855775796,1945.564140522958,14.8656633388753,0.5,0.0445,10.8039533008181,3.22345805,3.06525755228356,3.751545399448973,0.21166936697910482
Benin,2006,51.68,44.7014244507525,2020.6056773472208,15.010659621466901,0.49,0.05,11.3039620341641,3.28773856,3.0582434033241004,23.586714300792675,0.6422162673204896
Benin,2007,51.94,44.682145465191205,2135.5378787372133,15.1561130258688,0.48,0.0555,11.8157291558234,2.93715644,3.0563429469099104,4.214185171888888,0.22171153606722158
Benin,2008,52.48,44.6992177546544,2215.3516385954167,15.3018002385903,0.47000000000000003,0.061,12.3390077692944,2.65178108,3.0576316800647003,4.106011952811464,0.21936350241016614
Benin,2009,52.96,44.7544581747048,2213.328956208093,15.4472801845172,0.46,0.0575,12.873360074496901,2.88892651,3.06062207980442,4.1608086438709675,0.22055293243730525
Benin,2010,53.24,44.849683580904795,2220.328546114892,15.592992929152901,0.45,0.054000000000000006,13.419075793487401,3.00988984,3.0637865803098,4.619270360388751,0.23050441164848304
Benin,2011,53.5,47.392759069621,2264.8418692638447,15.738938220873,0.49,0.055999999999999994,13.976084386014199,2.99707985,3.0634637798804403,3.6870023881582634,0.21026838100373296
Benin,2012,53.76,51.56281882125071,2346.084162045469,15.885113036524501,0.48,0.05399999999999999,14.544312313408598,3.07562971,3.0579821973354195,4.683173594861868,0.23189151047587572
Benin,2013,54.07,42.0881252510416,2511.653095883325,16.0310769426454,0.47,0.052,15.1233051054282,2.86880755,3.052923551384,21.147639674891067,0.5892731325729897
Benin,2014,54.33,42.011259687274396,2670.4156139918728,16.1783692307569,0.46,0.049999999999999996,15.714330227707501,2.69111967,3.0463045637292896,22.06216409690386,0.6091240174907093
Benin,2015,54.58,66.6561284323416,2725.3372481714405,16.3265464367095,0.44,0.048,16.3169481534553,2.72813416,3.03762600146945,21.04204915562575,0.586981159613181
Benin,2016,54.9,59.47934062426211,2842.024625837605,16.4756055808428,0.43,0.046,16.9310972411709,2.79549599,3.03144387791543,20.053124764685897,0.5655153312499901
Benin,2017,55.2,58.38795872393829,2885.893839877211,16.625542240415403,0.44,0.061,17.5567124078682,2.66813827,3.02784602376455,20.902657119893483,0.583955482886388
Benin,2018,55.53,54.056267935275706,2965.3062814366417,16.7763550923899,0.46,0.076,18.1937303852969,2.88632035,3.02828051946374,17.886578179976862,0.5184877550729857
Benin,2019,55.87,46.562527529387395,3148.979695978385,16.9280406391786,0.42,0.062,18.8420840944928,2.50914454,3.03327124628391,20.497603476027724,0.5751632920204675
Benin,2020,56.07,51.0478241974862,3244.58772756805,17.080594978814098,0.47,0.137,19.501704357901,2.7123611,3.0399645176738,20.058074676509122,0.5656227752149522
Benin,2021,55.72,51.0478241974862,3464.2886286745,17.2335784921348,0.45,0.212,20.1721169387367,2.58129549,3.04703492033387,15.308334636250425,0.46252378664913196
Bhutan,2000,57.24,32.573840359232996,3113.045439263996,28.4402757427527,1.74,0.182,44.05193139988621,4.13867903,3.7616672502735096,-0.8523583266666666,0.11173593618210463
Bhutan,2001,58.24,32.916006985668105,3338.492468934477,28.8491194019304,1.7,0.182,44.4113711801723,4.60037947,3.9609885157774003,0.43916666666666665,0.1397700852916403
Bhutan,2002,58.8,33.3441824485286,3662.809071775987,29.256945874603602,1.65,0.182,46.6649669760176,3.95161104,4.15961666120817,-1.4572948651282045,0.09860503959971062
Bhutan,2003,59.27,33.751263035198,3942.281445800493,29.663531172319,1.72,0.182,48.8831966104405,3.83481455,4.355510390668431,-1.2121410256410259,0.10392640722823854
Bhutan,2004,59.71,34.030145033059895,4172.782171198494,30.068810215989398,1.71,0.182,51.0646518155056,4.26397753,4.54496195110404,0.7297718854166664,0.1460780313836631
Bhutan,2005,60.14,34.0737247294978,4523.35970644529,30.4651145866768,1.63,0.19166666666666668,53.1957068456674,3.83308983,4.69219199369056,1.22888235377451,0.15691184208364906
Bhutan,2006,60.64,33.1496223788183,4860.270171511018,30.794452935718798,1.68,0.20133333333333334,55.190216022225705,4.08523893,4.78168215688891,1.7614324626143791,0.16847150158430196
Bhutan,2007,61.09,31.1047418968965,5728.915694710218,31.121297279099803,1.7,0.21100000000000002,57.1569433731048,3.83774948,4.85344976209808,1.3300616884481795,0.15910806482009376
Bhutan,2008,61.47,28.700905063469,6035.217411478545,31.4455651682534,1.69,0.248,59.0952861405735,3.14842224,4.9329680200305495,5.005016072261904,0.23887749994397603
Bhutan,2009,61.8,26.6999336582723,6466.097449158297,31.7667234800423,1.7,0.25325,61.0391347142958,3.29665017,5.02076404779333,3.81033785991342,0.21294553012862538
Bhutan,2010,62.2,25.8636494610431,7245.772635224038,32.0850118680958,1.68,0.25849999999999995,62.9550752421624,3.29502344,5.11486078172033,4.23337821020202,0.22212814472807813
Bhutan,2011,62.54,30.4700767007183,7935.4676097308775,34.8434070303716,1.79,0.26375,64.8429159627493,3.08310628,5.21210865308574,3.8736189205194806,0.2143191239018757
Bhutan,2012,62.83,38.1315714688966,8577.407319010037,37.589267007452605,1.77,0.26899999999999996,66.7004803420863,3.32087612,5.31020334472127,4.271139826363635,0.222947807362217
Bhutan,2013,63.06,37.4162437152675,8666.910635900686,40.32135729145671,1.75,0.27899999999999997,68.52808439504929,3.40428138,5.41099696252308,3.3666665414057975,0.20331509481930507
Bhutan,2014,63.23,40.2981530542455,9323.39448941386,43.705398260625294,1.73,0.331,70.3262594115748,3.28293824,5.51675363283522,3.924761030642247,0.21542922672478557
Bhutan,2015,63.38,37.4856911286561,10213.813960892168,47.1015350934665,1.72,0.33799999999999997,72.0956866215508,3.48926425,5.63326843257928,3.3623036026666666,0.20322039183190654
Bhutan,2016,63.56,36.9416122831151,11273.282380767569,50.5087051958646,1.7,0.39899999999999997,73.8369686889029,3.32710075,5.7625296510337405,2.9768195969761906,0.19485298419314565
Bhutan,2017,63.8,33.8115150358203,11677.41426599743,53.9260036672079,1.69,0.31,75.5507698570494,3.1345315,5.836667950358889,2.1326998671428568,0.17653032029225352
Bhutan,2018,63.98,34.0838819368766,11969.561500330537,57.268297877711404,1.72,0.42,77.2378421749847,3.06896734,5.86666298128749,4.249338623280423,0.222474585255671
Bhutan,2019,64.13,30.051897764158,12909.100984039864,60.592227497923794,2.08,0.335,78.8989372535781,3.37511158,5.927965126617369,3.4600727030256406,0.20534259121009638
Bhutan,2020,64.47,23.945657636922302,12475.04800342798,63.618934695115605,2.12,0.484,80.53478038112229,4.08451509,6.01800505450607,3.475930584807692,0.20568680616895058
Bhutan,2021,64.8,23.945657636922302,13458.812666742977,66.6162112124998,2.2,0.56,82.1461906791953,3.0729053,6.126638824463219,5.480024600185185,0.24918814818449786
Botswana,2000,41.31,19.7205372229834,9380.376072539715,59.19699332827479,2.07,0.289,53.7395555164228,6.10838556,3.3422907416763903,7.722384036051281,0.29786133616516597
Botswana,2001,40.91,19.8390729796528,9419.793907437854,59.6028572100646,2.1,0.29,54.745140433401794,6.3660779000000005,3.3612419652691696,1.0590000000000002,0.15322433525151116
Botswana,2002,41.09,19.9863544347096,9957.740559351494,59.82907242788671,2.14,0.299,55.6040876882088,6.66529799,3.38152040750532,6.947043916841269,0.2810316188737959
Botswana,2003,42.15,20.1595337663207,10438.758033344853,60.028243881997604,2.03,0.28800000000000003,56.43226293016271,6.40933847,3.4004763657220503,7.739545457619047,0.2982338460690747
Botswana,2004,44.03,20.3557631526527,10818.15865031668,60.22643800192229,1.99,0.385,57.2488048403831,6.09125996,3.41331026934182,7.226673264981483,0.28710132010422473
Botswana,2005,46.1,20.572194771872198,11458.227096796849,60.422066360680006,2.1,0.24600000000000002,58.052437522024896,5.26532936,3.41925030858041,5.98051455957192,0.2600519024453121
Botswana,2006,47.53,20.850477938446698,12562.96499327229,61.6906773839498,2.1,0.306,58.844120599031896,4.87599421,3.41880159497129,6.668046889818183,0.2749756429561361
Botswana,2007,48.29,21.207057546014603,13388.737913847524,63.508970381148394,2.11,0.36,59.994910323166295,5.52080727,3.4146853209055497,6.761492297916666,0.27700399124034014
Botswana,2008,48.7,21.601279141498498,13810.355526135994,65.3049644557537,2.11,0.35700000000000004,61.1111581446206,5.89747286,3.40871823445534,6.025781408291486,0.26103447544488523
Botswana,2009,49.4,21.9924882718209,11686.184663965725,67.07312542623029,2.23,0.33799999999999997,62.188947202120296,6.62081194,3.40266834382141,6.631817516623377,0.27418923955277114
Botswana,2010,50.08,22.3400304839044,12753.306634011746,68.816174318534,2.4,0.392,63.2298770256248,6.26718187,3.3985855663034505,6.706396488219697,0.27580806847281475
Botswana,2011,50.75,22.676852052625105,13635.426766614584,70.5322558065773,2.48,0.384,64.2325786938522,5.86915016,3.3981349237256495,5.854268556952381,0.25731157664427246
Botswana,2012,51.85,22.702553769979,12736.583389100439,70.44698256076009,2.43,0.377,65.037275052661,6.35010576,3.40830113014861,6.554867941554295,0.27251895374913804
Botswana,2013,52.6,21.234133480104603,13621.149472669544,69.87543718206939,2.5,0.371,65.7908304969597,6.49913645,3.43325084406492,26.17491535330954,0.6983963758017419
Botswana,2014,53.23,21.1021511668115,15003.319751834926,69.30036073153221,2.47,0.365,66.52149368556421,5.8804059,3.4853115314422705,23.381108599691565,0.637753341003003
Botswana,2015,53.78,22.0461450923733,14143.694073372764,68.72161530313721,2.49,0.359,67.2288878869323,6.10287762,3.56111112876162,25.628456444370595,0.6865348085734607
Botswana,2016,54.54,21.2522533064009,16228.123123566398,68.1393048314429,2.44,0.353,67.91296159840921,5.76837635,3.6396944570047403,24.576778731844225,0.66370684166587
Botswana,2017,55.32,19.9663232166838,15700.665047964108,67.55307673830801,2.39,0.365,68.57314435664449,6.62986994,3.7146845236808503,21.398172349108968,0.594711254469267
Botswana,2018,55.72,19.9110410814922,15785.819633780991,66.9608403591373,2.35,0.377,69.2069921595304,6.04010344,3.7839567038298196,19.30479514338142,0.5492719102592841
Botswana,2019,56.05,19.2035484352255,15960.01561439028,66.3629580239711,2.3,0.368,69.8150599678289,6.12193203,3.8455535244671806,21.984332231155967,0.6074345804754656
Botswana,2020,56.3,18.9057549925814,15292.262467325198,65.7593518676202,2.26,0.402,70.3974291175514,6.1213398,3.89045407158014,26.961343595223262,0.7154667745253916
Botswana,2021,53.1,18.9057549925814,17960.625444743728,65.14994439597089,2.22,0.392,70.95423504539541,6.30754805,3.86903194145347,20.687711614115393,0.579289824544109
Brazil,2000,60.92,15.5723815602196,9091.768513492714,75.7844900976305,2.78,1.8430000000000002,73.3661541884085,8.33457184,5.153056002337321,3.6693738438917585,0.20988573162327015
Brazil,2001,61.14,15.5528127146329,9303.645292086658,76.3258234013679,2.75,1.8430000000000002,74.2359273551558,8.54963303,5.257889533516121,1.180875,0.15586978302864363
Brazil,2002,61.3,15.5176007943732,9616.594854862677,76.8492322571614,2.56,1.8430000000000002,75.08675216107899,8.69686985,5.37057950468513,4.156155826216425,0.2204519372691279
Brazil,2003,61.49,15.470771567069301,9801.962124550504,77.3650030496501,2.4,1.8430000000000002,75.9322033943991,8.18899441,5.4937771563509905,3.824185586728933,0.2132461121850146
Brazil,2004,61.64,15.416350800350099,10525.711378245376,77.785338760226,2.45,1.8430000000000002,76.7719281688316,8.12491989,5.629810838576981,4.065900402429109,0.2184928315441449
Brazil,2005,62.13,15.3583642618445,11081.247473573596,78.0418944913067,2.5,1.8430000000000002,77.60604428767451,8.03539562,5.77510511688269,3.9816437392354715,0.21666393634534117
Brazil,2006,62.33,15.250386346912501,11750.531243766773,78.29343164136401,2.45,1.8430000000000002,78.4350490232115,8.24952507,5.93003018639837,17.926329724968447,0.519350611576252
Brazil,2007,62.61,15.087308636092802,12672.505115807793,78.54003060957109,2.47,1.8430000000000002,79.25902928561409,8.20182991,6.09660384979617,3.577729525917829,0.2078964782302777
Brazil,2008,62.83,14.9351326747822,13445.245469844209,78.7817724970247,2.57,1.8430000000000002,80.07807475033671,8.01128483,6.2742300835734595,3.667283757801642,0.20984036371679946
Brazil,2009,63.02,14.8598600083774,13390.68313132855,79.0182471981314,2.55,1.8430000000000002,80.8914821354002,8.39480495,6.46425536224823,22.677167193855365,0.6224734211892523
Brazil,2010,63.15,14.927492182275099,14451.71583881094,79.25003827629129,2.55,1.8430000000000002,81.7001428038359,7.94516611,6.6668860931506595,3.7262128026294663,0.21111949159904198
Brazil,2011,63.25,15.539471795948,15211.792039004697,79.479277019945,2.51,1.8430000000000002,82.5075308980562,7.78819132,6.882000292757139,3.646365044024063,0.20938629713330517
Brazil,2012,63.48,14.6007414104339,15198.086330970971,79.7038711835706,2.47,1.8595000000000002,83.3102185091362,7.73637724,7.11476668920292,3.703825020978872,0.21063353707840615
Brazil,2013,63.63,13.889732040945301,15722.333524370082,80.4663380845948,2.45,1.876,84.1075664930758,7.9766016,7.37028483055902,3.079066391649056,0.1970723774705713
Brazil,2014,63.82,13.7916487838641,15827.308162574875,81.22777241209259,2.44,1.9465,84.9007604089727,8.39644146,7.653575870234469,4.271870941724528,0.2229636771263713
Brazil,2015,63.91,12.404200764238901,14821.438317518336,81.9877409568831,2.35,2.017,85.6891694067484,8.90929985,7.956807323557721,2.6343843598736205,0.18742000337833695
Brazil,2016,63.8,12.1085038135727,14309.206148834231,82.73407635637959,2.32,2.0875,86.4725409994878,9.16901684,8.268573952685571,3.338459413133478,0.2027028241748965
Brazil,2017,64.14,12.2193388464901,14559.048889788395,83.502874805376,2.3,2.158,87.2513460581389,9.47125053,8.5916529152697,2.111940366426557,0.17607970962538733
Brazil,2018,64.4,12.2516401526844,15463.742639374306,84.2578908584448,2.26,2.2305,88.0250303307035,9.46475029,8.92785021515533,3.070917372054728,0.19689549291039388
Brazil,2019,64.53,12.3488400923542,16069.838015161047,85.01148407121809,2.24,2.303,88.7943635272571,9.61449146,9.27307434876159,4.26205767452519,0.22275066801130342
Brazil,2020,63.27,12.179325204072402,16101.618306295422,85.7419162623334,2.43,2.2225,89.5591441286736,9.62326527,9.59866487647293,3.4699182037563645,0.2055562999938736
Brazil,2021,61.83,12.179325204072402,18075.70600487568,86.4345900524448,2.46,2.142,90.31980162898121,9.63646507,9.91109990998152,5.536001692861669,0.25040320029027296
Brunei Darussalam,2000,66.29,7.152370716552791,73086.93182575211,69.9320099057864,2.77,1.006,72.71484657747258,2.5479064,2.7911550621277796,-0.8263089293333336,0.11230137060484191
Brunei Darussalam,2001,66.45,7.144199984433769,74253.88178398501,69.9320099057864,2.66,1.0785,73.9314819787646,2.5465107000000002,2.83190088346908,-0.7358336401212122,0.11426524878110136
Brunei Darussalam,2002,66.63,7.16359869799834,76838.17576529285,69.9320099057864,2.6,1.151,75.14811738005659,2.53447938,2.8778385117274703,-0.6453583509090908,0.11622912695736083
Brunei Darussalam,2003,66.79,7.188945189918161,79632.17223362635,69.9320099057864,2.64,1.2175,76.3647527813482,2.60260582,2.93275097580466,-0.026166425999999965,0.12966945435320998
Brunei Darussalam,2004,66.94,7.19861779286489,80403.75790939867,69.9320099057864,2.62,1.284,77.5813881826402,2.55193377,3.0026026428797103,-0.029407169333333406,0.12959911000656446
Brunei Darussalam,2005,67.08,7.17099483951018,81534.17153993004,69.9320099057864,3.15,1.064,78.79802358393229,2.23386168,3.08888861027178,0.04002675621212135,0.1311062593316254
Brunei Darussalam,2006,67.17,7.04449810766191,86114.33706276378,69.9320099057864,2.85,1.07,80.0146589852238,1.9072516,3.18445137627258,0.07070857439393952,0.13177224618460978
Brunei Darussalam,2007,67.24,6.8203931157909405,83693.32137477293,69.9320099057864,2.81,1.038,81.2312943865159,1.94145441,3.27471031149519,0.1388903925757577,0.13325221696901954
Brunei Darussalam,2008,67.29,6.57132380756337,80476.72475758115,69.9320099057864,2.92,1.4669999999999999,82.44792978780791,1.87612021,3.34812979594646,0.060834613666666607,0.1315579196413691
Brunei Darussalam,2009,67.41,6.36993412664528,77957.1442764098,69.9320099057864,2.87,1.14,83.6645651890999,2.39306617,3.40080919074431,-0.7548910413492067,0.11385158429111968
Brunei Darussalam,2010,67.48,6.28886801670278,79542.677943168,69.9320099057864,2.79,1.421,84.8812005903915,2.27826095,3.4348459977773897,-0.581943628809524,0.11760562201882356
Brunei Darussalam,2011,67.48,7.22534325195967,82735.39144805614,69.9320099057864,2.82,1.514,86.0978359916835,1.86409724,3.4837007074565203,-0.6424405486507938,0.11629246146811631
Brunei Darussalam,2012,67.41,7.641740713591111,87256.0422369454,69.9320099057864,2.7,1.466,87.3144713929755,1.85097206,3.5914847869532402,-0.3509546743650795,0.12261952327894421
Brunei Darussalam,2013,67.34,7.81045226819353,83237.1470879654,69.9320099057864,2.76,1.5930000000000002,88.5311067942671,1.8983139999999998,3.751440897661,4.705571284444444,0.2323776800604429
Brunei Darussalam,2014,67.21,8.03840256929202,81225.54854497932,69.9320099057864,2.69,1.486,89.7477421955591,1.91436803,3.9403671981197403,4.326699851428572,0.22415380649908231
Brunei Darussalam,2015,67.11,7.76801290951484,62707.8264437741,69.9320099057864,3.07,1.754,90.96437759685111,2.38708901,4.15680292933755,3.3728838320000007,0.2034500488097233
Brunei Darussalam,2016,67.0,7.7080937271342505,56679.518522140745,69.9320099057864,3.11,1.6705,92.1810129981427,2.54828691,4.40308351498255,1.8174976538333332,0.16968846597802248
Brunei Darussalam,2017,66.96,7.23064895379441,61657.68027254438,69.9320099057864,3.36,1.587,93.3976483994347,2.27022862,4.67856053533962,1.854959110499999,0.17050161327867458
Brunei Darussalam,2018,66.94,7.49485587718805,65148.82640355215,69.9320099057864,3.45,1.778,94.6142838007268,2.41289377,4.975908471606941,3.6708900901904764,0.20991864362655652
Brunei Darussalam,2019,67.08,7.94585811311948,69353.67995148485,69.9320099057864,3.7,1.823,95.83091920201879,2.2277422000000002,5.28835727839523,3.4977114676666665,0.2061595871998696
Brunei Darussalam,2020,67.08,7.5972650343213495,69787.96327957169,69.9320099057864,3.88,1.868,97.0475546033103,2.45178461,5.61350101195006,4.3347081549999995,0.22432763664375216
Brunei Darussalam,2021,67.1,7.5972650343213495,78248.79712761099,69.9320099057864,3.87,1.913,98.26419000460241,2.14642429,5.92302098310792,7.385565299,0.29055026843815984
Bulgaria,2000,62.76,25.0224930451213,6422.789329264799,89.5960945548963,7.48,3.3989999999999996,85.82707584243059,5.82970953,16.583260624513198,2.780917376562848,0.19060068393855867
Bulgaria,2001,62.9,25.147897159306304,6961.0399683432815,90.1266638649239,7.09,3.384,85.8352608493331,6.85958815,16.8018233571951,0.9250625000000001,0.1503170559764369
Bulgaria,2002,63.15,25.3023954576219,7786.4217453019755,90.6575778752155,6.4,3.472,85.8462388142112,7.080986500000001,16.994279721582803,3.918481573753835,0.215292923337979
Bulgaria,2003,63.32,25.453239825657395,8417.47073315879,91.188706427775,6.21,3.553,85.8571204076455,7.19987392,17.1203407509562,4.7186151050000005,0.2326608123360861
Bulgaria,2004,63.47,25.5676821490025,9201.739738405344,91.72007084486341,6.07,3.484,85.8679758462279,6.89090872,17.2259508118662,5.21128911541958,0.24335491174708426
Bulgaria,2005,63.51,25.612974313246603,10291.445877620312,92.2516589688999,6.35,3.605,85.8787353292987,6.89011478,17.3371204434747,4.079968523996891,0.2187981975415186
Bulgaria,2006,63.64,25.333927050945302,11408.049515587463,92.7834809936946,6.14,3.617,85.88940581211241,6.52544546,17.4502054502091,23.5093374152185,0.6405367062132599
Bulgaria,2007,63.9,24.668794373513897,12822.313048948809,93.3155413751078,6.32,3.612,85.9000132510858,6.15651751,17.5726463867662,24.57924530949129,0.6637603817877453
Bulgaria,2008,64.16,23.8749930848315,14346.875879501416,93.84784807531021,6.45,3.577,85.9105606214377,6.28281593,17.7279116045502,23.523935322684192,0.6408535718695134
Bulgaria,2009,64.43,23.2099399887774,14180.728070565263,94.3803877130957,6.55,3.661,85.92100848385599,6.59577608,17.909514428496802,3.6158973494356923,0.20872495809803826
Bulgaria,2010,64.52,22.9310518892306,14955.915778827517,94.91318844416979,6.45,3.6710000000000003,85.9314028069197,7.09477949,18.1472285711578,23.175504653637844,0.6332904527809929
Bulgaria,2011,64.85,26.1914143794342,15747.4201648316,95.44623767190392,6.28,3.755,85.94170672626508,7.10250568,18.519083607440397,3.379413365890204,0.20359178042749193
Bulgaria,2012,65.04,23.086381161006102,16327.28773713652,95.9795754144839,6.45,3.78,85.95203680372342,7.53903675,18.949268031280802,3.5047243152620204,0.20631180974003369
Bulgaria,2013,65.43,21.490052956786,16893.816688792675,96.51321934784842,6.66,3.864,85.96239806218071,7.14167452,19.354693951125604,2.0291933635276194,0.17428358347249817
Bulgaria,2014,65.15,21.9921500133613,17990.826957744142,97.03682233927219,6.99,3.898,85.9727585294745,7.68306208,19.775738724275698,3.8746359234827894,0.21434119921041825
Bulgaria,2015,65.3,20.7936901250081,18901.171698586386,96.9512288264069,7.11,3.968,85.98315548680429,7.39363575,20.209781460636002,2.911501764628759,0.19343517976737645
Bulgaria,2016,65.47,19.979167405734,20745.400504138277,96.86621496702558,7.15,4.04,85.9935449985972,7.45975018,20.5760516337296,4.040595594402754,0.21794355935424475
Bulgaria,2017,65.44,20.0337858184501,22316.975201721743,96.7818104282446,7.34,4.122,86.0039712709355,7.49624491,20.869955779943698,2.911855718445559,0.19344286277322556
Bulgaria,2018,65.55,19.7159830127087,23997.213771971183,96.69797008421091,7.47,4.162,86.0143608416048,7.33192015,21.1708879702475,3.876755637807041,0.21438721023439566
Bulgaria,2019,65.67,17.5380256575647,26765.13821376122,96.614717546999,7.66,4.19,86.02475324888279,7.09237671,21.4794589439076,4.018508752684253,0.21746413710745022
Bulgaria,2020,64.38,17.1474236131426,27352.03087367441,96.53205166163441,7.77,4.249,86.0351484540034,8.48235893,21.686789299491803,3.4880154384131687,0.20594912287957684
Bulgaria,2021,62.39,17.1474236131426,30959.197124799957,96.44996308525559,7.77,4.29,86.0455390086067,8.61892796,21.703221742547196,5.2632119326786375,0.24448196078503648
Burkina Faso,2000,45.06,62.3750808075926,896.4774815108149,69.9320099057864,0.9,0.04,8.8416258208353,2.9502634999999997,2.9436682791575404,7.245366639399999,0.2875070829415792
Burkina Faso,2001,45.5,62.3379649328232,947.9193746769528,69.9320099057864,0.9,0.04,9.13087025476494,2.88835382,2.89887329004691,0.4396000000000001,0.13977949132818124
Burkina Faso,2002,46.03,62.224014814846896,973.9839333832176,69.9320099057864,0.9,0.044333333333333336,10.0598427351821,2.97113013,2.85967163283763,6.616104915428572,0.2738481780889454
Burkina Faso,2003,46.67,62.057908535207304,1037.8379937465252,69.9320099057864,0.9,0.048666666666666664,11.0080883489168,3.14307284,2.82495773753888,6.584697501538462,0.2731664412827007
Burkina Faso,2004,47.39,61.864324175448395,1079.0000914275126,69.9320099057864,0.9,0.053,11.975994973447198,4.21720934,2.7936192299363602,4.656548566772486,0.23131358127484888
Burkina Faso,2005,48.16,61.667939817113705,1171.7643231958748,69.9320099057864,0.9,0.0475,12.9610876994314,3.95109582,2.7655403715018703,4.251552116201299,0.2225226318602021
Burkina Faso,2006,48.85,61.43723190707421,1244.0024384431904,69.9320099057864,0.9,0.041999999999999996,13.9636797865369,4.51446247,2.74056302942588,3.4592741507792213,0.20532525764484333
Burkina Faso,2007,49.5,61.0944586765371,1290.499510174245,69.9320099057864,0.775,0.0365,14.918854188431899,5.23373222,2.7203304683255602,3.3805245975784217,0.20361590108717992
Burkina Faso,2008,50.14,60.5949708835501,1351.3604156913307,69.9320099057864,0.65,0.031,15.838559042480199,4.64780712,2.7072026628753703,3.3086517590919913,0.20205581213694296
Burkina Faso,2009,50.72,59.8941192861613,1359.6922490730215,69.9320099057864,0.525,0.043,16.7713190117343,5.08159161,2.70124271601541,3.5357524070132094,0.20698531288958727
Burkina Faso,2010,51.22,58.9472546424185,1449.4221638292097,69.9320099057864,0.4,0.044000000000000004,17.717348101652,5.23958349,2.7002754242605493,3.7859949210930743,0.21241713650080052
Burkina Faso,2011,51.67,55.571613014377,1531.3433824398167,69.9320099057864,0.38,0.037000000000000005,18.6760821491649,4.64868164,2.7008461455914903,15.498948342666669,0.4666612931593254
Burkina Faso,2012,52.12,61.7629044746867,1571.8388447731454,69.9320099057864,0.36000000000000004,0.046,19.6465931645733,4.60267258,2.6962541448323103,3.398506920239311,0.2040062296657311
Burkina Faso,2013,52.57,48.6056903850732,1642.892131257765,69.9320099057864,0.34,0.046,20.6283173579476,5.56331587,2.66998914803269,14.336670219875353,0.4414326074046755
Burkina Faso,2014,53.06,49.9195641760489,1661.3177379375693,69.9320099057864,0.32,0.047,21.621007748769802,5.00027227,2.6294359443759703,16.392097235385446,0.4860481957471506
Burkina Faso,2015,53.5,71.873244459767,1691.5793538740809,69.9320099057864,0.30000000000000004,0.064,22.623723352134,5.13192415,2.5964842899372003,16.706716471379096,0.49287739581691475
Burkina Faso,2016,53.87,66.0917117316937,1881.7589313440665,69.9320099057864,0.28,0.062,23.6358671659231,5.95486307,2.5734973814518503,18.218568796826922,0.5256940224729842
Burkina Faso,2017,54.34,60.3100692778775,2042.4029525991666,69.9320099057864,0.26,0.08199999999999999,24.655891898172303,6.05965996,2.5594856886159,19.906157165459028,0.5623252175377011
Burkina Faso,2018,54.75,58.1036119011901,2073.3235382155035,69.9320099057864,0.24000000000000002,0.083,25.6835548762607,4.9995389,2.55480791737547,16.02435270344669,0.47806584535067886
Burkina Faso,2019,54.96,50.7057233570721,2232.1628201658523,69.9320099057864,0.22000000000000003,0.091,26.718569111476302,5.36802721,2.55918669789944,15.178118349134246,0.45969728090720013
Burkina Faso,2020,55.15,58.4706762025055,2380.722827818022,69.9320099057864,0.2,0.096,27.7597483878875,6.57714844,2.56884154873602,17.33723586873016,0.5065636000274687
Burkina Faso,2021,54.56,58.4706762025055,2486.430931477617,69.9320099057864,0.2,0.10099999999999999,28.8068022658045,6.40747881,2.5791781432012404,15.422433160320628,0.4650004363875985
Burundi,2000,38.8,30.375338172382698,519.2373066655774,69.9320099057864,0.7,0.052000000000000005,45.8832028889367,4.22181606,2.3996886646434903,-0.8594438596491226,0.11158213591561654
Burundi,2001,39.79,30.260472201937198,528.4355734134365,69.9320099057864,0.7,0.046,45.9762261657477,5.68180418,2.38453114955237,0.3837,0.13856611261440316
Burundi,2002,40.81,29.9953531299826,544.9227900170551,69.9320099057864,0.7,0.04,46.071453047316105,5.34983587,2.37315145917814,-0.090420238095238,0.128274745804454
Burundi,2003,41.8,29.6795256967738,531.8126121945559,69.9320099057864,0.7,0.034,46.169027179823296,5.27245188,2.36381297613165,-0.6224649999999999,0.11672605548473369
Burundi,2004,43.08,29.412534642565603,551.5622092436047,69.9320099057864,0.7,0.027999999999999997,46.074453037106295,7.09572744,2.3545698224618996,0.7567164291341992,0.14666289606701402
Burundi,2005,44.32,29.2939247076132,553.0479737598632,69.9320099057864,0.7,0.030999999999999996,45.978077847021396,7.56016588,2.34294180313706,3.3918952380952385,0.20386271491839864
Burundi,2006,47.79,29.287829928633197,579.707804423789,69.9320099057864,0.7,0.033999999999999996,45.8797490696037,8.71264839,2.32911978843428,2.52183086138782,0.1849768903331862
Burundi,2007,49.1,29.2950472941046,593.5607345297229,69.9320099057864,0.7533333333333333,0.037,45.779382362536296,9.185540199999998,2.3150198104013904,11.890532995881182,0.38833617022086986
Burundi,2008,50.29,29.3201159719253,609.0429064618188,69.9320099057864,0.8066666666666666,0.04,45.6767816936833,7.74147511,2.30164419196352,2.785689475407051,0.19070426825264813
Burundi,2009,51.15,29.3675751299931,604.5881540802494,69.9320099057864,0.86,0.043,45.571915826635596,9.23238468,2.28916087477985,2.622857347937276,0.18716979531184272
Burundi,2010,51.94,29.441963936206,613.6958800498892,69.9320099057864,0.9133333333333333,0.046,45.4645083129414,11.28196716,2.27387364154931,2.6400532715103386,0.18754305412449584
Burundi,2011,52.66,30.469165919309003,628.6654482961784,69.9320099057864,0.9666666666666667,0.038,45.354450786345,10.06996346,2.25646219820625,2.01777888525974,0.17403581808861399
Burundi,2012,53.34,30.6146104955934,637.2470801911007,69.9320099057864,1.02,0.051,45.2416177840798,8.63756466,2.24089845847407,2.577802727847808,0.1861918289974613
Burundi,2013,53.91,29.751334199349603,687.3709683117153,69.9320099057864,0.73,0.055,45.125751746761,8.62834644,2.22888601056743,10.997591257525979,0.3689537641749987
Burundi,2014,54.39,31.213516604247605,724.3719541832735,69.9320099057864,0.71,0.057999999999999996,45.0067757440714,7.21081543,2.21231245750205,10.785556339930071,0.36435128375302084
Burundi,2015,54.74,30.120746318795,722.0328983799333,69.9320099057864,0.71,0.047,44.884450358482894,6.29022646,2.22313846109284,11.498807882052587,0.37983329160241
Burundi,2016,55.22,30.7630623664928,764.2822216369165,69.9320099057864,0.71,0.072,44.7585847024572,7.06148243,2.26939910143298,10.795310020401214,0.36456299946437465
Burundi,2017,55.62,29.3039698472733,791.3934949298982,69.9320099057864,0.71,0.09699999999999999,44.628984123828296,6.95275736,2.31607727699591,12.04332172287912,0.3916526387189835
Burundi,2018,55.93,28.338499486363602,823.0131022416592,69.9320099057864,0.71,0.094,44.495438089481105,7.29396152,2.36073843584262,8.564924231259251,0.3161497143112801
Burundi,2019,56.21,28.774736989512302,868.4237316608336,69.9320099057864,0.71,0.082,44.3577388229315,9.05010796,2.40126821487113,9.500482065553516,0.3364571554855374
Burundi,2020,56.4,29.6541345084659,958.1355994900838,69.9320099057864,0.71,0.07,44.454807062066095,10.71837234,2.43506478066639,7.235456942816239,0.2872919807073263
Burundi,2021,55.84,29.6541345084659,1035.5385738493778,69.9320099057864,0.71,0.065,44.5545225988873,8.99484253,2.4618792599411004,6.933449472397602,0.2807365346248945
Cabo Verde,2000,62.44,48.432441004703705,3124.494883550243,69.9320099057864,2.04,0.493,36.827954010232,4.43401194,4.84880905766929,18.374020833333333,0.5290683014016128
Cabo Verde,2001,62.69,47.5268182563037,3216.6465119660193,69.9320099057864,2.04,0.493,39.1910554393962,4.75244379,4.89264446776292,1.1990333333333332,0.1562639321367716
Cabo Verde,2002,62.87,45.2233549764447,3388.4481445227448,69.9320099057864,2.04,0.493,41.537507198502496,4.7555151,4.94769251850995,8.705327536231884,0.3191973418890598
Cabo Verde,2003,63.01,42.1421586131377,3551.4638434881017,69.9320099057864,2.04,0.493,43.8664094982459,4.85960436,5.00429884469869,10.348614000000001,0.35486690925535475
Cabo Verde,2004,63.12,38.903336614393794,3968.6569170408757,69.9320099057864,2.04,0.493,46.17847285727329,4.75073719,5.05403451825784,7.236724646961539,0.28731949779543503
Cabo Verde,2005,63.28,36.126996428224295,4324.202324546386,69.9320099057864,1.99,0.4918,48.47260225485821,4.47569275,5.08621142800014,5.505665095103308,0.24974470687402173
Cabo Verde,2006,63.88,33.465181798940804,4758.377049956776,69.9320099057864,1.98,0.49060000000000004,50.7498010778296,5.12305117,5.0940695192342,6.230820022251082,0.2654850924338143
Cabo Verde,2007,63.92,30.499459205079305,5566.7694910158325,69.9320099057864,2.01,0.4894,53.009349326946605,5.14727354,5.07830173754181,6.44598539021645,0.27015552315709523
Cabo Verde,2008,64.29,27.7442201959867,6010.851368474716,69.9320099057864,2.1,0.4882,55.2521980462488,4.35203123,5.037847433455339,5.57943342769697,0.2513459398708026
Cabo Verde,2009,64.34,25.71385632101,5900.660865291421,69.9320099057864,1.96,0.48700000000000004,57.4769284411617,3.96602345,4.971934698038691,6.560556817077922,0.272642437836181
Cabo Verde,2010,64.55,24.922759129496196,6038.585256556646,69.9320099057864,1.99,0.56,59.6818514080991,4.08108234,4.90795620502389,5.985710247931034,0.2601646812942992
Cabo Verde,2011,64.67,42.201991220723,6384.228440904148,69.9320099057864,2.05,0.5539999999999999,61.8006547143134,3.92477369,4.88565275155857,5.30222875605169,0.2453288692458612
Cabo Verde,2012,64.8,51.1112334865799,6318.061087233644,69.9320099057864,2.1,0.48700000000000004,63.95307357829989,4.6740551,4.90560693810979,6.1633569123659,0.26402072210286703
Cabo Verde,2013,65.02,36.414675879692,6367.280013225015,69.9320099057864,1.99,0.5710000000000001,66.0992428842147,4.82468271,4.95622041095222,26.45397088497823,0.7044536216351732
Cabo Verde,2014,65.19,31.3508458881205,6416.833011509767,69.9320099057864,1.93,0.657,68.2388818808702,4.85231543,5.03995994733817,25.249334104272105,0.678305488763206
Cabo Verde,2015,65.19,51.4204136901671,6773.486799693857,69.9320099057864,1.93,0.743,70.3717073692285,4.40073681,5.15658375838101,29.684159795031054,0.7745688714552109
Cabo Verde,2016,65.26,43.031490085562496,7350.75358726727,69.9320099057864,1.9,0.731,72.496932762021,4.36134005,5.30060705739585,30.02504947767277,0.7819683040967855
Cabo Verde,2017,65.31,53.869262356965294,7935.76176281072,69.9320099057864,1.9,0.7609999999999999,74.61425805717509,4.74573231,5.465272483734419,28.164190627709207,0.7415760586962248
Cabo Verde,2018,64.6,31.7384229474609,7916.421153261741,69.9320099057864,1.97,0.7909999999999999,76.72372498154559,4.76032305,5.6379342247499595,29.234786673627344,0.7648146714542221
Cabo Verde,2019,64.76,39.3519135244555,8645.75646859343,69.9320099057864,1.97,0.7909999999999999,78.8249549430518,4.47111464,5.81429049375224,28.513094273097117,0.7491494443218647
Cabo Verde,2020,64.27,42.32252209055579,6852.576699303546,69.9320099057864,1.97,0.7909999999999999,80.91814609263491,6.63319778,5.98265522524212,31.26439696729945,0.8088698758836785
Cabo Verde,2021,63.77,42.32252209055579,7685.419213936686,69.9320099057864,1.97,0.7909999999999999,83.0030877232497,7.316607,6.136177559619781,27.37716186669155,0.7244926249618785
Cambodia,2000,51.78,29.798721479800502,1255.6403784237225,17.1455984990605,0.6,0.16899999999999998,10.447277669756,6.48248434,2.81651839524635,5.629049842222221,0.2524229255816958
Cambodia,2001,52.6,29.9057244650667,1357.42611106265,17.6114358269812,0.6,0.17825,10.7958282120224,6.76128578,2.91960711883034,-0.1329375,0.12735185599115587
Cambodia,2002,53.47,30.0191592913356,1442.464814298443,18.0773670224761,0.62,0.1875,13.5213126606582,6.92060709,3.02138248516694,6.035533093333334,0.2612461478429755
Cambodia,2003,54.28,30.098509540539,1597.8822644628626,18.543395011355802,0.36,0.19674999999999998,16.495766471074802,6.45833635,3.1246609446900804,6.8282157950491325,0.27845230736072235
Cambodia,2004,55.03,30.1032587946087,1769.7623502524439,19.0098799731296,0.1,0.206,19.4886033113327,6.4859705000000005,3.2321079227656604,4.703394578443754,0.23233043196156292
Cambodia,2005,55.78,29.9928906354765,2038.145986251204,19.4768253834415,0.6,0.21525,22.4997083184805,6.15047693,3.34315236871951,3.2527958535858588,0.20084339054875083
Cambodia,2006,56.51,29.613047672413302,2296.7685787527453,19.9438667897233,0.6133333333333333,0.22449999999999998,25.5284652809793,5.3646059,3.45198732094352,3.126695521700855,0.19810622671136952
Cambodia,2007,57.14,28.864262290781102,2566.14759732553,20.411368916142102,0.6266666666666667,0.23374999999999999,28.575284390841798,4.20612955,3.56121001866091,2.967221752666666,0.19464465109863166
Cambodia,2008,57.75,27.7883527366484,2768.7923761767515,20.8928104142313,0.64,0.243,31.656991112565198,5.61296654,3.6668676963594704,10.719933400410719,0.3629268565983101
Cambodia,2009,58.26,26.427137256084,2854.0328837654856,21.4476729237885,0.7250000000000001,0.237,34.8431292661324,6.3089695,3.76996331813619,3.101427051,0.19755774326811115
Cambodia,2010,58.68,24.8224340951565,2988.5040143945666,22.0046525227563,0.81,0.22899999999999998,38.039928833233105,5.62713194,3.8795195495729,3.0913774287057385,0.1973396037730599
Cambodia,2011,59.15,21.680710769469105,3223.1020935163783,22.563757338968397,0.7,0.226,41.2469119068715,6.00443649,3.99527012377718,2.698686167200995,0.18881575372303272
Cambodia,2012,59.58,22.996579111739504,3583.4822973943687,23.124992224966302,0.7649999999999999,0.165,44.4635910579506,5.72469473,4.12078606040762,2.59561964981225,0.18657856734910175
Cambodia,2013,59.92,25.778502352452897,3890.9484120522084,23.6879957096216,0.83,0.1795,47.6891050739855,5.46154881,4.25761809784078,2.6833927360878893,0.1884837908648346
Cambodia,2014,60.21,22.1052880421246,4117.788683090061,24.253508788414102,0.84,0.19399999999999998,50.9237116921206,5.07833052,4.40694011728368,2.5403428804435815,0.18537871662784303
Cambodia,2015,60.45,21.599028896344,4433.64393500572,24.821170188910102,0.85,0.19799999999999998,54.166519783159295,4.62506533,4.56873555218231,2.1698704180060013,0.17733715312224893
Cambodia,2016,60.68,22.407181012708502,4748.124285215277,25.3909863829454,0.9,0.20199999999999999,57.417022532981996,4.49053288,4.735418083477099,2.733950515475766,0.18958121006564208
Cambodia,2017,60.88,20.7075312769695,5050.063566151128,25.962594586982497,0.8200000000000001,0.206,60.674415142849206,4.26933241,4.9088360267890305,2.2697930746680286,0.17950609810646823
Cambodia,2018,61.08,22.9919425508182,5616.980870233031,26.538211463367,0.74,0.21,63.939847247094704,4.49707794,5.09207597900805,2.2939010540050946,0.1800293916477884
Cambodia,2019,61.25,22.9738017157091,6153.994395284272,27.1174788908032,0.74,0.214,67.2122392007629,5.05801058,5.2730779069423095,3.591883681748353,0.2082037117078494
Cambodia,2020,61.46,24.143602280345203,5942.453803739287,27.7007769523382,0.74,0.214,70.4910427870757,5.28458023,5.4387369063124,3.232110596904762,0.2003943914405956
Cambodia,2021,60.63,24.143602280345203,6225.532654747405,28.2877495215251,0.74,0.214,73.7752065517154,5.51976061,5.59471490600897,3.0925090150880865,0.1973641662565866
Cameroon,2000,46.13,45.776544830569705,2108.4945495975053,69.9320099057864,1.5,0.18600000000000003,37.566181100003796,4.29573393,3.3275214816218504,4.494190325794871,0.22778939462710845
Cameroon,2001,46.09,45.262717157214794,2190.8964072416634,69.9320099057864,1.5,0.18600000000000003,37.779995414896796,4.16830397,3.2979673621405,-0.1566333333333333,0.12683750858915407
Cameroon,2002,46.12,44.0134690694333,2263.055196743556,69.9320099057864,1.5,0.18600000000000003,37.994707513720705,4.02669907,3.26921624727692,4.19304049001642,0.22125256456644052
Cameroon,2003,46.26,42.467152965649795,2368.101194773693,69.9320099057864,1.5,0.18600000000000003,38.36333367815671,3.90227985,3.23956055380023,3.8502995151190484,0.2138129473342398
Cameroon,2004,46.7,41.062121244288896,2532.6474442421413,69.9320099057864,1.5,0.18600000000000003,38.736762781943,3.72798991,3.20704615081285,3.1342511692345125,0.19827023139627384
Cameroon,2005,47.17,40.2367263037752,2597.680398932194,69.9320099057864,1.5,0.061,39.114110053337896,3.77274442,3.17184115768726,3.0151414713108977,0.19568480792462709
Cameroon,2006,47.54,39.904000550967204,2704.437398003765,69.9320099057864,1.5,0.0665,39.4959944299355,3.73662829,3.1365142454107797,2.9942373997402596,0.19523105916836403
Cameroon,2007,48.0,39.658126056212105,2817.7222811837983,69.9320099057864,1.45,0.07200000000000001,39.882434393276206,3.79498792,3.10213698738209,12.972781103406675,0.41182770540330366
Cameroon,2008,48.63,39.4591797131676,2870.441068666053,69.9320099057864,1.4,0.07100000000000001,40.273450214776396,3.65843678,3.06889612401039,13.067926711017316,0.41389295862305736
Cameroon,2009,49.17,39.2672384154914,2878.9514388613784,69.9320099057864,1.35,0.07,40.668743808742704,3.49997187,3.03722300336976,2.5023645874188034,0.18455435075410614
Cameroon,2010,49.63,39.0423790568413,2913.942927556055,69.9320099057864,1.3,0.086,41.0686436848584,3.57742167,3.0075478697295397,12.372851756915585,0.39880549612238986
Cameroon,2011,50.06,38.59233057524511,2988.8172872551,69.9320099057864,1.525,0.09,41.472851146690004,3.85282946,2.97918623057429,2.1457357270669326,0.17681327977253378
Cameroon,2012,50.52,41.853741448232704,3059.6422656825075,69.9320099057864,1.75,0.09571428571428571,41.881368543163205,3.9310236000000005,2.9492089897854,2.3688893539242626,0.181657105545898
Cameroon,2013,50.88,37.1006966036381,3238.868298437325,69.9320099057864,1.975,0.10142857142857142,42.293875525347296,3.63136435,2.9145478987940403,9.536985129025934,0.33724949967525336
Cameroon,2014,51.14,37.009069026736,3422.261281583438,69.9320099057864,2.2,0.10714285714285715,42.7103744161323,4.34148788,2.87719437261096,10.879994664595795,0.3664011845207177
Cameroon,2015,51.63,51.9499452409616,3497.6606756395863,69.9320099057864,2.425,0.11285714285714285,43.1308620153925,4.12600517,2.84572861421998,10.086926207758763,0.3491866517104335
Cameroon,2016,52.32,44.7692534342126,3626.9993202857827,69.9320099057864,2.65,0.11857142857142858,43.555339313602,4.02253723,2.82198107998873,11.796913734226848,0.38630404822997566
Cameroon,2017,53.06,43.2149077099804,3767.4307288382415,69.9320099057864,2.65,0.12428571428571429,43.9831129823405,3.79293942,2.80367063138058,9.955873102307917,0.3463419817904233
Cameroon,2018,53.69,40.8875596706757,4010.7636006952644,69.9320099057864,2.65,0.13,44.414864017642294,3.61970162,2.7911606460321097,8.227690565359781,0.308829640039871
Cameroon,2019,54.24,40.7355761870464,4241.111749205922,69.9320099057864,2.65,0.11349999999999999,44.8498829146317,3.65157914,2.78429920377855,9.319603247248697,0.33253095677526184
Cameroon,2020,54.37,39.812625100451896,4365.447041283924,69.9320099057864,2.65,0.09699999999999999,45.288511220741796,4.25051928,2.7768523661342903,9.037021992571429,0.3263971807584801
Cameroon,2021,54.01,39.812625100451896,4793.556282001956,69.9320099057864,2.65,0.124,45.7300133468788,4.30539274,2.76610261605669,8.034916215429082,0.30464523408694943
Canada,2000,68.54,9.795656407552949,29362.084160978553,99.0407431516783,3.77,1.8871,99.8666796985606,8.24814415,12.536309389257697,6.1663185289954185,0.2640850076587996
Canada,2001,68.68,9.76086476457905,30230.848768576157,99.05009999852959,3.69,1.8871,99.8688346973746,8.62482357,12.6230053671836,1.372,0.16001838779914157
Canada,2002,68.74,9.72810868247048,30963.921885668424,99.05230025699909,3.65,1.8969,99.86934298302401,8.85670471,12.707029068993599,6.877980431409439,0.27953251041006943
Canada,2003,68.82,9.690608871859109,32351.54569686976,99.0545311020692,3.5,1.897,99.8698601366665,9.01090145,12.804590029765198,6.730168425738964,0.2763240678104022
Canada,2004,68.99,9.64158604337681,33927.66969525323,99.056729322475,3.44,1.8971,99.87036624092491,9.06628132,12.916791636800301,6.718425771010897,0.2760691789501109
Canada,2005,69.04,9.57426090765544,36328.378994377046,98.94437096809929,3.1,1.90285,99.86395832035141,9.03540611,13.0466474392723,6.304432791859647,0.26708294874339
Canada,2006,69.33,9.40182085213359,38119.390959354525,98.8321898369146,3.02,1.9086,99.8430162755526,9.32523441,13.2121185240005,5.63461243652733,0.25254366857853305
Canada,2007,69.32,9.080262352110449,39575.477007587615,98.7219081451121,2.97,1.9338000000000002,99.76076068165241,9.42872047,13.4074353506841,23.93733015411311,0.6498268185393118
Canada,2008,69.43,8.667019750008821,40376.0882836384,98.6110659391952,2.85,1.959,99.6782742849719,9.58826923,13.6209286442365,22.854429658617807,0.6263211224682252
Canada,2009,69.65,8.219527388251482,38864.05669585383,98.4996540146077,2.81,1.9987000000000001,99.5955583039344,10.69968033,13.8518496981519,6.3596646943913955,0.26828182557440056
Canada,2010,69.83,7.79521960926122,40098.253719113934,98.38769825169778,2.79,2.0384,99.5126181540999,10.70405102,14.1094023482861,21.681568482412175,0.6008627184355841
Canada,2011,70.03,7.3728763824578705,41666.837459027854,98.274899130016,2.8,2.2173,99.4293838454061,10.40832329,14.4296808152056,5.886884679650942,0.25801954997179316
Canada,2012,70.08,7.58558915249491,42291.97293570943,98.1599248386033,2.79,2.3962,99.3455544247407,10.54460621,14.8206990584527,5.3938102483345025,0.24731675892943897
Canada,2013,70.13,7.26096632331949,44301.05625291326,98.0449025123796,2.72,2.4509,99.26167809483542,10.43964291,15.2286887935879,5.806881038723585,0.25628297188724936
Canada,2014,70.16,7.38092988336422,45758.10072973044,97.92981856738301,2.68,2.4961,99.1777500183005,10.28526115,15.6232441846315,5.844795041721594,0.2571059422663531
Canada,2015,70.19,7.11576183142395,44669.451363183834,97.8147000459502,2.62,2.5388,99.0937780508687,10.76850224,16.0101997556659,6.030993967487795,0.26114762049628254
Canada,2016,70.21,6.406751550795209,46470.64663911088,97.69952750966971,2.6,2.3105,99.00975266938791,11.06097317,16.3881021891164,5.496584685369354,0.2495476053376431
Canada,2017,70.15,7.04492025305158,48317.38744571629,97.5843552449117,2.53,2.6102,98.92567632783371,10.93421078,16.7582136912329,4.72134370192687,0.2327200399108543
Canada,2018,70.12,7.09175111254794,49982.59991183458,97.469158393314,2.56,2.428,98.84154412866998,10.94313335,17.1296813071885,4.784186223719496,0.23408411465617288
Canada,2019,70.3,6.2268016926674905,50498.973105744815,97.35386656297442,2.53,2.435,98.7573247700797,11.05897045,17.531859522451903,6.618578109577801,0.2739018618301925
Canada,2020,69.63,6.56566994375263,48590.68321219389,97.23843519299591,2.56,2.4330000000000003,98.6730086081464,13.02419472,17.9854084818723,6.266325766210014,0.2662557885686376
Canada,2021,69.78,6.56566994375263,56995.117678135124,97.12280972070681,2.56,2.464,98.58856716063958,12.41920948,18.4822592321013,6.834278716593315,0.27858391057977455
Chad,2000,44.56,56.947833402486204,1043.5453999505942,5.52087399982617,0.4,0.028999999999999998,9.692674358502188,4.00526953,2.82652574402089,4.96755278,0.2380643127994565
Chad,2001,44.92,56.797769502150494,1151.920268490559,5.5543632534248,0.4,0.03075,9.7751135418566,3.88475776,2.76469867984594,-0.031899999999999956,0.12954500003039293
Chad,2002,45.1,56.4118948084852,1225.7070116271095,5.586596924007191,0.4,0.0325,9.857709834956891,5.33389902,2.7048957116691,7.258428719615384,0.28779061156574753
Chad,2003,45.37,55.8923266132371,1377.7465956670237,5.6178207953109,0.4,0.03425,9.94081082830359,4.04336071,2.64494537372232,6.789152992846153,0.27760440087246446
Chad,2004,45.69,55.341182208153,1808.2120217652491,5.64791446914744,0.4,0.036000000000000004,10.0242446229249,4.03654861,2.58253095049252,3.544345264169312,0.20717183149358998
Chad,2005,46.07,54.860578884979894,2101.6913598214373,5.676879419392931,0.4,0.036000000000000004,10.1080110721991,3.55289602,2.51816611036027,3.1216533201406924,0.19799677948339672
Chad,2006,46.19,54.3668277070918,2078.601670393994,5.70471797524554,0.40900000000000003,0.036000000000000004,10.1921113947544,3.5379292999999996,2.4541854497822997,2.1464711686730773,0.17682924344319784
Chad,2007,46.95,53.783848749823505,2149.259860527718,5.73156015408957,0.41800000000000004,0.036833333333333336,10.276745984037401,3.14604688,2.39307096621486,1.9863657204444443,0.1733539564514175
Chad,2008,47.34,53.225172822862994,2180.5168043321696,5.75715080778144,0.427,0.03766666666666667,10.3615175647599,2.94988155,2.33604127743138,1.836085601628205,0.17009194039997444
Chad,2009,48.02,52.804330735898,2087.147186778675,5.781619263827309,0.436,0.0385,10.4835847980319,3.18315554,2.28304294350812,1.9550870541249998,0.17267501427060566
Chad,2010,48.47,52.634853298616704,2319.688831875605,5.80736476361868,0.445,0.03933333333333333,10.6144013332631,3.04079008,2.2333630455042903,2.1007798520794045,0.17583745684285337
Chad,2011,48.88,54.150422771459105,2388.1651214944072,5.83446357706745,0.454,0.04016666666666666,10.754544339376302,2.93420601,2.18697817020263,2.200816669652778,0.1780088798310042
Chad,2012,49.26,57.1204741865987,2435.1240819184013,5.863130056598131,0.463,0.040999999999999995,10.904854888319399,2.9589653,2.1424233051886,2.183644907325062,0.1776361454680971
Chad,2013,49.64,50.225660710209205,2110.247051369881,5.89331097314809,0.472,0.043,11.0657152698931,3.1230278,2.10090446118584,12.044442420114162,0.3916769648400853
Chad,2014,50.05,46.8052788415437,2133.184411987867,5.92508768112979,0.481,0.044000000000000004,11.237749576528499,3.28550839,2.07314232963979,14.092835588892461,0.43613987483013933
Chad,2015,50.39,64.3827504839855,2377.511371857513,5.95868392455192,0.49,0.049,11.421878644262,3.41504669,2.05939244331895,11.829283333549373,0.38700667046238135
Chad,2016,50.81,58.385950250227395,2120.087515538572,5.99418883622066,0.47,0.037000000000000005,11.6187911677525,3.60402751,2.05159826671532,13.41739383241667,0.4214785751932055
Chad,2017,51.08,56.2506214671266,2097.144254836037,6.03169374321151,0.45,0.043,11.829193067467198,3.51023412,2.04749365973065,14.464814540282328,0.4442141385437342
Chad,2018,51.4,54.380817349801795,2227.8133537261147,6.071435695150031,0.45,0.052000000000000005,12.054119450381501,3.2893218999999996,2.04665537566992,11.526261659329887,0.380429209830694
Chad,2019,51.78,51.8673577081314,2351.653397677387,6.11336813091425,0.45,0.053,12.2940184363217,3.38253808,2.04845628973613,13.84864566143417,0.4308394301056866
Chad,2020,51.58,49.13884841280271,2185.990341735372,6.15788323273325,0.45,0.06,12.5503209104072,4.4533143,2.0477333714027397,13.158964247196582,0.4158690410658968
Chad,2021,51.52,49.13884841280271,2435.072746510989,6.20493838010433,0.45,0.057999999999999996,12.823518442493999,4.17851543,2.04727900320802,11.760086297954452,0.38550466312700704
Chile,2000,66.26,28.063413869556197,9375.590083883371,91.4752558018568,2.72,0.892,93.0315875725164,7.00020742,8.17687271404416,5.253617508345104,0.2442737019253359
Chile,2001,66.21,27.875024766277498,9775.553235057996,91.95937224119459,2.62,0.892,93.44091427234359,7.09733105,8.36361979766574,1.4406875000000001,0.1615093350335357
Chile,2002,66.61,27.566633665788398,10133.404114205965,92.4166283284896,2.54,0.892,93.8324984055007,7.20833778,8.550850487978389,6.273584612446095,0.2664133508138871
Chile,2003,66.66,27.1654672454526,10708.823647058189,92.7944453651767,2.51,0.946,94.1786535457262,7.25047779,8.73221341373063,5.997679204896942,0.2604244823248637
Chile,2004,66.7,26.6987521826339,11612.399685351716,93.17364967678151,2.41,0.9840000000000001,94.52357113309792,6.91028595,8.91060636560533,6.336340226966271,0.26777553912925106
Chile,2005,67.02,26.193715154696,12550.434800764531,93.5530488768507,2.31,0.981,94.8666435594801,6.62372065,9.08977750782895,5.7314270274789925,0.25464514914819103
Chile,2006,67.39,25.4313218784945,15510.77007394519,93.9337472994899,2.33,1.042,95.20847363444429,6.07235622,9.266212231008609,5.71475262090241,0.2542832105076739
Chile,2007,67.46,24.358253457234998,16697.516021741594,94.3150023057386,2.29,1.0390000000000001,95.54870177915551,6.21259642,9.4414083895645,5.49242268905829,0.24945726405444696
Chile,2008,68.04,23.2503096478062,16375.964853601148,94.6974323930093,2.28,1.042,95.8876613172274,6.73954487,9.618015643220359,21.5917905257707,0.5989139767261877
Chile,2009,67.95,22.3832902070972,15951.330487787836,95.08037469627631,2.28,1.033,96.22504177858221,7.25026846,9.80308006643609,5.8459075040443045,0.25713008963848655
Chile,2010,67.86,22.0329948919966,17917.895121709666,95.46383875340342,2.05,1.4380000000000002,96.56087176450892,6.81958389,9.99766376136516,5.604281413109215,0.25188529616023886
Chile,2011,68.37,22.871789199667802,20121.683421420927,95.84834306231791,2.23,1.591,96.895427820741,6.79947519,10.203500031452,5.6053636225604375,0.2519087868563384
Chile,2012,68.39,21.9147180810935,21366.177126490868,96.2333346354702,2.18,1.7530000000000001,97.22846422176269,7.01951265,10.4269940743025,5.755819346722619,0.2551746146392446
Chile,2013,68.53,23.7625028118101,22201.066068433745,96.61903358092128,2.18,1.8869999999999998,97.5601040614425,7.47552681,10.6787544856729,5.071783406636099,0.240326767605968
Chile,2014,68.59,23.0317537681692,22553.616178737208,96.9192034984467,2.13,2.036,97.89035464523221,7.84150171,10.954577018443901,6.36963956018218,0.2684983423869825
Chile,2015,68.71,24.2782298076617,22457.880061456504,96.9898438113558,2.15,2.1590000000000003,98.2192140338201,8.351393700000001,11.2496571917453,4.901880795405864,0.23663882106067138
Chile,2016,68.96,24.2218424802596,23256.503604221143,97.06026282715321,2.13,2.31,98.54695737608971,8.55767059,11.5448975094543,5.175675003016354,0.24258186334099888
Chile,2017,69.11,23.4116041349236,24295.22376660203,97.13047722212679,2.12,2.455,98.8734482786872,9.090518,11.8130834222508,3.8206673639789637,0.2131697448040639
Chile,2018,69.33,23.0512130318909,25305.09034626108,97.20037891449101,2.07,2.595,99.14829973502279,9.15040398,12.0636582777361,5.0666444511913475,0.2402152202151323
Chile,2019,69.37,22.7323927701622,25611.757826945846,97.3067044565416,2.04,2.6489999999999996,99.2440906332437,9.29919815,12.3260602912509,5.040762017052032,0.2396534099352502
Chile,2020,68.34,23.2750668049145,25350.863508297174,97.4125131422388,2.03,2.8080000000000003,99.3144814902357,9.68910599,12.6268157391316,4.224536805865351,0.22193623109977728
Chile,2021,67.65,23.2750668049145,29089.850459727983,97.51778273939041,1.97,2.9730000000000003,100.0,9.68593311,12.9564336220791,6.478140459895371,0.27085348875796206
China,2000,63.13,50.299193183915996,2963.532386020229,69.9320099057864,1.71,1.268,56.820109257002294,4.50828123,7.01747574076251,1.7999116071210515,0.16930673905959334
China,2001,63.41,50.6280489574036,3258.4021066030464,69.9320099057864,1.69,1.287,57.568460039229095,4.25330067,7.213516822737651,-0.25966666666666666,0.12460104251623336
China,2002,63.7,50.9679256961335,3590.765959416704,69.9320099057864,1.73,1.143,59.719091891874896,4.38285255,7.40162875834336,0.8184536544585608,0.1480029789839425
China,2003,63.93,51.261043624145294,4007.1160460542324,69.9320099057864,1.76,1.19,61.8436136467816,4.41762781,7.57962663220469,1.1452634204735082,0.15509678960178386
China,2004,64.17,51.4496229654785,4504.929372375957,69.9320099057864,1.82,1.22,63.940621403155795,4.29347467,7.737251101219011,1.6892341674278335,0.16690434819341787
China,2005,64.6,51.47588394417271,5148.182739338052,69.9320099057864,1.87,1.244,66.007414871417,4.17605019,7.88962840533466,1.3710598822129496,0.15999798137854673
China,2006,65.28,50.969670566754104,5946.2868283018515,69.9320099057864,1.95,1.278,68.0323487727096,3.94742203,8.05386346846253,1.4205985092988844,0.16107327861675538
China,2007,65.75,49.8862602874654,6935.265805844336,69.9320099057864,2.02,1.298,70.020980914326,3.67491412,8.21258625792709,11.305240675543644,0.3756316757157652
China,2008,65.92,48.65602350192061,7712.846084250686,69.9320099057864,2.17,1.347,71.9796237589,3.9000019999999997,8.355352904410982,11.241276491214364,0.3742432538962782
China,2009,66.28,47.7093306057335,8447.982814692268,69.9320099057864,2.33,1.423,73.906061649452,4.34958458,8.49817888668038,11.525760003848166,0.38041832077732785
China,2010,66.51,47.476551994518296,9411.138219032044,69.9320099057864,2.51,1.463,75.80104810561821,4.23068333,8.66147143784386,1.2541259771993485,0.1574597861860163
China,2011,66.82,51.34994369566,10456.791682611338,69.9320099057864,2.73,1.489,77.6512502388913,4.34274387,8.859168728603109,10.945424944204168,0.3678214297535146
China,2012,67.16,48.1207251131123,11420.252705114104,69.9320099057864,3.05,1.565,79.46466753760899,4.56584787,9.08920186808881,1.2696928367267426,0.15779768414649775
China,2013,67.43,58.4662215596184,12228.373608419706,69.9320099057864,3.33,1.661,81.2468005281191,4.71490669,9.3562686156071,0.9675968411156916,0.15124031651515524
China,2014,67.7,54.568834297309195,12941.596480914573,69.9320099057864,3.58,1.715,82.99847615238171,4.77790594,9.6661987378912,1.206131911602883,0.15641801556736834
China,2015,67.93,50.832537964484,13463.333151110472,69.9320099057864,3.82,1.8,84.7193121416501,4.93827963,10.053420914992,0.6109895229148627,0.14349971313264412
China,2016,68.08,46.83246825081329,14157.251498800431,69.9320099057864,4.06,1.891,86.4094766918916,4.97955608,10.4907994645602,0.4841162133408883,0.14074577085744489
China,2017,68.23,45.8369336166997,15022.437188312417,69.9320099057864,4.34,2.006,88.06830844316521,5.06592178,10.9809606634325,-0.19060896452257503,0.1261000254465387
China,2018,68.34,40.2663875187565,16298.205061910869,69.9320099057864,4.6,2.124,89.69421894605291,5.16790485,11.5162092042497,1.416890640705438,0.160992794737958
China,2019,68.45,37.5475753654351,17600.890756849327,69.9320099057864,4.83,2.258,91.2881339239822,5.3502779,12.061365971719198,1.217935407674824,0.15667422506436043
China,2020,68.51,34.8105237153218,18267.478345582742,69.9320099057864,5.0,2.387,92.8514975328901,5.59359741,12.645237607858698,1.6021095942987196,0.1650132014585007
China,2021,68.58,34.8105237153218,20843.29783473765,69.9320099057864,5.0,2.5180000000000002,94.3857583646751,5.38360548,13.2057410345267,3.381946149964861,0.203646757641853
Colombia,2000,63.32,25.3637180153758,6775.93064418811,67.7308209392541,1.1000000238,1.26,75.4148773585247,5.63529348,4.551221549772889,3.3048215473430735,0.20197267264847432
Colombia,2001,63.41,24.824577905536298,6934.882843385929,68.0447217112947,1.1000000238,1.285,76.30878520212029,5.94238281,4.62560466843221,0.632625,0.14396933795120473
Colombia,2002,63.57,23.929353614622002,7108.823902859304,68.355018226019,1.1000000238,1.317,77.201981016796,5.73296547,4.70310489754661,3.114772506412773,0.19784742290180585
Colombia,2003,64.19,22.8825675533076,7420.460083652809,68.6617342828438,1.1000000238,1.348,78.094433998105,5.77505445,4.78773471582693,3.1638412046365727,0.1989125197522094
Colombia,2004,64.53,21.8887421322682,7909.346351556949,68.96442693787661,1.2,1.3869999999999998,78.98592130016891,5.79892111,4.8826459963462305,3.1239204905767504,0.19804599122485683
Colombia,2005,64.92,21.1523997621787,8432.333290783145,69.2631201748083,1.1,1.429,79.87641662298579,6.06710577,4.9893046299225405,3.2687221153366957,0.20118908977949362
Colombia,2006,65.15,20.600391928361798,9154.089261965108,69.55784872331729,1.0,1.4669999999999999,80.7659057665672,6.33546638,5.11901624609738,2.966717557057587,0.19463370690865603
Colombia,2007,65.57,20.0641639163964,9909.29031403767,69.8589567867107,1.0,1.5090000000000001,81.654183644965,6.49102163,5.27398589490617,15.693826271524348,0.47089135989744824
Colombia,2008,65.78,19.605128837342104,10307.064987885446,70.1562972037188,1.17,1.561,82.5414361223495,6.84192181,5.45087739306247,15.1513633831091,0.45911653124239216
Colombia,2009,66.05,19.284699802258,10367.348955751866,70.44988594551971,1.34,1.6159999999999999,83.4276365451397,7.31134558,5.642509774422691,14.267474417838049,0.4399306268451967
Colombia,2010,66.25,19.164289922203697,10841.127980131168,70.7393039027595,1.51,1.6640000000000001,84.3126146543662,7.07130194,5.84187164041688,3.069321209073623,0.19686084621656572
Colombia,2011,66.82,20.5518377125816,11707.46146247471,71.0245706637519,1.49,1.7519999999999998,85.1963554743704,6.78076792,6.05764887875535,19.70057194068566,0.5578627356842613
Colombia,2012,67.04,18.143086028664698,12093.075493917151,71.3061928280866,1.52,1.811,86.07904249538771,6.74601603,6.293792016372451,3.363608651720311,0.2032487195374902
Colombia,2013,67.29,18.9282488611578,12779.886581831843,71.5837364884687,1.58,1.88,86.96050145745241,7.01724052,6.54463120329054,3.091157667017856,0.19733483357352177
Colombia,2014,67.44,18.33821147907,13355.362416219543,71.857228156969,1.63,1.955,87.8407302764007,7.18553209,6.81879691067376,3.952439317632656,0.21603001821437415
Colombia,2015,67.45,17.6079787372288,13332.055504821144,72.1271721906119,1.65,2.015,88.7199118898909,7.52338505,7.10912759193297,2.835577228499356,0.1917871437031029
Colombia,2016,67.62,17.312215487627,14026.839993105268,72.39357503358751,1.71,2.079,89.5980252896949,7.53117037,7.388576787079389,3.4938436862392344,0.20607563221501107
Colombia,2017,67.79,17.2528522521135,14400.613984931399,72.6560332678719,1.73,2.154,90.4749374427322,7.67864323,7.65248494953718,2.2056150997441124,0.1781130356974152
Colombia,2018,67.8,16.049287572480303,15239.40494882765,72.9145783747935,1.73,2.231,91.3506596764722,7.62541389,7.9133529767907405,3.306297001075179,0.20200469919859418
Colombia,2019,67.9,14.515865804287401,16181.590899066174,73.1692385779865,1.74,2.3040000000000003,92.2252062631808,7.77954912,8.19032265077422,4.411576768493395,0.2259961650761407
Colombia,2020,66.37,14.1832514905064,15519.210169465632,73.42050015774221,1.69,2.379,93.09873940414191,8.71432114,8.46412544262915,3.963316487334803,0.21626612065055906
Colombia,2021,65.02,14.1832514905064,17383.090172829532,73.6679379605927,1.69,2.451,93.97112202976129,9.01772404,8.71354982025291,5.694694407861587,0.25384782215811824
Costa Rica,2000,67.83,21.3843731146703,7879.477949666816,76.55742354442691,1.6,1.308,93.68496448505181,6.56498718,5.56966827918255,5.7581995409682545,0.25522627970243444
Costa Rica,2001,67.75,21.250362218059898,8190.074409418641,76.88052367595809,1.57,1.4276666666666666,93.9239551778215,6.47409868,5.70296888434793,1.3565,0.15968194110748576
Costa Rica,2002,68.28,21.0286242452936,8460.652295652226,77.18985880536259,1.53,1.5473333333333332,94.1561067618918,6.869087700000001,5.853232753597231,6.5145654275865805,0.27164413778205093
Costa Rica,2003,68.16,20.7436900349618,8862.9941209874,77.4855743160953,1.5,1.6669999999999998,94.38145165766991,6.9691925,6.016778597677651,6.389770672878788,0.26893531311382923
Costa Rica,2004,68.13,20.420090425655104,9365.327753606152,77.7677107865373,1.46,1.7866666666666666,94.59990339291979,6.63006067,6.18755249159093,5.80100058719596,0.25615532940583563
Costa Rica,2005,68.88,20.082356255963898,9898.929193473188,78.036247325685,1.32,1.9063333333333332,94.81127405261542,6.66429663,6.36375796716449,5.808890691448196,0.25632659388793144
Costa Rica,2006,68.57,19.6090845399907,10799.511402898102,78.2916744536477,1.29,2.026,95.0158919320253,6.93530846,6.548270507327651,5.346463662708787,0.2462890426652473
Costa Rica,2007,69.23,18.967324345694,11841.901171424652,78.53414285764191,1.27,2.074,95.21371954985571,6.99642611,6.741114514647861,22.084008973472223,0.6095981875843258
Costa Rica,2008,69.25,18.3142845924477,12471.67231054331,78.7640359926906,1.23,2.1390000000000002,95.4049708043013,7.468548299999999,6.93914749489055,5.536703426168218,0.25041843228055766
Costa Rica,2009,69.48,17.8071741996257,12273.860395482548,78.98136201946771,1.22,2.197,95.6700736028265,7.86019182,7.14634301904244,6.4317871958,0.26984733376748876
Costa Rica,2010,68.64,17.6032020866019,12927.564593014968,79.1867894271423,1.21,2.283,95.92728859315208,8.02937698,7.37013390366294,6.412133518081026,0.26942072635797787
Costa Rica,2011,69.19,19.425183669701898,13614.260399892411,79.3805198940251,1.2,2.3480000000000003,96.17658327392401,8.12197781,7.61268358311462,6.5706692512,0.2728619407397268
Costa Rica,2012,69.29,17.936923292994898,14463.740444808696,79.5623207855867,1.18,2.4330000000000003,96.4170699422162,7.78642273,7.8715744982213,6.522469472200865,0.2718157048569655
Costa Rica,2013,69.41,18.4901589297792,15232.077152949661,79.7329671076377,1.16,2.516,96.6492260936329,7.68229342,8.152661484046192,5.996868796388889,0.2604068914047718
Costa Rica,2014,69.33,17.5539609994868,16393.809542832332,79.8932159964358,1.15,2.617,96.8735289807789,7.66376209,8.45127843462687,6.547403387538222,0.27235692636182224
Costa Rica,2015,69.38,17.663615510841698,17525.1404625145,80.04385092182041,1.15,1.778,97.0905446199626,7.59196186,8.75896902857875,5.323027420640232,0.24578033001306596
Costa Rica,2016,69.04,16.8973562895418,19201.7453233396,80.1855789065264,1.14,1.9240000000000002,97.3007564187582,7.31724358,9.07487624557029,6.406828103420838,0.26930556576376613
Costa Rica,2017,69.12,17.165875341513,20499.34421307783,80.319082313039,1.13,2.0669999999999997,97.5045870013496,7.04522991,9.40002772137051,4.619988049713535,0.2305199899838998
Costa Rica,2018,69.18,15.130743633871301,21498.035074683634,80.4450130998755,1.11,2.2159999999999997,97.7025136559983,7.28587723,9.74221925855286,5.524708531414225,0.2501580682381873
Costa Rica,2019,69.21,13.376644094976301,23339.609131778692,80.5206829817905,1.09,2.3369999999999997,97.89495645706758,7.2212491,10.105472418687,5.628772538372983,0.25241690635829844
Costa Rica,2020,68.81,14.3075712471404,22099.867812739423,80.51604889139459,1.15,2.451,98.08235388544131,7.82545757,10.4850903399069,5.569174881666667,0.2511232654273772
Costa Rica,2021,67.63,14.3075712471404,23852.925302000167,80.51169012131,1.18,2.5180000000000002,98.265064236441,7.61130476,10.8653726911381,8.424161535239978,0.31309428570584535
Croatia,2000,65.23,22.6073432457522,10672.255998953478,85.1082253289099,5.93,2.295,98.45117251938801,7.65291882,15.916732940686,2.138925847798549,0.17666546291121615
Croatia,2001,65.43,22.9227100117706,11654.213527818196,85.1607599553948,5.91,2.3409999999999997,98.45439407984051,7.17128897,16.3137839160889,0.97175,0.15133046597106148
Croatia,2002,65.47,23.4705060596986,12774.669520967858,85.2808149725129,5.62,2.362,98.29333377961241,6.14294004,16.6629681510778,3.6973094559464705,0.21049210867199197
Croatia,2003,65.39,24.076948597883803,13693.288508890277,85.4005329369415,5.59,2.425,98.07356857768922,6.29590559,16.9764059882703,4.672020198055556,0.2316494121883784
Croatia,2004,65.95,24.5682548346735,14688.102908751347,85.5162348663354,5.52,2.497,97.8545220724704,6.50386047,17.2401724293341,4.977038862768713,0.23827021997134723
Croatia,2005,65.86,24.770641978415103,15450.837211077405,85.6313469912276,5.47,2.506,97.63620889129429,6.83877182,17.4721125391927,3.654507046396082,0.2095630293759839
Croatia,2006,66.28,24.4359067796249,17632.499740007806,85.74586238528259,5.49,2.5469999999999997,97.4186224972522,6.90203142,17.6497173177626,3.9344968551333848,0.2156405548499846
Croatia,2007,66.23,23.6376920748174,19568.252637746456,85.85978193200971,5.53,2.678,97.20176401673099,7.38673019,17.8090501185775,3.8306364482625836,0.21338613612187438
Croatia,2008,66.35,22.6849842013375,21017.980331228304,85.9731112360454,5.53,2.6860000000000004,96.98563683058251,7.63114071,17.9300058255278,3.5353039234208326,0.2069755779979152
Croatia,2009,66.68,21.88676949653,20347.708256710306,86.0858481223114,5.43,2.696,96.77024000272431,8.0626564,17.944543020864803,3.899845662952207,0.21488840781957894
Croatia,2010,66.96,21.5520342977398,20141.51821466659,86.1979892363159,5.68,2.8160000000000003,96.55557083920401,7.96871901,17.877551456931602,3.9816183929560225,0.2166633861729627
Croatia,2011,67.25,23.6135683044921,21190.79250410936,86.30930966053829,5.86,2.87,96.3415946710198,7.64100933,17.9482034299939,3.708912602127678,0.21074396932653822
Croatia,2012,67.37,20.9195365864097,21618.767158409304,86.4238871036953,5.8,2.949,96.1289814804925,7.65283728,18.200468558155897,3.955179806604896,0.21608950392071152
Croatia,2013,67.74,20.264041307879502,22429.93987698689,86.5414063204522,5.79,2.995,95.9178030204647,6.4009738,18.476592539949397,2.567734400968903,0.18597328349624087
Croatia,2014,67.91,19.8289409065182,22706.236993038456,86.5901030014101,5.84,3.105,95.7081981742449,6.57961845,18.812239615364803,4.360942244143691,0.22489708003091333
Croatia,2015,67.61,20.1718710437292,23756.013493767012,86.6421632350238,5.5,3.156,95.7190097005678,6.65469885,19.231123625732398,3.2970974899753456,0.20180501241960128
Croatia,2016,68.12,18.1778313300349,25802.11126068161,86.69781548168409,5.43,6.394,95.73053120191321,6.68087435,19.6581193481792,4.080188529705241,0.21880297303782312
Croatia,2017,68.03,18.7613905967833,27887.440914386603,86.7570648657669,5.46,6.624,95.74277081067909,6.61199808,20.1354432241616,3.0980502488756185,0.19748444559694187
Croatia,2018,68.19,20.0014497847215,29788.569642430048,86.81989634727042,5.52,6.766,95.7545423447665,6.69267464,20.668280301366398,4.081309910121542,0.21882731398822
Croatia,2019,68.38,15.914853988952,33063.243731991366,86.8861019385841,5.58,6.931,95.7669528953151,6.7431674,21.182216394534898,4.059813073370277,0.21836069852976658
Croatia,2020,67.73,16.120859296026403,31594.033157759888,86.95588820356741,5.6,6.959,95.7800263365526,7.64949179,21.666176019067503,3.8512575396834547,0.21383374244360887
Croatia,2021,66.8,16.120859296026403,36930.219021995326,87.028826749969,5.6,3.61,95.79369940325329,8.01351929,22.1006673274542,5.81499093192633,0.2564590071606523
Cuba,2000,67.02,21.3974205669767,10191.661698863894,69.9320099057864,5.29,5.943,81.3080697127974,6.58189821,9.8186726684684,1.0970873311328322,0.15405106793239123
Cuba,2001,67.03,21.206308539373,10191.661698863894,69.9320099057864,5.11,5.954,81.5051365608873,6.9820981,10.0656291580179,-0.12087499999999998,0.12761368748909768
Cuba,2002,67.8,20.7560611503545,10191.661698863894,69.9320099057864,5.0,6.005,81.700801188387,7.11481619,10.341784659033099,0.4773473380952383,0.1405988440392107
Cuba,2003,67.62,20.1976249122847,10191.661698863894,69.9320099057864,4.95,6.0729999999999995,81.88771946966651,7.10295439,10.6070240169765,0.3699158710476194,0.13826691102837826
Cuba,2004,67.66,19.681946337527002,10191.661698863894,69.9320099057864,4.93,6.21,82.0663791534735,6.83178711,10.8679332481282,0.5040972680158733,0.14117948438913472
Cuba,2005,67.5,19.3599719384448,10191.661698863894,69.9320099057864,4.88,6.277,82.6899916406474,8.75525475,11.1548632752393,0.6030697591233767,0.14332780485352534
Cuba,2006,68.12,19.1954916262929,10191.661698863894,69.9320099057864,4.86,6.349,83.3149183953816,8.2719059,11.4456418845666,0.08974084974741223,0.13218536528637484
Cuba,2007,68.17,19.0582324966618,10191.661698863894,69.9320099057864,4.86,6.426,83.94114981690609,10.9674921,11.741499108841401,-0.40787701321428554,0.12138395343461343
Cuba,2008,68.03,18.9580468384187,10191.661698863894,69.9320099057864,4.64,6.611000000000001,84.5686588894511,11.31422806,12.0493113496951,0.26668431814630794,0.1360261423543048
Cuba,2009,68.12,18.9047869404309,10191.661698863894,69.9320099057864,4.57,6.636,85.1973567326843,12.29053974,12.347075108859501,-0.707134415863636,0.11488820097816911
Cuba,2010,67.99,18.9083050915655,10191.661698863894,69.9320099057864,4.56,6.776,85.8273291036307,10.688082699999999,12.638760799046901,0.07627775439889609,0.13189313213221646
Cuba,2011,68.49,19.6720738913487,10191.661698863894,69.9320099057864,4.04,6.959,86.45855137163049,11.31298637,12.940948652183001,-0.7181086579090908,0.1146499914665805
Cuba,2012,68.4,19.6276365485068,10191.661698863894,69.9320099057864,4.04,7.256,87.0910198102198,9.29940987,13.2713368911241,0.511707961277778,0.14134468390972665
Cuba,2013,68.32,19.911349394899602,10191.661698863894,69.9320099057864,4.04,7.393,87.7216207113472,10.43099499,13.611579045893901,0.10701591766233806,0.13256034202496234
Cuba,2014,68.2,20.762060268269,10191.661698863894,69.9320099057864,4.01,7.551,88.3531363979165,12.14121914,13.919061211168001,0.2275693192600378,0.1351771028724076
Cuba,2015,68.03,21.400516545925697,10191.661698863894,69.9320099057864,4.05,7.7589999999999995,88.98649203455709,12.81404305,14.202122746171401,-0.11560026666666685,0.12772818210712134
Cuba,2016,68.18,19.747603886986198,10191.661698863894,69.9320099057864,4.13,7.949,89.6215521812865,12.21769619,14.4765104638789,-0.10505247809523781,0.12795713491803376
Cuba,2017,67.83,20.132786514133898,10191.661698863894,69.9320099057864,4.13,8.123,90.25900508064122,11.47201538,14.7546073113309,-0.9297082826666665,0.11005695961462572
Cuba,2018,67.96,20.9153664764928,10191.661698863894,69.9320099057864,4.15,8.429,90.89864609164292,11.01842499,15.0605041766063,1.0251087627914504,0.1524886839847409
Cuba,2019,67.8,20.3431122356184,10191.661698863894,69.9320099057864,4.17,8.589,91.5402228633008,11.08501148,15.369705369077401,0.6585494946666668,0.14453206120691112
Cuba,2020,67.69,21.2367242811561,10191.661698863894,69.9320099057864,4.19,9.187999999999999,92.1835753798285,12.48641968,15.639550250466302,0.6443777773333335,0.14422444653517683
Cuba,2021,64.62,21.2367242811561,10191.661698863894,69.9320099057864,4.22,9.429,92.8284902817438,13.78727913,15.7445780469879,2.478088402123016,0.1840274060941841
Cyprus,2000,68.47,20.3070328790346,21291.2578125,96.3178376197116,3.31,1.8980000000000001,99.6199406645238,5.30800056,9.944690458088369,8.4725549482521,0.31414472465461063
Cyprus,2001,68.49,20.181409311910397,22868.671875,96.3177123172715,4.4,1.906,99.62002472567279,5.33940458,10.028969212562199,1.20125,0.15631204763138473
Cyprus,2002,68.57,20.0359615757853,23556.35546875,96.31779240807751,4.4,1.868,99.6199751312853,5.61565971,10.089256602543198,9.484402300285712,0.33610812427089515
Cyprus,2003,68.65,19.875747012829798,24281.111328125,96.3142802924164,4.3,1.849,99.6136877795187,5.63568783,10.142658489980901,9.210095129190474,0.33015394748299454
Cyprus,2004,68.77,19.705822965214104,25945.517578125,96.5136802774918,4.2,1.8969999999999998,99.6072927397661,5.40558147,10.2251208522064,7.229318917474747,0.2871587472673621
Cyprus,2005,68.95,19.5312467751087,27763.203125,96.7098062817935,2.74,1.879,99.60079515653379,5.43580961,10.336519321740099,8.11172014036715,0.3063123583741491
Cyprus,2006,69.17,19.3234361835894,30015.19140625,96.9050172788264,2.71,1.82,99.5942003777619,5.46357489,10.4796674563598,7.848575484555555,0.3006004778015865
Cyprus,2007,69.45,19.077613123502,32889.08984375,97.10016747514,2.72,1.9709999999999999,99.58749476035841,5.35744858,10.6559207094905,7.8322881717874395,0.30024694151147063
Cyprus,2008,69.75,18.834541224672602,34830.15234375,97.2952651427693,2.73,2.005,99.5806869469341,6.01427698,10.858443859979598,7.889714583333334,0.3014934528778114
Cyprus,2009,70.01,18.634984116926898,33883.72265625,97.49030262920851,2.74,2.043,99.57376515883001,6.46531534,11.0792962859134,7.6836300358333345,0.2970201326063429
Cyprus,2010,70.22,18.519705430090802,33505.8828125,97.68529115290319,2.62,2.124,99.5667445489434,6.50055742,11.318286263767199,7.61478014689394,0.2955256605189539
Cyprus,2011,70.4,18.487501791032102,33406.11328125,97.880227348176,2.61,2.209,99.5596171415889,6.43139076,11.552495982311301,7.89222455920635,0.3015479350119154
Cyprus,2012,70.59,16.876649443898998,31923.98828125,98.07510467179009,2.59,2.253,99.5523804913216,6.53638792,11.7783896817994,7.376499427063493,0.2903534824626751
Cyprus,2013,70.78,16.2406674925642,30415.904296875,98.2699165126514,2.52,2.36,99.54513717877909,6.92774534,12.0174508719101,6.699517293333334,0.2756587470301842
Cyprus,2014,70.81,16.1114833623758,29892.79296875,98.4646684001904,2.47,2.447,99.5378944664201,6.93137264,12.261061632109499,5.648608570392158,0.252847471993681
Cyprus,2015,70.8,16.9122147785325,31388.615234375,98.6593729158753,2.44,2.5660000000000003,99.5306978983581,6.79382181,12.499902624146,6.698805925587301,0.27564330591246144
Cyprus,2016,70.76,14.4813342529054,35246.125,98.85401638838471,2.44,2.679,99.52354571032909,6.65254688,12.730653032767801,5.37321537031746,0.24686972160209128
Cyprus,2017,70.88,15.1071226081124,37767.66015625,99.0486192751046,2.34,2.7510000000000003,99.5164756897262,6.62192535,12.9503446411893,3.9914686650052738,0.21687719852411627
Cyprus,2018,71.03,15.249499994220002,40261.51171875,99.24317438538161,2.27,2.908,99.50949115571649,6.82599831,13.1664879646662,4.227145990210928,0.2219928666766153
Cyprus,2019,71.13,15.0066614653737,44393.125,99.4376985580786,2.24,3.0660000000000003,99.5026390696851,7.06576538,13.3825533556934,4.458288789849757,0.22701010733716676
Cyprus,2020,70.93,13.508701890821,42569.1015625,99.63218829933729,2.24,3.364,99.4959339092573,8.76033878,13.611275890335698,4.485497726046902,0.22760071098665086
Cyprus,2021,70.74,13.508701890821,47632.671875,99.73737213777099,2.24,3.552,99.4893875128893,9.47552109,13.8514250837978,5.016412207139644,0.239124867161865
Czechia,2000,65.31,20.464169154237002,16328.797923439519,94.7072072649225,7.82,3.3810000000000002,99.01993529872058,5.70103025,13.760994154034801,3.572056819200749,0.20777334510720064
Czechia,2001,65.51,20.693902558972002,17711.335522848018,94.69868527573509,7.76,3.443,99.01832207887671,5.86295414,13.803199120870199,1.3416875000000001,0.15936041745457272
Czechia,2002,65.54,21.157485093241398,18344.03294279379,94.96039292333191,7.73,3.492,99.0224988407021,6.17736149,13.8299128431282,4.956635212207436,0.2378273334726993
Czechia,2003,65.46,21.691250226708103,19606.58938716002,95.2230766372257,7.69,3.509,99.02684062019149,6.52412462,13.856826949045901,5.740199807298214,0.2548355731963718
Czechia,2004,65.82,22.131531429035203,20990.93282259872,95.4868173311297,7.6,3.4989999999999997,99.0313656821167,6.35071039,13.9214932549247,5.707206926991927,0.25411942187848485
Czechia,2005,65.97,22.314662169885803,22114.83630852016,95.75161684208071,7.52,3.5389999999999997,99.0360747100717,6.34086704,14.0575832897421,4.707380414090099,0.23241694945941435
Czechia,2006,66.41,22.168309934983803,23919.29270940882,96.01747714198,7.4,3.551,99.04096915773941,6.16380167,14.252679764941599,5.626178192229233,0.2523605928630033
Czechia,2007,66.6,21.819301739304,26268.565317379882,96.2843591808317,7.3,3.5610000000000004,99.0460417932649,5.98578405,14.482304934547802,5.1799371298347925,0.24267437808083636
Czechia,2008,66.81,21.402710346385,27937.841568101976,96.55234588760099,7.22,3.557,99.0513031802799,6.33024931,14.781872836981599,4.812041344259591,0.23468874453690763
Czechia,2009,66.91,21.0536085197657,27698.81061316626,96.82137179921041,7.16,3.5839999999999996,99.0567489826448,7.24880648,15.1357868347276,5.436964586420989,0.24825347727007085
Czechia,2010,67.11,20.907069022985002,28156.98547246009,97.0914965657722,7.3,3.5989999999999998,99.06238561303171,7.55343866,15.4590024087743,21.766642873020448,0.6027093634204091
Czechia,2011,67.29,21.014118475339302,29237.187095984682,97.362670224896,7.06,3.637,99.0682046251775,7.5335784,15.8988256979579,5.472184157738829,0.24901796167338852
Czechia,2012,67.44,19.2882808825023,29465.607401189383,97.6355756543746,6.93,3.675,99.0741157391505,7.59409809,16.5000497271668,5.37543106073223,0.2469178159059482
Czechia,2013,67.56,18.933638492251102,31013.00829338312,97.9071084983914,6.7,3.688,99.07977915855422,7.49541759,17.0821590856387,2.958065192487119,0.19444589662254416
Czechia,2014,67.98,18.3617483140192,32743.489773169014,98.1117280972776,6.68,3.9345,99.07554850078908,7.59510136,17.605493958458897,5.937715522774219,0.2591228963590772
Czechia,2015,67.88,17.8128111083862,34102.17698805803,98.1442329323917,6.68,3.9516,99.0751703935412,7.3351512,18.0968797652582,4.817568481260243,0.23480871788904942
Czechia,2016,68.21,16.9928991704268,36445.04857320637,98.15068480365679,6.69,4.0194,99.07479725652149,7.393045900000001,18.5951592241056,5.365919443027006,0.24671135446664388
Czechia,2017,68.22,16.9432784272519,39346.030564257,98.15016282287701,6.67,4.0676,99.0743713886289,7.33911419,19.085882000882002,4.065405035891647,0.21848207900010067
Czechia,2018,68.29,17.3467438168398,41638.18310765962,98.1495781995876,6.68,4.074,99.07389383402901,7.46030998,19.5315793430182,4.9321702195767,0.23729629051579643
Czechia,2019,68.49,14.233687401796699,45614.01711325321,98.14893402498122,6.66,4.119,99.07336771682509,7.61342955,19.9485877378936,4.924195688616679,0.23712319344747343
Czechia,2020,67.7,14.111071138413301,44839.48220994547,98.1482411807839,6.6,4.16,99.07280305425378,9.15721989,20.2939736426932,4.62883423742895,0.23071200744135906
Czechia,2021,66.66,14.111071138413301,47796.0337408466,98.14747957849409,6.6,4.254,99.0721814938167,9.45247459,20.5371541683077,6.638731847747449,0.2743393236709458
Denmark,2000,66.66,15.647778890228,28641.699043415552,94.60385744335079,4.29,2.912,99.5972376023296,8.10438347,14.817904553259401,6.196809494030732,0.2647468518079302
Denmark,2001,66.78,15.395412363636,29462.123290561784,94.6038614620039,4.22,2.932,99.59724163047821,8.44832516,14.8038992854408,1.4644375,0.1620248581901051
Denmark,2002,66.83,15.081752552234098,30666.59676740218,94.60386435410079,4.28,3.035,99.5972442699568,8.70251179,14.817030784647,7.151503000590628,0.28546965644195404
Denmark,2003,67.11,14.742653395411999,30868.04561322233,94.60386453168631,4.13,3.0780000000000003,99.59724401113708,8.9036293,14.869883717468099,6.976844562069812,0.28167847877678626
Denmark,2004,67.43,14.4139688325594,33019.97729465643,94.92705700780701,3.96,3.22,99.5972402944734,9.00743198,14.9629722691678,6.86458186446998,0.2792416779249269
Denmark,2005,67.8,14.131552803066098,34238.32181474373,95.2502495483266,3.84,3.324,99.59723632429501,9.0905695,15.092827279437802,6.826006230489457,0.2784043460261351
Denmark,2006,67.86,13.864524345845199,37400.30752133335,95.57344673068029,3.78,3.411,99.5972374048181,9.16879559,15.248159972928299,6.736372550478907,0.27645873601965215
Denmark,2007,67.94,13.585442059707301,39111.519025761634,95.896638929089,3.68,3.447,99.59723348561751,9.325154300000001,15.4557349146506,6.639160619869386,0.2743486307007458
Denmark,2008,68.19,13.335319223888199,41467.38618797774,96.2198338353112,3.56,3.573,99.59723239434959,9.51134396,15.735788408074,6.73862629682926,0.2765076563747107
Denmark,2009,68.39,13.155169117623698,40503.204630682136,96.5430289890963,3.49,3.648,99.59723166994159,10.67432022,16.1019309009513,6.696135611484894,0.2755853434385623
Denmark,2010,68.62,13.0860050201498,43042.39463702105,96.8662231774352,3.5,3.7239999999999998,99.59723005855541,10.60774708,16.5574489274022,6.484141459168225,0.27098374787744467
Denmark,2011,69.02,13.355678950845801,44443.71638447256,97.18941985402809,3.13,3.785,99.5972309188778,10.40702915,17.0763558660448,6.867104372517119,0.2792964320853872
Denmark,2012,69.26,10.811456086122,44755.16242730184,97.5126213303266,3.0949999999999998,3.8310000000000004,99.59723657824871,10.521971699999998,17.603544330463397,6.049943572892667,0.26155894514445366
Denmark,2013,69.43,10.396328785588501,46869.19328877493,97.8358114903989,3.06,3.842,99.59723081717691,10.32915878,18.053347686891197,6.194738190006402,0.2647018915894528
Denmark,2014,69.69,10.8104890765495,47879.59555582332,98.15901198277479,2.69,3.872,99.5972357033725,10.30918217,18.4155552098464,6.224254998885638,0.26534259047304354
Denmark,2015,69.78,10.2267270069046,48910.332437190045,98.482205812779,2.53,3.9339999999999997,99.59723382468991,10.34411812,18.7039395633233,5.991026873215873,0.26028008522899965
Denmark,2016,69.87,9.234317032094019,51820.95213054909,98.80539784945731,2.61,4.013999999999999,99.5972301475052,10.25162029,18.9425702764271,5.085365530579137,0.2406215844231483
Denmark,2017,70.06,10.0945595167367,55271.59760026594,99.12859376380041,2.62,4.129,99.5972303913109,10.09825516,19.1822684091773,5.124869490171942,0.24147906677878084
Denmark,2018,69.97,10.3539340590391,57233.623168561775,99.4517911673513,2.62,4.215,99.5972321137483,10.09764194,19.4403886413888,5.246337493409017,0.24411568018724225
Denmark,2019,70.31,9.611972853771961,60594.96640019098,99.7749812472358,2.6,4.265,99.5972264992143,10.1524353,19.7143802297606,5.401366257478004,0.24748077146353262
Denmark,2020,70.24,9.06983927345931,62682.289947438905,99.9188299447384,2.59,4.381,99.5972310070963,10.71854591,20.0008145375227,5.796744848045698,0.25606295331824497
Denmark,2021,70.06,9.06983927345931,69715.18096809289,99.91882840912041,2.51,4.381,99.59722897392841,10.74728584,20.2481262517018,6.402879328533061,0.269219852715567
Djibouti,2000,52.37,42.9159218505288,3762.281961039902,69.9320099057864,1.75,0.158,43.8005585471414,3.39641857,3.1642465695684,8.589167458095238,0.3166759435670239
Djibouti,2001,52.34,42.4652585898573,3762.281961039902,69.9320099057864,1.75,0.158,43.8212949493816,3.1960845,3.1810691638802897,0.24079999999999996,0.13546429117971823
Djibouti,2002,52.35,41.3895884356727,3762.281961039902,69.9320099057864,1.75,0.158,43.8420347636871,3.75243783,3.20278189081091,7.8166962121212125,0.2999084987213975
Djibouti,2003,52.49,40.1033908297196,3762.281961039902,69.9320099057864,1.61,0.158,43.862772378035494,4.27048731,3.2468202955309,7.952903666666667,0.30286505017047355
Djibouti,2004,52.58,39.0211452137423,3762.281961039902,69.9320099057864,1.61,0.158,43.883509634259006,3.53544688,3.3074352684556203,4.701449820384616,0.23228821857994564
Djibouti,2005,52.88,38.5573310294856,3762.281961039902,69.9320099057864,1.61,0.16899999999999998,45.4139101542283,3.80321956,3.36774444180956,4.366332142857143,0.22501407445610697
Djibouti,2006,53.01,38.648058455394704,3762.281961039902,69.9320099057864,1.61,0.218,46.9402321181691,4.21972466,3.4201018037683304,4.164609031198686,0.22063542454978408
Djibouti,2007,53.67,38.95662272888789,3762.281961039902,69.9320099057864,1.5625,0.216125,48.462024888381606,4.05262756,3.47044546912476,4.049213792436781,0.21813062801337912
Djibouti,2008,54.04,39.4882808801691,3762.281961039902,69.9320099057864,1.5150000000000001,0.21425,49.9792625492526,3.6125772000000005,3.52764850876549,3.90364214202381,0.21497081509851967
Djibouti,2009,54.35,40.2482899394421,3762.281961039902,69.9320099057864,1.4675,0.212375,51.491450107900896,3.63905573,3.5924333563350297,3.760885211722943,0.21187209916879923
Djibouti,2010,54.63,41.241906936911,3762.281961039902,69.9320099057864,1.42,0.21050000000000002,53.0040688366127,3.35699701,3.6666965868907497,3.715960204554411,0.2108969462633498
Djibouti,2011,54.93,44.85043435388229,3762.281961039902,69.9320099057864,1.42,0.208625,54.517359117088205,3.37387872,3.74842853490695,3.338492770707071,0.2027035482423337
Djibouti,2012,55.3,49.945890256722095,3762.281961039902,69.9320099057864,1.11,0.20675000000000002,56.031031232703,3.29730988,3.8373515318115596,3.4505767414489723,0.2051364696064473
Djibouti,2013,55.64,47.8759603560518,3762.281961039902,69.9320099057864,1.09,0.204875,57.545815952446006,2.91782117,3.9329850140811904,13.474990507599069,0.42272878234259204
Djibouti,2014,55.98,42.8427623405981,3978.346670925536,69.9320099057864,1.2,0.203,59.060863750812,2.95930099,4.03239197480846,18.118606391705022,0.523524214699228
Djibouti,2015,56.3,45.16489347392589,4263.962888904553,69.9320099057864,1.28,0.203,60.5779617075524,3.3475771,4.1236855749167205,12.460429935768065,0.4007064889311742
Djibouti,2016,56.69,44.0959715411584,4431.565885561759,69.9320099057864,1.46,0.203,62.0957006266769,2.7416593999999996,4.20015168847389,13.94625925532684,0.4329582540234817
Djibouti,2017,57.02,44.085403843017204,4676.713360589029,69.9320099057864,1.44,0.203,63.6147917367826,2.46857476,4.26723281861097,13.511949832424241,0.42353103024989935
Djibouti,2018,57.35,43.0573056895078,5083.110770301825,69.9320099057864,1.42,0.203,65.13540278137671,2.51871514,4.33377927794291,9.683171804308685,0.3404226624664175
Djibouti,2019,57.61,39.7218573893781,5398.000367739844,69.9320099057864,1.42,0.203,66.65771060283339,2.40641236,4.4058145932476,13.235336773833334,0.4175268013188213
Djibouti,2020,57.39,35.924330483110104,5527.001852298884,69.9320099057864,1.42,0.203,66.7421157146302,2.32228446,4.47507370914554,11.421187139323528,0.37814843727369646
Djibouti,2021,56.99,35.924330483110104,5960.108073968246,69.9320099057864,1.42,0.203,66.8311205695029,2.88669515,4.541056037558151,10.81072126444791,0.3648975195981689
Ecuador,2000,63.5,43.2126751514231,5728.252498571334,61.5596332451054,1.55,0.816,73.0247894296071,3.4825684999999997,4.70853356421724,4.012191501666668,0.21732701335227433
Ecuador,2001,63.88,43.1110715739064,5998.875086486115,61.999970590014705,1.57,0.856,73.682272686074,3.97254419,4.801153737076509,0.832,0.14829701918661628
Ecuador,2002,63.98,43.081397410495796,6281.522151511082,62.4001959387655,1.5,0.853,74.29403889854659,4.72293711,4.89906284383755,4.4710100827922075,0.22728623875162304
Ecuador,2003,64.58,43.047347055490704,6475.065973437359,62.773928643280705,1.39,0.813,74.8765406550674,5.70121288,5.002757377925589,4.508924249984849,0.22810921269477463
Ecuador,2004,64.65,42.932614903190796,6980.091263563623,63.146826280628204,1.57,0.889,75.4556589592685,5.790411,5.111850678773429,3.4965023776700335,0.2061333424044321
Ecuador,2005,64.49,42.660895347895604,7457.4655360656425,63.518682991500505,1.55,0.907,76.2586729736281,5.76793766,5.222649235844231,3.5132737217724865,0.2064973851939735
Ecuador,2006,64.67,40.6649998941415,7884.516935944961,63.8895127466381,1.42,0.9,77.060905576886,5.84506655,5.33269549556598,3.48181477571123,0.20581452981814843
Ecuador,2007,64.94,36.2866971643751,8112.448244736613,64.2597187445276,1.44,0.983,77.86271865950201,5.55722475,5.44564422927211,17.689111478627197,0.5142014958225805
Ecuador,2008,64.98,30.8131172297608,8662.607362820745,64.6288953675128,1.63,1.102,78.663760639549,5.52174902,5.57029310570471,13.793209066357008,0.42963611016953346
Ecuador,2009,65.37,25.5313901614633,8662.106726909788,64.99704829720139,1.52,1.2229999999999999,79.4640520853321,6.03388453,5.704944663090661,2.8763502494871793,0.19267217260762975
Ecuador,2010,65.54,21.728646030647102,8968.940408389426,65.3643851830719,1.59,1.291,80.2637776434408,6.34925699,5.84280241790392,2.8146475843302303,0.1913328398619264
Ecuador,2011,65.88,19.5919330091265,9768.692010804045,65.7244032222106,1.61,1.39,81.0578095261347,6.60509682,5.97546956519271,2.662898781175214,0.18803894419842732
Ecuador,2012,66.07,20.8650376880852,10244.517781618393,66.07921003734529,1.49,1.57,81.8481545734272,6.87859821,6.10744060856165,2.507889571409764,0.1846742773725068
Ecuador,2013,66.54,19.859262072983302,11295.612780441887,66.43344351138529,1.51,1.6540000000000001,82.63856390709421,6.77866411,6.26391164365569,2.3436233105275406,0.18110867479028125
Ecuador,2014,66.92,20.279178899040197,11835.609127653777,66.7869149451336,1.54,1.692,83.4289010855999,6.76601839,6.4484719155127195,3.296947507984247,0.20180175687478105
Ecuador,2015,67.13,20.1729639726852,10877.750746138814,67.1395948583111,1.53,1.814,84.2194382578739,7.76786041,6.639976392801651,2.0257589434718506,0.17420903513278718
Ecuador,2016,67.16,20.739916962206102,10881.48907067323,67.4923977988136,1.39,2.064,85.0099232884518,7.58817482,6.825689466344071,3.36521374493081,0.2032835600730045
Ecuador,2017,67.29,19.2459328647667,11793.479742694399,67.8456046267449,1.4,2.234,85.80048863481059,7.52484131,7.00392693239207,2.0670645922463486,0.1751056253829083
Ecuador,2018,67.41,18.386683414634,12186.884608438771,68.2031322851941,1.4,2.345,86.5928399282026,7.83214045,7.19452567257434,2.9210677767104842,0.1936428219039723
Ecuador,2019,67.62,17.769931645036,12543.014824392461,68.56561697441491,1.39,2.32,87.3866333551063,7.80768251,7.40791180679909,3.9074490319919826,0.21505344835886092
Ecuador,2020,63.52,16.6570210758922,11526.801300927762,68.9342268251574,1.32,2.3080000000000003,88.1817507856303,8.6576252,7.56175266539115,3.8009951014117647,0.2127427339874111
Ecuador,2021,64.34,16.6570210758922,13507.444563837456,69.24785515574641,1.3,2.3080000000000003,88.9779601085787,8.20646191,7.67036612479336,5.555926266313806,0.2508356878270875
El Salvador,2000,62.02,32.8863851082494,4422.445105742476,69.9320099057864,0.9,1.321,80.6037786224969,7.84342813,4.668356281608769,5.829369205222222,0.25677110538530556
El Salvador,2001,62.09,32.370418643123,4542.925871924985,69.9320099057864,0.9,1.321,80.6919918345083,7.88604879,4.936394741339731,0.26806250000000004,0.13605605749786445
El Salvador,2002,63.29,31.3515689349669,4671.5530282812515,69.9320099057864,0.9,1.321,80.7798862617498,7.88565731,5.214168470895269,6.224377312727273,0.26534524544642174
El Salvador,2003,63.14,30.0717063191467,4828.702970671381,69.9320099057864,0.9,1.4523333333333333,81.13186294592441,7.77182293,5.50501921407142,6.315904186378787,0.2673319495649799
El Salvador,2004,63.29,28.772701131028,4997.5938525802085,69.9320099057864,0.9,1.5836666666666668,81.47949042028671,8.130216599999999,5.810409929203451,5.521741162820201,0.25009365782874327
El Salvador,2005,63.37,27.6964237059766,5291.669622992426,69.9320099057864,0.9,1.715,81.8222708575253,9.20057869,6.131192212572401,5.431526162906782,0.24813542955399487
El Salvador,2006,63.59,26.7283220814392,5694.523308840913,69.9320099057864,0.9,1.7773333333333334,82.160813551355,8.69338894,6.46564215716941,5.2340445212504125,0.2438488460057339
El Salvador,2007,63.97,25.6985915806074,5949.4264061197055,69.9320099057864,0.7,1.8396666666666666,82.5029332594397,8.47836304,6.638613157505679,5.185363324252137,0.24279216034922324
El Salvador,2008,64.21,24.766223467463497,6174.6915515457395,69.9320099057864,0.8,1.902,82.8897095830639,8.49585915,6.65049396724809,5.261846780524197,0.24445232846723208
El Salvador,2009,63.89,24.09020900599,6062.675719515575,69.9320099057864,1.1,1.8600249999999998,83.2704470759254,8.83749676,6.67535343524993,5.340491948490755,0.24615941921413947
El Salvador,2010,64.38,23.829539460169396,6247.914527168286,69.9320099057864,1.0,1.81805,83.6456953805782,8.90416241,6.71912056351671,5.288817189654189,0.24503775459138627
El Salvador,2011,64.4,27.5567469396669,6593.6780680802185,69.9320099057864,1.04,1.776075,84.015819833389,8.87645435,6.781402095555639,4.845243106444576,0.23540942989460323
El Salvador,2012,65.0,24.261782603193303,6708.390322462836,69.9320099057864,1.08,1.7341,84.3807461910215,8.60625362,6.8551065387084495,4.8906157784293365,0.23639429991917466
El Salvador,2013,64.69,25.800963640805502,7092.588521332975,69.9320099057864,1.08,1.6921249999999999,84.7403911391232,9.05235958,6.93865729334162,4.330513408494396,0.22423658447703312
El Salvador,2014,64.02,23.562448137370602,7503.711058119813,69.9320099057864,1.37,1.65015,85.09527391785491,8.5989418,7.0301908743451795,5.466935302017793,0.24890402876098072
El Salvador,2015,63.13,23.941083169419898,7933.736978589992,69.9320099057864,1.03,1.6081750000000001,85.445452477435,8.75833225,7.130822577798179,3.985396246426407,0.21674538916016733
El Salvador,2016,63.8,22.755405114346104,8455.616147739745,69.9320099057864,1.07,1.5662,85.789208776824,8.71456337,7.2450899275166,5.861115346215914,0.2574601946827357
El Salvador,2017,63.96,22.1065954946575,8965.218908634504,69.9320099057864,1.06,2.2511,86.1264645689972,8.42286873,7.37013810257883,4.251603396936837,0.2225237449720613
El Salvador,2018,64.65,21.0853412269847,9203.762163107725,69.9320099057864,1.07,2.9360000000000004,86.45658233261601,8.322752000000001,7.499580975777791,4.009653188904371,0.21727191613090258
El Salvador,2019,64.39,18.267588582606102,9756.7521864595,69.9320099057864,1.06,2.9283333333333337,86.7364561760088,8.80846119,7.62636268560709,4.9301764795372,0.23725301391964723
El Salvador,2020,62.58,20.0287144500145,9392.689138179434,69.9320099057864,1.08,2.920666666666667,87.0096574927862,8.95105076,7.709730108561421,4.89663514325,0.23652495768561219
El Salvador,2021,62.2,20.0287144500145,10809.713399517961,69.9320099057864,1.16,2.9130000000000003,87.2765374387919,10.12668991,7.76244342933013,4.99849838227186,0.23873602541272515
Equatorial Guinea,2000,46.6,36.2092084679716,7420.393101115942,69.9320099057864,1.1,0.185,54.790530594174,1.10719955,3.3265602982600098,1.5237765831818184,0.1633128864625188
Equatorial Guinea,2001,47.28,35.6237081613021,11626.723117167328,69.9320099057864,1.1,0.185,55.776966411997,1.20301223,3.3430665792697205,-0.35536666666666666,0.12252375552323581
Equatorial Guinea,2002,47.83,34.2165652476179,13254.82362222398,69.9320099057864,1.375,0.185,56.7470042992933,2.74982214,3.39015761500933,4.189367518623189,0.22117283817458253
Equatorial Guinea,2003,48.09,32.5118032226669,14496.174411968834,69.9320099057864,1.6500000000000001,0.185,57.6992350383254,1.82749844,3.4643589025343102,4.4164337393589745,0.22610159164254026
Equatorial Guinea,2004,48.5,31.0334455821968,19354.212082155675,69.9320099057864,1.9250000000000003,0.185,58.6335894811516,1.45293236,3.5616637765837202,3.2042947158148145,0.1997906133007114
Equatorial Guinea,2005,49.02,30.3055158219553,22137.049779500703,69.9320099057864,2.2,0.1976923076923077,59.5483734842498,1.29643011,3.59580817149004,4.202514288809523,0.22145820509943098
Equatorial Guinea,2006,49.86,30.1377642234973,23511.39865708999,69.9320099057864,2.125,0.2103846153846154,60.444339599653304,1.29171872,3.55992822688705,4.715604765238095,0.23259546918423749
Equatorial Guinea,2007,50.66,29.995983147034302,26610.76912196188,69.9320099057864,2.05,0.22307692307692306,61.3207811186255,1.30165792,3.5217133635251003,4.130544171954023,0.21989600460174613
Equatorial Guinea,2008,51.28,29.8882592062992,30522.778714277447,69.9320099057864,1.975,0.23576923076923076,62.1777142751886,1.11555505,3.47943348731709,3.5538452419047615,0.2073780402729381
Equatorial Guinea,2009,51.82,29.822679015025102,29722.000563106612,69.9320099057864,1.9,0.24846153846153846,63.0143173257129,1.76790512,3.4331625388646203,2.737319379835797,0.18965433543780785
Equatorial Guinea,2010,52.01,29.8073291869447,26167.826852527618,69.9320099057864,2.1,0.2611538461538461,63.831192420274,1.62134743,3.3841987746881004,1.8320195597619047,0.1700036819268099
Equatorial Guinea,2011,51.86,30.9097483573422,27241.600037060267,69.9320099057864,2.1,0.27384615384615385,64.6283695926991,1.42923641,3.33570750715373,2.0425555123809516,0.17457362545798955
Equatorial Guinea,2012,52.09,30.2700780563152,30011.927440962525,69.9320099057864,2.1,0.2865384615384615,65.4060732402599,1.51459455,3.2917711326704704,2.20536085037037,0.17810751689995388
Equatorial Guinea,2013,52.79,29.5859759824635,27909.5175876754,69.9320099057864,2.1,0.2992307692307692,66.0469451872043,1.64174414,3.25809044300403,7.550269926778713,0.294125386316647
Equatorial Guinea,2014,53.24,29.8573749067307,27177.27166502602,69.9320099057864,2.1,0.3119230769230769,66.1151129596268,1.7540164,3.2506862452695096,7.932008009733262,0.30241148406433044
Equatorial Guinea,2015,52.91,38.4946753401213,19478.701012333764,69.9320099057864,2.1,0.3246153846153846,66.1825230692518,2.34058237,3.26853622922259,7.756576673656565,0.2986035297007327
Equatorial Guinea,2016,52.71,36.5313373748734,16649.47576723594,69.9320099057864,2.1,0.3373076923076923,66.2485390317556,2.85941601,3.29999084993496,7.770711944188948,0.2989103532495249
Equatorial Guinea,2017,53.01,32.7521931809298,18434.770857100368,69.9320099057864,2.1,0.35,66.3127866671561,2.7471416,3.3426555568036402,7.5377202762323225,0.2938529806129199
Equatorial Guinea,2018,53.18,31.391305345776402,18413.12942045769,69.9320099057864,2.1,0.35,66.3127866671561,2.85223722,3.39134829889719,6.829938684833914,0.2784897048167338
Equatorial Guinea,2019,53.17,31.552378462548198,16451.364147832443,69.9320099057864,2.1,0.35,66.3127866671561,3.16780853,3.44128197191076,7.465051391678209,0.2922756124971425
Equatorial Guinea,2020,52.85,35.379052181196705,13677.110587516952,69.9320099057864,2.1,0.35,66.3127866671561,3.99582434,3.48287778074576,6.6676173682937065,0.2749663196596261
Equatorial Guinea,2021,53.26,35.379052181196705,16821.448647041292,69.9320099057864,2.1,0.35,66.3127866671561,3.39468098,3.5207798103976806,6.924271696285713,0.2805373196307266
Eritrea,2000,47.69,43.58750226564221,1557.8758023158123,69.9320099057864,1.48,0.042,8.28530072689983,5.76670074,3.16749079118179,-0.46935789473684214,0.12004943477730069
Eritrea,2001,48.8,43.229426175895604,1683.6844186610879,69.9320099057864,1.48,0.039,8.6404789305264,5.91931677,3.21851096318745,-0.23190000000000002,0.1252037523961243
Eritrea,2002,49.3,42.3748453519965,1701.6952368487757,69.9320099057864,1.48,0.052000000000000005,8.986295797711911,6.68857431,3.26444706136036,-0.6544761871428573,0.11603121303246339
Eritrea,2003,49.73,41.3525620117836,1620.850930400385,69.9320099057864,1.48,0.039,9.322086505030349,7.33703375,3.30083006436096,-1.3564266599999997,0.10079450888413934
Eritrea,2004,50.16,40.491378373095294,1620.7640291248165,69.9320099057864,1.51,0.051,9.647447229394109,7.00984907,3.3316225885281603,-0.06507185365079349,0.1288249638744639
Eritrea,2005,50.56,40.120096653770204,1674.07005453978,69.9320099057864,1.39,0.043,9.96153520031783,6.8641758,3.3746058425579704,-0.2648101102777775,0.12448939770418971
Eritrea,2006,51.11,40.1585888331385,1682.2389419934734,69.9320099057864,1.34,0.047,10.2644175982683,6.85727453,3.43060593260149,-0.2825634981974026,0.12410403843765808
Eritrea,2007,51.58,40.278493037759205,1727.0934417258093,69.9320099057864,1.38,0.042,10.5550786241031,5.2786292999999995,3.4941022829901702,-0.8913323750285713,0.11088995620585969
Eritrea,2008,51.89,40.436260706313895,1546.9274753576767,69.9320099057864,1.31,0.042,10.8337740406528,6.57807541,3.5481668946527005,0.3274429469191924,0.13734498362141326
Eritrea,2009,52.3,40.5883432774844,1576.7428459907737,69.9320099057864,1.31,0.042,11.022041420239502,5.42343187,3.60497388227024,-0.2709995671861469,0.12435504787838539
Eritrea,2010,52.64,40.6911921899525,1599.191061064565,69.9320099057864,1.19,0.040999999999999995,11.2019452505005,4.81866503,3.6603284715585898,-0.20655990267676755,0.12575379058390743
Eritrea,2011,53.06,40.8624855844964,1742.32363018235,69.9320099057864,1.24,0.042,11.3735403344941,5.1622901,3.71230804889803,-0.6133531386147184,0.11692383971814689
Eritrea,2012,53.46,42.9058422883202,1742.32363018235,69.9320099057864,1.21,0.047,11.536517308844099,3.74245787,3.77403470576197,-0.2940977428019322,0.12385367337714565
Eritrea,2013,53.8,43.474044642433796,1742.32363018235,69.9320099057864,1.16,0.052000000000000005,11.636270009495599,4.96765137,3.82588509057412,4.185330750398551,0.221085215122056
Eritrea,2014,54.22,35.7775635476002,1742.32363018235,69.9320099057864,1.15,0.061,11.7366810070379,3.91432285,3.88317613961742,5.051818990116859,0.23989341522604946
Eritrea,2015,54.53,41.14963608975379,1742.32363018235,69.9320099057864,1.15,0.064,11.837912492825401,4.50776815,3.93267399677867,4.753614046525641,0.23342050769658654
Eritrea,2016,54.86,39.6073262193782,1742.32363018235,69.9320099057864,1.14,0.067,11.939966014086599,3.73838949,3.9638070623145003,4.457857782945665,0.2270007517986531
Eritrea,2017,55.13,41.4045411789422,1742.32363018235,69.9320099057864,1.14,0.066,11.939966014086599,4.15359449,4.000940213887549,5.267856592025642,0.2445827788670473
Eritrea,2018,55.4,41.5613821480188,1742.32363018235,69.9320099057864,1.08,0.081,11.939966014086599,4.24748898,4.03411092062809,3.9473647987145988,0.21591986949813383
Eritrea,2019,55.67,36.2661285542054,1742.32363018235,69.9320099057864,1.01,0.071,11.939966014086599,4.64806461,4.0675805214132295,4.035020899904762,0.21782255370773884
Eritrea,2020,55.75,32.351520638685194,1742.32363018235,69.9320099057864,1.0,0.08199999999999999,11.939966014086599,4.31046677,4.09100376283262,3.7818567204649853,0.2123273117323664
Eritrea,2021,55.42,32.351520638685194,1742.32363018235,69.9320099057864,1.0,0.079,11.939966014086599,4.17839003,4.1006118173246096,3.9351252717521374,0.21565419541078207
Estonia,2000,61.85,11.8151297405178,9422.497064919138,91.7274540437952,7.04,2.9419999999999997,99.7576887855181,5.17029095,14.9933750752507,4.218729102979127,0.22181016771770048
Estonia,2001,61.77,11.392286240478402,10309.997880742592,92.04930310454408,6.6,2.783,99.7554350798851,4.78060246,15.2882046634728,1.459125,0.16190954379981984
Estonia,2002,62.06,10.8659889979478,11666.664963848929,92.37476488670971,5.98,2.965,99.75165299687,4.70329475,15.647710838133,5.420735076351905,0.24790119565910715
Estonia,2003,62.67,10.330126858183801,13136.718508319329,92.7037013002634,5.73,2.9960000000000004,99.70673846253929,5.13883257,16.026188131451303,6.141096021322136,0.26353752189996477
Estonia,2004,62.99,9.878588666443811,14539.97108411167,93.03631060984242,5.64,3.0239999999999996,99.64523158580091,5.33758926,16.3887820729212,6.329777962068236,0.26763309704443083
Estonia,2005,63.51,9.60526326798543,16638.077974939715,93.37261069342921,5.38,3.142,99.58384172111259,5.29536009,16.7234688774936,4.816231524406521,0.23477969758515776
Estonia,2006,63.65,9.491502116527961,19348.38685897817,93.7124832185729,5.55,3.1830000000000003,99.522563231891,4.97390509,17.0809882539691,6.46551429525327,0.27057942222105
Estonia,2007,63.77,9.42873775517208,22201.354384926508,94.0560942424225,5.48,3.26,99.4613971184116,5.18455648,17.3721726152183,5.605756172722779,0.25191730764365633
Estonia,2008,64.69,9.37598066324752,22803.51947422729,94.4034704232394,5.63,3.343,99.40035056850321,5.95724869,17.4424900940412,5.456796845530676,0.24868396100978155
Estonia,2009,65.34,9.29224132008397,20478.252475283272,94.7546292638518,5.37,3.28,99.33942235055589,6.84477043,17.4326363206181,5.255729131585878,0.24431953732232825
Estonia,2010,66.01,9.136530205011152,21616.712241846068,95.10948764511629,5.27,3.2439999999999998,99.2786089293532,6.59433842,17.4402915321171,5.978779812254187,0.26001424760686637
Estonia,2011,66.33,8.276636196190129,24652.361029791802,95.4681798403471,5.36,3.2939999999999996,99.21790982200741,6.0781703,17.571641400301,5.248879032970237,0.24417084745027998
Estonia,2012,66.44,7.990138869092469,26242.528265901426,95.8422445867478,5.53,3.283,99.15749147210909,6.09506845,17.8628188378184,5.83502190804347,0.2568938042990554
Estonia,2013,66.95,8.08122179915709,27831.152623421334,96.2281327787838,4.9,3.335,99.0971593772044,6.28062296,18.198455975497698,4.334472969963024,0.2243225316613252
Estonia,2014,67.0,8.70767888073313,29403.65844948149,96.61295850099519,4.9,3.361,99.03670244763791,6.36199951,18.5609288129198,5.897477115059798,0.25824947189759234
Estonia,2015,67.42,7.18496063252666,29720.59111616764,96.99677578311109,4.82,3.417,99.0355098457434,6.64135027,18.88875196261,5.331072030801775,0.24595494823722802
Estonia,2016,67.46,6.878352796603741,31947.776910743727,97.3795735563467,4.69,3.4560000000000004,99.03422928972591,6.70240974,19.186016024635002,5.2434144336482795,0.24405223155588662
Estonia,2017,67.87,6.15485238171865,34506.64869425064,97.69470927334291,4.61,3.468,99.03284605439171,6.59727049,19.467415400275303,4.21435921118743,0.22171531380568693
Estonia,2018,67.97,7.796681105787599,37120.98797616774,97.8880540177548,4.53,3.483,99.03135451192921,6.6912818,19.6754905294355,5.201636686558745,0.24314539382729902
Estonia,2019,68.37,6.84482514683862,40586.37843788875,98.0780494552257,4.53,3.469,99.0297517072032,6.81699181,19.896534688351103,5.60415895043305,0.2518826379562229
Estonia,2020,68.07,6.145732909730031,40672.13404021316,98.2682282623831,4.46,3.48,99.02802282469949,7.57906437,20.2000948355964,5.994483741831027,0.26035512084248724
Estonia,2021,66.74,6.145732909730031,44251.53749834551,98.4411838065781,4.46,3.438,99.0261691561023,7.47860336,20.4337977975588,7.275038525990363,0.2881511479789027
Eswatini,2000,41.42,23.523500576856602,4400.664194499331,27.4081573156191,2.1,0.172,50.251916413846295,4.60951757,2.38670806552825,11.1312125,0.3718541786888906
Eswatini,2001,39.87,23.109243885239202,4521.403210824399,27.9009974215432,2.1,0.172,50.7480641733809,5.13895369,2.40917660143597,0.004533333333333334,0.1303358306411022
Eswatini,2002,38.71,22.454420946677104,4741.611878475774,28.3942596977699,2.1,0.16149999999999998,51.27762690860539,5.52298307,2.4435988206994,9.01631522,0.3259477146212848
Eswatini,2003,37.8,21.7499989661246,5020.282862785507,28.8879348002561,2.1,0.151,51.8180236273176,6.37864399,2.49259398143808,8.795640220000001,0.3211576905128237
Eswatini,2004,37.16,21.1869451485361,5309.605078781123,29.3808719768786,2.1,0.16,52.3689358798259,6.81432486,2.55428252210647,5.025868242380953,0.23933012211496943
Eswatini,2005,37.04,20.956226698865898,5772.689865149586,29.8747636188833,2.1,0.1596,52.930843762205704,7.37623358,2.62557326244194,5.447993540213465,0.24849287436787112
Eswatini,2006,37.81,21.0436515370767,6319.414443082809,30.368456156654396,2.1,0.1592,53.503455232669296,7.82560062,2.6987761380109103,4.80953911452381,0.23463443054230337
Eswatini,2007,38.47,21.2534157795857,6731.954113674189,30.8897596464317,2.1,0.1588,54.091290182986,7.93004131,2.76004969263,4.2361898465714285,0.22218917477676373
Eswatini,2008,39.0,21.5040689260291,6913.687327201843,31.589178824569302,2.1,0.1584,54.711166589460795,8.85792923,2.81219734421039,4.526734354047619,0.22849580305541753
Eswatini,2009,39.64,21.714160476043,7010.933126351397,32.228164048978,2.1,0.158,55.329347332956495,8.63292217,2.87290408074534,4.476605782619048,0.22740770034479976
Eswatini,2010,40.77,21.8022399292635,7324.463930858374,32.7698414793853,2.1,0.1285,55.94572056212729,8.5912571,2.95461701074979,3.6706989033275854,0.20991449367897538
Eswatini,2011,42.19,20.6614067086956,7570.996614243802,33.3122803531529,2.1,0.099,56.56018966456529,8.46997261,3.05067794085613,3.012728771916282,0.19563243729693172
Eswatini,2012,43.06,21.139458821926603,7760.322804562855,33.6921980759207,2.0700000000000003,0.098,57.1723082291424,7.82047606,3.1441540720915,3.4663784368333332,0.20547946496997122
Eswatini,2013,43.8,20.9735888523904,8231.151397679509,34.0698474900492,2.04,0.097,57.784916621781704,7.45703411,3.22870113894813,14.658850207351628,0.4484259229468759
Eswatini,2014,44.62,20.7815505074161,8365.743287389001,34.4446049566522,2.04,0.096,58.3979502299524,7.25596571,3.31484054813038,14.559951971488541,0.44627921428450607
Eswatini,2015,45.61,21.048617578007,8391.070060846021,34.8170255077812,2.04,0.095,59.0113147479488,7.05855274,3.3963576702214904,14.225302177245164,0.43901522614666827
Eswatini,2016,46.47,18.9203780644377,8484.121172783445,35.191051527564994,2.04,0.094,59.62441431563639,6.82044792,3.4750534468022205,15.784921009658945,0.47286868397955395
Eswatini,2017,47.02,20.2613215828667,8584.311007678372,35.56594455992921,2.04,0.18100000000000002,60.236840423133,6.98103714,3.5758674385001803,12.339135339017343,0.398073639525206
Eswatini,2018,47.81,20.4243293115739,8535.255931604543,35.9421056743199,2.04,0.24,60.84804643686271,7.31937742,3.6864070929855095,10.767082656765243,0.3639502895863431
Eswatini,2019,48.65,21.166636534885303,9248.322067144549,36.3193523524376,2.04,0.19,61.45751948110539,8.40033817,3.7956595365267796,13.254249954348214,0.417937335319655
Eswatini,2020,48.74,18.7831211422857,9329.304533609393,36.6975059079153,2.04,0.14,62.0647533053702,7.07603502,3.8748517580893203,15.265088389138693,0.4615850733093079
Eswatini,2021,47.47,18.7831211422857,9990.434919512049,37.0763839524603,2.04,0.14,62.6692355268683,7.38329172,3.92290361252568,11.431985713629631,0.3783828336994956
Ethiopia,2000,44.45,27.3299911491215,473.9033134820729,5.35649608202387,0.2,0.021,2.9657663244498,4.36504698,2.61417882238302,3.0769484893186805,0.19702640577816455
Ethiopia,2001,46.19,27.4569433824914,509.1193018297845,5.50169923385074,0.2,0.027999999999999997,3.22631881592251,4.72316694,2.6155073176770296,0.09273333333333336,0.13225032084781468
Ethiopia,2002,47.06,27.5334972430797,509.1263140776435,5.66309409202806,0.2,0.028999999999999998,3.48709965924687,4.712629799999999,2.6153814175725096,2.8354929911904763,0.19178531522801343
Ethiopia,2003,47.91,27.591895120234398,492.840755429983,5.83951134971504,0.2,0.027000000000000003,3.7476944187836403,4.89970922,2.6178908107377903,3.2209222538095235,0.2001515346006276
Ethiopia,2004,48.83,27.6643794033033,557.825634817804,6.03120942202563,0.2,0.027000000000000003,4.03281392420472,4.31281853,2.6239252266966804,2.824543152104377,0.19154763541287267
Ethiopia,2005,49.85,27.783192481634398,624.5106924256946,6.23808702246284,0.2,0.032,4.31725101635963,4.10098124,2.6341312113678597,2.4561819207257183,0.1835518987914783
Ethiopia,2006,50.95,28.0862784176008,692.8669076567743,6.46039644280695,0.2,0.027000000000000003,4.60119614731006,4.45757294,2.6474257804712003,17.81525583466091,0.5169396152586189
Ethiopia,2007,52.13,28.6266951557229,770.2611552128151,6.7033683995909294,0.2,0.022000000000000002,4.8868188313683705,5.00128317,2.66222544271526,1.935665938120572,0.17225345490106025
Ethiopia,2008,53.21,29.309355908569497,844.9883800186948,7.02329053273695,0.2,0.025,5.196915075959,4.28063869,2.68168358177019,7.984614677651516,0.3035533769275648
Ethiopia,2009,54.19,30.039173888709303,899.1409017966507,7.35898627398436,2.2333333333333334,0.025,5.507798549464849,4.649656299999999,2.70906832045194,1.8104449128064295,0.16953537750153172
Ethiopia,2010,55.12,30.721062308710998,995.6539785787468,7.71128636267882,4.266666666666667,0.03066666666666667,5.820024698888919,5.46637249,2.74347612300924,13.29489252257128,0.41881953258539995
Ethiopia,2011,55.97,31.4291559506252,1098.1151572878682,8.07924512922846,6.3,0.036333333333333336,6.13343630352376,4.46897745,2.78335892110325,1.4458548505645559,0.16162149877560478
Ethiopia,2012,56.72,32.643963058463,1178.9747455302631,8.46331926714929,4.8,0.041999999999999996,6.44846430368166,4.5395956,2.82747062913659,1.7120099495388579,0.16739872474445838
Ethiopia,2013,57.39,32.2039077009628,1252.8689640800426,8.856631719962321,3.3,0.04766666666666666,6.76236331987807,4.07506514,2.86973572023481,9.515363568987091,0.3367801769434142
Ethiopia,2014,57.96,29.7131511992912,1484.6314556660752,9.265252286326099,1.7999999999999998,0.05333333333333333,7.077938357499519,4.03365517,2.90825770080533,12.353782283477178,0.39839156959013367
Ethiopia,2015,58.44,31.4436090208599,1632.6181800683673,9.6885727559841,0.3,0.059,7.39517563066231,3.82316828,2.93507038070835,13.421387227364274,0.42156525677505036
Ethiopia,2016,58.86,30.927125684024702,1857.549465152244,10.126669726540099,0.33,0.06466666666666666,7.714373217830469,3.60033751,2.9534213679579704,14.546047594840067,0.4459774025733502
Ethiopia,2017,59.27,30.412066505865198,2004.747556331291,10.578582942807401,0.33,0.07033333333333333,8.0353579200927,3.45336914,2.97727297368099,12.265347284015403,0.3964719784291338
Ethiopia,2018,59.61,30.2623392192692,2095.317578297902,11.0450516544031,0.33,0.076,8.35875920842316,3.30371761,3.0059006568216096,12.085856378862648,0.3925759060922981
Ethiopia,2019,59.93,28.687694633134605,2242.444883104644,11.525772098229,0.33,0.051,8.68474048756754,3.24287128,3.03819036170098,14.008898795776918,0.4343179228074346
Ethiopia,2020,59.8,27.305327647048202,2406.789384786689,12.0200993070628,0.33,0.10400000000000001,9.013300213954821,3.48096275,3.06904890918588,15.195077549230053,0.46006540134367524
Ethiopia,2021,58.83,27.305327647048202,2588.413102158837,12.528048445606501,0.33,0.10099999999999999,9.344772861538098,3.2075386000000004,3.0936119750557,12.102347634171718,0.3929338692077812
Fiji,2000,58.13,13.125445952521698,5520.707563456584,39.2330499125542,2.1,0.44299999999999995,87.59057815375479,3.42441177,3.4377679392181597,6.817656533725492,0.27822310551951795
Fiji,2001,58.54,13.119078252000001,5699.043227661718,39.3319459161835,2.1,0.44299999999999995,87.64520800965299,2.90547299,3.5357981911402594,0.585125,0.14293829163806593
Fiji,2002,58.83,13.052018499221099,5913.968750851877,39.430838730786796,2.1,0.44299999999999995,87.69983306623881,2.98349524,3.6268886585214504,9.26092156862745,0.33125719828281486
Fiji,2003,58.79,12.9523780036188,6033.120303439457,39.5300202643555,2.1,0.44299999999999995,88.33728528391809,2.97298193,3.71620919650092,9.114444444444445,0.3280777309386451
Fiji,2004,59.18,12.848268074627098,6463.4245697401575,39.629563625439296,2.1,0.4296,88.96894152383311,3.25768542,3.8152787276723905,7.574774120555555,0.29465728018296394
Fiji,2005,59.15,12.76780002168,6651.785591770153,39.7287159532501,2.07,0.41619999999999996,89.5944358182032,3.25656676,3.9200842268458302,7.552857017543859,0.2941815423249662
Fiji,2006,59.16,12.6984896212967,6921.297628102274,39.8282330131745,1.94,0.4028,89.9493490621546,3.34798193,4.03014267736115,7.6146416666666665,0.2955226546341587
Fiji,2007,59.22,12.616888540843199,6989.72309220269,39.9278592193778,1.94,0.38939999999999997,90.2946156798111,3.41514993,4.14754653431822,7.38716722,0.29058504011691755
Fiji,2008,59.19,12.5346619260234,7153.619145103223,40.05190112429779,1.94,0.376,90.6391439703364,3.18467116,4.26422876270618,7.363065553333334,0.2900618835999245
Fiji,2009,59.39,12.463474922541302,7067.934820640114,40.1819062994165,2.2,0.413,90.9745036563402,3.53587627,4.37657552199586,4.319333595882353,0.2239939128017651
Fiji,2010,59.45,12.4149926761009,7339.476851702873,40.3123124315809,2.2,0.503,91.2985247970932,3.41664124,4.502267637208799,4.48661986,0.227625068293497
Fiji,2011,59.51,12.4871607646576,7671.8810376956935,40.442612262866795,1.91,0.593,91.6111034972406,3.14293504,4.65088004942012,4.37850662745098,0.22527833671831413
Fiji,2012,59.58,12.692818373804,8204.46565475009,40.5733094716821,1.915,0.683,91.9124427859318,3.2655499,4.794252165630049,4.4929025000000005,0.22776144077368177
Fiji,2013,59.66,12.655685735095199,8842.151739437455,40.703391477143505,1.92,0.773,92.20237355854108,3.20040679,4.93450937275775,4.862610833333333,0.23578641791094543
Fiji,2014,59.71,12.1427162201265,10516.259711555125,40.833619727915895,1.89,0.7935000000000001,92.48116362926079,3.36860466,5.082256729489219,5.575678705,0.25126443896567485
Fiji,2015,59.75,11.9373871022014,11519.301218732413,40.9639924448811,1.88,0.8140000000000001,92.7488640903171,3.32468939,5.20837642530085,8.366591539761906,0.3118446576724752
Fiji,2016,59.67,12.3284242671983,11765.53798922356,41.0942560320017,1.89,0.8140000000000001,93.0055113848616,3.27979708,5.328906856868071,7.955481413333334,0.30292100335356564
Fiji,2017,59.74,12.3080401904933,12585.277721516071,41.2241576146746,1.89,0.8140000000000001,93.2511716546291,3.18689561,5.477337080418851,7.468567015833332,0.29235192347237454
Fiji,2018,59.7,12.7353038744821,12984.207270086326,41.353947235465796,1.89,0.8140000000000001,93.48595787595741,4.10572624,5.64436642752786,8.131806258666668,0.3067483524418962
Fiji,2019,59.67,12.9123773053208,12978.099035270412,41.4828649794739,1.89,0.8140000000000001,93.70994332361842,4.28229284,5.8208579193671,8.564692190416666,0.31614467757748543
Fiji,2020,59.51,12.418798171659802,10716.291436766332,41.6106494540607,1.89,0.8140000000000001,93.6215609537076,5.28987408,5.98707270130049,5.860225711666667,0.25744088406332427
Fiji,2021,57.69,12.418798171659802,10322.427963885417,41.7375560402618,1.89,0.8140000000000001,93.33286252558528,7.06084681,6.10366844076268,7.526025826333333,0.29359913809812965
Finland,2000,66.86,8.00512199497353,26777.114342158726,94.3756999998633,7.54,3.7460000000000004,99.44818776717591,7.09253168,14.9164594925449,6.056703695301627,0.26170568197153
Finland,2001,67.14,7.91863988097532,27801.024828140155,94.70997821954941,7.46,3.827,99.44817781386209,7.25090456,15.0767515855428,1.4646249999999998,0.16202892810976222
Finland,2002,67.2,7.828031085526531,28596.260634545702,95.0442491883446,7.35,3.891,99.4481635733416,7.62769508,15.2453992330805,7.028855369365624,0.28280743774743305
Finland,2003,67.38,7.733847046248231,29046.409230497684,95.37852879304859,7.24,3.9960000000000004,99.448158371648,7.938051700000001,15.4567323140138,6.908785430361995,0.2802011710542016
Finland,2004,67.56,7.63663920076146,31199.291450344765,95.71280051896679,7.1,2.81,99.4481450211676,8.05912876,15.722183075154,6.619560839756237,0.2739231932055038
Finland,2005,67.73,7.53695898668728,32047.706931556437,96.0470783409728,7.05,2.8510000000000004,99.4481380769585,8.28795624,15.9351969717591,6.610572871015201,0.2737280982153343
Finland,2006,67.93,7.43418344243749,34447.714302644315,96.3813576114014,6.99,2.865,99.4481326778555,8.2841177,16.2327000834465,6.458442250610524,0.2704259147356762
Finland,2007,67.99,7.3276683346314,37844.29315864206,96.715630815359,6.73,3.0039999999999996,99.4481210814901,8.08359432,16.4860618184775,6.2870863863717945,0.26670642353445395
Finland,2008,68.26,7.217933193201281,40081.22124820658,97.049908111439,6.57,3.07,99.4481136953925,8.34310627,16.629047778842,6.21308326942449,0.2651000942525741
Finland,2009,68.41,7.1054975480794,37968.66174323198,97.38418561907709,6.25,3.1289999999999996,99.44810657965441,9.16122341,16.8796258150036,6.4535441288850155,0.27031959493891006
Finland,2010,68.57,6.99088092919804,38950.55258741914,97.7184645025344,5.86,3.1839999999999997,99.4480868055649,9.14202785,17.259416478561302,6.33676815580409,0.2677848278545252
Finland,2011,68.92,6.870394551565349,40845.956672984925,98.05274288222859,5.53,3.259,99.4480530393252,9.22303009,17.821391062500698,6.813906483187081,0.27814170602937666
Finland,2012,69.06,6.23115629479583,40739.113180942055,98.38701329658859,5.29,3.264,99.4480121860374,9.5857954,18.449958593243398,6.070376185222154,0.2620024602941402
Finland,2013,69.34,5.85285267653954,41325.80520723206,98.72128797111559,4.86,3.335,99.44799190126291,9.80534649,19.0733570715343,6.1602317889564375,0.2639528874298264
Finland,2014,69.56,6.11857316281583,41547.098448539335,99.05556506484061,4.53,3.383,99.44798963990601,9.78115082,19.6661048130943,6.1653848888729215,0.26406474184393436
Finland,2015,69.85,5.625008545893429,42269.22122181965,99.38984728335952,4.28,3.4130000000000003,99.44799249941009,9.64523888,20.2090618722589,5.755163827260548,0.2551603857776749
Finland,2016,69.82,5.27813456745499,44562.40110720671,99.63187491456742,3.97,3.4219999999999997,99.4479863794358,9.37796021,20.6838033296157,4.84292123798709,0.2353590308648625
Finland,2017,69.97,5.1267396131814404,47234.852860093866,99.63312609084721,3.75,3.489,99.4479844608387,9.12670135,21.1457473282604,5.006903237083967,0.2389184631930723
Finland,2018,70.04,5.4969573630098605,49248.67753958663,99.63454936722391,3.61,3.503,99.4479792179027,9.04514217,21.6154814502107,5.084280213622053,0.2405980262747864
Finland,2019,70.19,5.37867032806067,52276.11157239922,99.63614729659571,3.35,3.5669999999999997,99.44797321077552,9.17142677,22.061393842071,5.1522429077292085,0.24207324069984246
Finland,2020,69.98,4.89518090216668,53296.57927988517,99.6379239182456,2.83,3.611,99.44797034009581,9.63249588,22.4906828905898,5.72668606152512,0.254542240612034
Finland,2021,69.93,4.89518090216668,56790.37661776917,99.6398969566029,2.83,4.381,99.4479633785746,9.83458328,22.8749565743109,6.3125173818954865,0.2672584347802256
France,2000,67.98,16.089296181344398,26001.879698341567,97.3558751348041,8.25,3.375,98.66302461411959,9.58447742,16.0086458283083,4.6847121681728385,0.2319249071146077
France,2001,68.04,15.880292790130598,27349.744585900244,97.3523571686444,8.12,3.408,98.6622562806952,9.7056284,16.1191468960649,1.4028749999999999,0.1606885679026818
France,2002,68.14,15.6420884990136,28350.09856054276,97.34887399140341,8.01,3.435,98.66149050435,10.02218628,16.215110624638502,5.180969368545066,0.24269678410013124
France,2003,68.12,15.3886822893843,28027.676211934286,97.3454090718174,7.84,3.4539999999999997,98.66073224071958,10.08283424,16.283321915067198,5.451970434657036,0.24857919778584553
France,2004,68.75,15.1340731426338,28925.126868366402,97.4661693234234,7.69,3.4730000000000003,98.6599677611607,10.16429329,16.365699482714803,5.322643203978979,0.2457719901147074
France,2005,68.75,14.8922600401531,30431.236724020204,97.5877891208184,7.52,3.4760000000000004,98.65922180358672,10.214844699999999,16.4377318294942,5.706690828085263,0.2541082193126969
France,2006,69.12,14.628731695490801,32430.444314470682,97.710207897003,7.41,3.469,98.6584766292502,10.38566494,16.4417997065665,4.808284175692998,0.2346071905411513
France,2007,69.33,14.333997120193802,34067.466147563864,97.8334465311522,7.35,3.449,98.6577403586305,10.31564426,16.4622881383827,22.79562281011773,0.6250446470085765
France,2008,69.42,14.059585742650599,35053.262706911584,97.95745567693778,7.18,3.443,98.65699409686779,10.50084686,16.5489941970548,5.103239186380628,0.24100955425296802
France,2009,69.55,13.8570269912499,34666.95988782937,98.082254071339,6.92,3.3939999999999997,98.6562410005115,11.28756237,16.660329228085597,5.700131421606218,0.2539658392734001
France,2010,69.7,13.7778502943804,35911.54385814089,98.2078511720882,6.67,3.397,98.65548029689329,11.22560215,16.782281823845903,5.1673183295545035,0.2424004713965158
France,2011,69.97,13.797471935246302,37510.375989871376,98.3342597203444,6.6,3.1710000000000003,98.65471452490101,11.18497562,17.0554720144704,5.363286528723866,0.24665420380169517
France,2012,70.0,12.5585885208406,37671.02392685652,98.46149331354809,6.58,3.188,98.653944875706,11.29740047,17.4830959695717,4.808490740679531,0.23461167428994684
France,2013,70.2,12.458292271833198,39583.352043504536,98.58955212017919,6.52,3.2089999999999996,98.65316774110892,11.39591122,17.9295780155891,4.964694304674678,0.23800226605323815
France,2014,70.52,10.687674674803999,40218.125863777605,98.71844680153879,6.46,3.2239999999999998,98.6523819620194,11.52531433,18.387873214191,5.5135415044426,0.2499156740910754
France,2015,70.24,11.3442976642006,40916.10535718004,98.84819559202049,6.4,3.239,98.65159608717899,11.43985462,18.8516269618174,4.463182164561179,0.2271163240941145
France,2016,70.41,10.508154814076999,42880.23513554308,98.9787947398291,6.32,3.2539999999999996,98.6508068148027,11.49048996,19.284664166945397,4.396936745495571,0.225678385250116
France,2017,70.51,10.4583123660264,44469.14588568046,99.110246889904,6.23,3.2739999999999996,98.6500120942252,11.37063789,19.6708486830069,3.9104970196445636,0.21511960870479116
France,2018,70.61,10.459945328603801,46381.05906294572,99.2425574566239,6.16,3.2760000000000002,98.6492124319546,11.21033764,20.0394210628073,4.168947084954893,0.2207295873778164
France,2019,70.72,9.825246005270179,51130.47231405776,99.3757382183462,6.1,3.31,98.6484147946355,11.09938431,20.4100888765873,5.650761195409827,0.2528941973850081
France,2020,70.08,9.60038144780495,49481.80443096545,99.5097851912799,6.0,3.323,98.6476102264443,12.07226849,20.747440901072,5.399174587897223,0.24743319856161933
France,2021,70.08,9.60038144780495,52517.335490585516,99.6447071710634,6.0,3.343,98.64680284327619,12.29229355,21.0507539717053,6.682369551388158,0.2752865340594215
Gabon,2000,50.04,28.013423203990698,13326.116952131755,69.9320099057864,2.0,0.27899999999999997,26.818195491378003,2.90124774,4.922887566171269,5.669294809223444,0.2532964924206222
Gabon,2001,50.06,27.9231955635788,13555.628539522437,69.9320099057864,2.0,0.27899999999999997,27.9500597734658,3.1483891,4.85213484999296,0.1489666666666667,0.13347093497431653
Gabon,2002,50.36,27.7007178410938,13369.123337446836,69.9320099057864,2.0,0.27899999999999997,29.1019683421917,3.32413292,4.78364625111978,5.90232160642328,0.2583546275809471
Gabon,2003,50.52,27.4214539843078,13564.180414140481,69.9320099057864,2.0,0.27899999999999997,30.2734572599332,3.53187943,4.71686067814254,5.742423015777777,0.25488383068913373
Gabon,2004,50.95,27.160867940992798,13637.666797119547,69.9320099057864,2.0,0.27899999999999997,31.4642634106599,3.32979941,4.64804480277095,3.964966691309523,0.21630194037106565
Gabon,2005,51.76,26.994423658920898,14028.35620793896,69.9320099057864,2.0,0.23345,32.6738741656831,2.93180609,4.575827044164821,3.824763927536945,0.21325866578833752
Gabon,2006,52.27,26.887976043635398,13637.259018899751,69.9320099057864,2.0,0.18789999999999998,33.9024749587278,3.14270139,4.50230949714818,3.4455118411945813,0.20502652967521134
Gabon,2007,52.58,26.770409179100103,14391.24658681317,69.9320099057864,1.65,0.14234999999999998,35.1495484187274,3.162256,4.4297865846312,3.4947060529047618,0.20609435095124404
Gabon,2008,52.71,26.6617307807183,13733.701286212228,69.9320099057864,1.3,0.0968,36.4153101145998,2.78922606,4.36013501952183,3.5133398927619046,0.20649882151722984
Gabon,2009,53.08,26.581948563892897,13383.566227318452,69.9320099057864,3.8,0.127575,37.6987238584805,3.83494425,4.2943782815625795,3.591425987047619,0.2081937768776655
Gabon,2010,53.51,26.5510702440269,14014.690549112229,69.9320099057864,6.3,0.15835,39.000258296899204,2.47556901,4.23326292140319,3.7253241966009845,0.21110020330494728
Gabon,2011,53.82,27.1676800151218,14784.348355188335,69.9320099057864,1.96,0.189125,40.3193752929904,2.55771565,4.178150820054831,3.7108606374999993,0.21078625384629598
Gabon,2012,54.34,26.825989057540102,14619.718144511296,69.9320099057864,1.96,0.21989999999999998,41.6563306484328,2.42097569,4.12983559655301,4.092527307999999,0.21907080149823252
Gabon,2013,54.87,27.780382753617896,14497.992121690228,69.9320099057864,1.96,0.250675,43.0100058976352,2.84087205,4.08304293883329,17.34766345198376,0.5067899436331228
Gabon,2014,55.32,26.2746903969533,14853.671246035547,69.9320099057864,1.96,0.28145,44.3780097930999,2.53282261,4.04210575265511,17.855062067602812,0.5178036588315598
Gabon,2015,55.54,30.739024634270603,14306.434076825175,69.9320099057864,1.96,0.312225,45.7595556064781,2.65743947,4.01687514805931,15.434291321057282,0.46525783244882235
Gabon,2016,55.76,29.767966066405602,13997.735284191065,69.9320099057864,1.96,0.34299999999999997,47.1547496987424,3.1076982,4.00291671784968,13.483467449510641,0.4229127848626893
Gabon,2017,55.99,27.1691084203468,14796.628637417056,69.9320099057864,1.96,0.6579999999999999,48.5637395217699,2.78068876,3.99443645973388,13.032372374239898,0.4131212077209426
Gabon,2018,56.14,27.0383051447292,15432.043053535283,69.9320099057864,1.96,0.624,49.9863984455825,2.75235105,3.99083766231565,12.512835476081897,0.4018440160707242
Gabon,2019,56.38,27.524189578523803,15949.637373962243,69.9320099057864,1.96,0.61,51.4223011158649,2.7768569,3.9926039778974802,12.746836318111475,0.4069232940801131
Gabon,2020,56.4,29.9548734558765,14477.13082917444,69.9320099057864,1.96,0.594,52.8720170958258,3.41717625,3.99306534788006,14.97275482559707,0.45523961135359603
Gabon,2021,56.26,29.9548734558765,18523.57980321933,69.9320099057864,1.96,0.594,54.3351602742865,2.69024062,3.99541890048563,15.06193484286668,0.45717537404857467
Georgia,2000,62.77,15.6475442783829,3161.1958249011805,59.4371455146853,4.98,3.924,76.0390884292644,7.194592,12.4064252541033,2.0810410520889864,0.17540900174904483
Georgia,2001,63.16,15.485879627758699,3440.728179319824,59.405073012226104,4.71,3.852,76.3455620066701,7.16950893,12.791912080769901,-0.13712500000000002,0.12726096111881335
Georgia,2002,61.85,15.3404190761104,3718.6869325554494,59.484524694425794,4.5,3.992,76.7308281538671,7.81474257,13.230894123606602,3.2831001644479443,0.2015011831379417
Georgia,2003,62.61,15.234227004544499,4239.938413727992,59.699706515307895,4.52,4.037,77.2078100471997,8.02952862,13.697878561726998,5.2514511100000005,0.2442266775668831
Georgia,2004,62.42,15.1903677941676,4634.777575944773,59.91402967508579,4.46,4.027,77.8624268677017,8.08910847,14.130956946416301,4.2681143130158725,0.22288213484889988
Georgia,2005,63.53,15.231905826086301,5271.9509526165475,60.12748509782,4.32,4.056,78.51546861056491,8.07734203,14.5094136281209,3.3264569487023636,0.20244229582331164
Georgia,2006,63.52,15.421065141324,5980.443904882263,60.340476430603,4.18,4.12,79.1671925516486,7.63208008,14.7759784806628,22.345872996993855,0.6152822704473926
Georgia,2007,63.92,15.8176451636329,6951.08584266081,60.5529955474098,3.73,4.163,79.81756169802901,7.43517828,14.777333343415,17.317542196682503,0.5061361244915339
Georgia,2008,63.2,16.4410733482129,7278.663121939927,60.76465695673429,3.63,4.271,80.4663116596926,8.44424057,14.506473987398,15.519181518828294,0.4671004793000524
Georgia,2009,62.94,17.310777150264098,7119.142790819783,60.9754668929844,3.54,4.511,81.1134334337122,9.56681633,14.093732732099399,20.8681962123403,0.583207466219438
Georgia,2010,63.35,18.4461840249862,7711.80683889487,61.1858049309986,3.49,4.751,81.7591448045186,8.93945503,13.7529102527526,4.340450909383902,0.22445229023816865
Georgia,2011,63.46,22.1991814081631,8563.835549156469,61.3952844558824,3.3,4.806,82.40318674439179,7.82405472,13.613855627850402,22.66239958088792,0.6221528718649588
Georgia,2012,63.62,23.0631259897014,10059.98206039542,61.6043075877248,2.98,4.793,83.04579151255192,7.8538909,13.662023521518,4.289662745990447,0.22334987026726524
Georgia,2013,63.94,22.2517576861155,10797.342327347571,62.6342790626579,3.06,4.828,83.68647169437591,7.73560286,13.8538640763955,2.544066908805687,0.18545955127442773
Georgia,2014,64.03,20.979175478962702,11770.69893602531,63.6755752816678,3.09,5.106,84.3256691388097,7.75487041,14.029326516765302,5.213359341652162,0.24339984857075725
Georgia,2015,64.12,20.3304736500391,12269.652893276785,64.7277869833089,3.39,5.341,84.963148689816,7.29130507,14.141942426262501,4.600563188411089,0.23009834931802364
Georgia,2016,63.93,19.313966888525897,13065.294157467975,65.7948687359235,3.66,6.386,85.6008234007507,7.839849000000001,14.2606638033131,7.295704911785714,0.28859973747111745
Georgia,2017,64.59,18.534268956305198,13718.937866976377,66.8758040626936,4.0,6.515,86.2379416213095,6.95936155,14.374380908966,5.146191172589473,0.2419418802955495
Georgia,2018,64.82,18.454238440489398,15021.905757743301,67.9717478712899,4.24,7.555,86.8748222310992,6.99180031,14.5183098161021,4.904427836544826,0.23669410774226593
Georgia,2019,64.85,17.6183021493385,16770.1333771469,69.082537444061,4.64,7.502999999999999,87.51116011903342,6.59411573,14.7044720808539,8.470246517564156,0.31409461730829613
Georgia,2020,64.22,17.0438421058507,16791.259865446496,69.4564535798621,4.94,5.1610000000000005,88.1470373073336,8.34160137,14.8874851870996,9.406751038333335,0.33442260748465147
Georgia,2021,62.48,17.0438421058507,18915.653400526277,69.72071245797629,4.94,5.33,88.78197242943631,8.315328599999999,14.9888437253115,8.714973844129172,0.31940672694575245
Germany,2000,67.47,18.149579025919,27467.782417476694,99.842900598076,9.19,3.272,99.21811250616999,9.88843536,16.460731382580498,5.887205188256689,0.2580265070079255
Germany,2001,67.71,17.8080564787948,28677.190859113216,99.84290125760491,9.1,3.327,99.2187285711442,9.92069149,16.855705163106197,1.7446874999999997,0.168108031437624
Germany,2002,67.71,17.425120966377403,29513.682326710208,99.8429024614303,8.99,3.364,99.2193421952122,10.18365669,17.2650364693375,6.406498421915022,0.2692984096184802
Germany,2003,67.7,17.0534186624295,30305.257567840137,99.84290560867079,8.87,3.4010000000000002,99.21995474184021,10.40202236,17.7182569255381,6.0939757397431125,0.2625147178453097
Germany,2004,68.1,16.7455957407135,31757.417727618093,99.84934908544041,8.71,3.426,99.2205650986776,10.14603233,18.2658061525647,6.019205578854175,0.2608917389249448
Germany,2005,68.23,16.554298374992303,32313.736788416987,99.8558287050819,8.6,3.448,99.2211744184797,10.31153965,18.8586850514415,6.008668500980571,0.2606630186029904
Germany,2006,68.51,16.4673340240739,34748.75432572376,99.862336942101,8.42,3.487,99.22177272065208,10.17995167,19.4956220823608,5.795025099993959,0.2560256240574392
Germany,2007,68.63,16.4178840311706,36915.32528321617,99.8688802488207,8.35,3.533,99.2223722833519,10.05132961,19.991194184077802,6.157222496285611,0.26388756700638616
Germany,2008,68.7,16.3766553966518,38443.53862789577,99.8754613794921,8.3,3.58,99.22297065536041,10.25128746,20.2873147195182,5.793985627182694,0.2560030610130253
Germany,2009,68.77,16.314355120886802,37554.44269931737,99.8784478593771,8.3,3.648,99.2235594374559,11.23791218,20.5215956309191,6.351162939859086,0.26809728446564796
Germany,2010,68.9,16.201690204245,39730.48978852708,99.88152995115591,8.29,3.734,99.2241473116782,11.09592915,20.5654453486144,5.801427231586008,0.2561645902505805
Germany,2011,69.1,15.716171158354301,43398.34439924958,99.88470672797779,8.26,3.822,99.2247340689137,10.77844906,20.521498132151603,23.92465087473372,0.6495515990812618
Germany,2012,69.2,13.907859257170598,44229.394192173844,99.88771440132611,8.22,3.892,99.2247613890783,10.85345554,20.637649426539898,5.709905214072036,0.2541779915405004
Germany,2013,68.98,13.6633968189434,45889.0173022052,99.89073143269259,8.17,3.984,99.2247932083091,10.99905777,20.812976113996502,5.767043396397613,0.255418246534737
Germany,2014,69.3,12.2822480920893,47938.79682104182,99.893751672633,8.14,4.064,99.2248234415877,11.02588272,20.9586686898656,6.523909815833704,0.2718469692989085
Germany,2015,69.06,12.825352508979302,48558.443297096914,99.89677753156799,8.09,4.12,99.22485447180848,11.19027996,21.0533536816501,5.511629781278022,0.24987417777274737
Germany,2016,69.23,11.7806958987308,51569.90168411993,99.89983899642411,8.06,4.187,99.224925403148,11.24166584,21.134996177657,5.138236968000909,0.2417692244362865
Germany,2017,69.29,11.8978451129639,54110.2536648812,99.9029489183973,8.01,4.251,99.22503853488409,11.32552433,21.2936405100178,4.570321618466954,0.22944191859814092
Germany,2018,69.21,11.652603099297199,56273.0405627017,99.90611742163759,7.98,4.311,99.22519477499571,11.47314644,21.4497613850113,4.622983141649296,0.23058500216280253
Germany,2019,69.44,10.637849526654199,59270.72764969848,99.90934437069971,7.91,4.394,99.2253839958428,11.71595001,21.628393306581604,6.1142194576858815,0.262954132808449
Germany,2020,69.24,10.2876894329414,58685.87269977103,99.9126487140159,7.8,4.459,99.2256156866511,12.6902256,21.844728117498104,5.8639813349532215,0.2575224045168641
Germany,2021,68.93,10.2876894329414,62530.765319923936,99.9160407682468,7.8,4.518,99.22589023496309,12.90171242,22.1345373657439,7.083153252437926,0.28398604052960014
Ghana,2000,51.73,63.1064681783884,2315.178030474821,14.361613504912901,0.9,0.09,5.723442740802799,1.7894485,3.14081207665882,5.810076689860805,0.25635233745194635
Ghana,2001,51.82,61.757777317122404,2397.300670378228,14.6359468537329,0.9,0.09,5.811073860819241,2.00262952,3.19159921532473,1.0579333333333334,0.15320118193079507
Ghana,2002,51.99,58.5079990125567,2475.096353579193,15.6665117240998,0.9,0.09,6.750455522469981,2.0873971,3.2369190060024904,5.456832300333334,0.24868473060017235
Ghana,2003,52.21,54.551574683540004,2584.477237291513,16.7174967754033,0.9,0.11900000000000001,7.7086235468762005,2.29618859,3.2780845675422596,5.639412904880952,0.2526478686879508
Ghana,2004,52.45,51.0829457489213,2729.344502449106,17.7891191031522,0.9,0.14800000000000002,8.68540857696259,2.5311327,3.3125371713884597,4.866907625257576,0.23587968509982574
Ghana,2005,52.69,49.2965536275491,2903.8342904388105,18.8799071278454,0.9,0.12200000000000001,9.68014854216275,3.50288439,3.33811029033333,4.104742488510221,0.21933594711569335
Ghana,2006,52.94,48.7854118185382,3103.226258203738,19.9907324615894,0.9,0.096,10.692856652477198,3.92255616,3.3596198588046495,22.98495408234725,0.6291543166968738
Ghana,2007,53.22,48.3578583443151,3241.220811073241,21.121117351147802,0.9,0.07,11.7231535267872,3.96242404,3.37850889924783,4.9733371223611105,0.23818986911241133
Ghana,2008,53.58,48.0313214086965,3515.5892352024293,22.2709235576714,0.9,0.076,12.7707576406742,3.95173097,3.38781991514538,15.614294701019617,0.4691650286859316
Ghana,2009,53.96,47.8232292154989,3617.2394443503536,23.438923974622604,0.9,0.08199999999999999,13.835049733512099,4.40091085,3.3859524589570804,15.398720873616549,0.46448573184481257
Ghana,2010,54.35,47.751009968538895,3855.4689171675673,24.626404798353,0.7,0.091,14.9161840108112,4.73425055,3.37978679445839,5.194292527794754,0.2429859797679997
Ghana,2011,54.88,52.8014316063294,4381.125355236943,25.8321174475712,0.68,0.095,16.013530083722202,4.468556400000001,3.3699809711314304,16.08038905615221,0.47928218376875825
Ghana,2012,55.4,56.9570423348518,4933.652543490927,27.0555218868952,0.71,0.09300000000000001,17.126673080362,3.91583276,3.3564505421197497,4.741104381340255,0.2331489699246288
Ghana,2013,55.8,44.7306236715724,5214.569358487944,28.2956613769924,0.72,0.099,18.255063501700498,4.59225416,3.34807585976035,21.89644041171896,0.6055267797094532
Ghana,2014,56.16,43.9627293584075,5517.131787635662,29.552327966221103,0.71,0.107,19.398389071371103,4.01644135,3.3505425913310702,20.05874199653529,0.5656372602223766
Ghana,2015,56.51,68.0112284884927,5191.370533896588,30.825309719566697,0.69,0.113,20.556338766229,4.5429678,3.35879820466689,22.147848621856006,0.610983906196919
Ghana,2016,56.84,62.8889642906448,5011.0793157290445,32.1143962958394,0.69,0.122,21.728604701858202,3.39035821,3.36936577242403,25.77050788049028,0.6896182108784559
Ghana,2017,57.18,60.359034173815296,5170.960948574386,33.4189814822061,0.69,0.08900000000000001,22.9147548943672,2.68786979,3.38515734651757,24.059877749711504,0.6524868658366959
Ghana,2018,57.55,56.00418257831039,5536.497954002185,34.7388460301032,0.69,0.14300000000000002,24.1144852694417,2.43001175,3.40728721613155,19.063611128773033,0.5440367125950737
Ghana,2019,57.94,49.6566317016668,6002.550446783856,36.0733638378729,0.69,0.10300000000000001,25.327363008811002,3.25450468,3.4364115615546202,20.641285086158902,0.5782820792708169
Ghana,2020,58.02,54.242787309772396,6047.301116735542,37.4227223895072,0.69,0.16399999999999998,26.5532224510153,4.4331708,3.4687064890535404,21.810442940238097,0.6036600981113563
Ghana,2021,57.88,54.242787309772396,6607.502973783208,38.786292222311,0.69,0.127,27.791638804811697,3.86030865,3.5066906959433903,16.63050531852506,0.4912231383817524
Greece,2000,67.74,24.3887788903302,18815.835785740903,99.3736847493075,4.67,4.281000000000001,97.8758799190344,7.24332571,17.0253560470145,4.711212108906043,0.23250012113968913
Greece,2001,68.02,24.148833881726798,20306.087836663373,99.4160925156463,4.72,4.33,97.94529453427349,7.987839699999999,17.2643804550213,1.4131875,0.16091241348382376
Greece,2002,68.12,23.801967166022898,21985.2345411071,99.4612185961812,4.67,4.537,98.0197252313027,8.23377991,17.5345403019967,4.5681743754731645,0.22939531003030597
Greece,2003,68.19,23.3884257573202,23255.564197858468,99.50540110170591,4.66,4.7010000000000005,98.09308786712391,8.44915581,17.8326525756216,4.521908742218615,0.2283910571757347
Greece,2004,68.23,22.9484566697207,24828.8979383295,99.5486728355476,4.67,4.853,98.16544105476092,8.093904499999999,18.103223099658102,4.380335694708139,0.22531803888782942
Greece,2005,68.36,22.5223069173261,25003.82974669332,99.5910075761006,4.72,4.999,98.2367240021803,8.56466961,18.324814559179,4.304044108601392,0.22366203554932684
Greece,2006,68.63,22.031162939632303,28082.124881571803,99.63243663078241,4.84,5.3660000000000005,98.30698165111478,8.25866985,18.489341535325998,4.12913432736423,0.2198654021792955
Greece,2007,68.44,21.4468579907,28896.921070905988,99.6729722248899,4.86,5.609,98.37623995926,8.39808273,18.6048300174461,4.160522126243338,0.22054671321743963
Greece,2008,68.82,20.885609306478102,30440.97090590812,99.7070187814646,4.85,5.711,98.444518449364,8.82774162,18.7114015581294,3.9793244521164737,0.2166135933467485
Greece,2009,68.9,20.4636341229157,29947.786808970806,99.5265830713542,4.95,5.819,98.51178224790449,9.40688515,18.8829939749204,4.078802470513489,0.21877288690688737
Greece,2010,69.08,20.2971496759618,27841.859136359082,99.34575326304831,4.52,5.803,98.5780776451811,9.59662342,19.1578896272878,4.097618025169041,0.2191813018175667
Greece,2011,69.21,21.3833542936023,25692.574085132084,99.16453191438801,4.52,5.829,98.6434297836442,9.19330311,19.5073861649055,3.977104463151657,0.21656540573754046
Greece,2012,69.2,18.8095113490598,24582.974195750743,98.9829314520553,4.48,5.8229999999999995,98.7078706841622,8.92415524,19.889096034932102,3.1162777972194364,0.1978800971025724
Greece,2013,69.67,17.960080788708698,25730.880900666445,98.80095223812211,4.26,5.84,98.77137623127491,8.43796444,20.291518412902104,3.357456422231958,0.2031151777789313
Greece,2014,69.78,16.8699265288991,26450.181326725957,98.61860332240289,4.25,5.882999999999999,98.8339628930007,7.8914113,20.6970672852563,2.872321517171521,0.19258472398445747
Greece,2015,69.5,17.2372072771469,26614.848375422524,98.4358839950016,4.25,5.91,98.8956496305224,8.22004509,21.0794802004731,2.8663985118861617,0.19245615782104336
Greece,2016,69.7,15.775034568676801,27504.549798494816,98.25150975744721,4.21,6.1370000000000005,98.9564489293753,8.44874573,21.3988876993596,2.271512644632198,0.1795434235016628
Greece,2017,69.7,15.672410027841101,28681.681558500462,98.0558404020074,4.23,6.102,98.9831881851134,8.13515854,21.656337426205102,2.4708467198532396,0.18387021641407517
Greece,2018,69.93,15.5840100248101,29792.059251958533,97.8601775655047,4.24,6.1610000000000005,98.9867526034177,8.12024307,21.896633754839502,3.0709162287794194,0.1968954680941877
Greece,2019,69.82,14.9419055519621,31927.379215136876,97.6645004468966,4.24,6.247000000000001,98.99026001937409,8.198283199999999,22.127385304138603,3.4381542247165973,0.20486682349956686
Greece,2020,69.47,14.408928037436098,29533.08774029898,97.46883255074249,4.24,6.296,98.9937448356397,9.5242157,22.3934327342108,3.920055682415414,0.21532709131549482
Greece,2021,68.55,14.408928037436098,33531.15511225996,97.27316398083809,4.24,6.367000000000001,98.9971863349773,9.18476486,22.8389533365326,4.3705955108702845,0.2251066161376123
Grenada,2000,62.64,24.0288265178508,7305.724561978792,78.7187250849416,6.2,0.54,88.57227200067491,5.35886383,8.49131231910359,0.11250000666666668,0.13267938096704315
Grenada,2001,62.6,23.7780655762104,7282.708419860359,79.6100248763914,6.550000000000001,0.5379999999999999,89.08444191362791,5.62456989,8.66354283385963,1.6625000066666669,0.16632405013262502
Grenada,2002,62.28,23.2305265205835,7620.673877466003,80.5047783886163,6.9,0.536,89.59543371413591,6.17569733,8.80498503290915,3.212500006666667,0.1999687192982069
Grenada,2003,62.08,22.577847847533,8469.087526586023,81.4029856216164,5.6999998092999995,0.534,90.10524740219921,5.28485727,8.942085154843689,2.6322222288888892,0.1873730716482247
Grenada,2004,61.75,22.011668053622103,8605.82398540487,82.3046465753912,4.89999990465,0.5633333333333334,90.61388297781771,5.36568451,9.07224038967276,2.9355831015151512,0.19395789500131683
Grenada,2005,61.95,21.7236256354138,10016.347973519398,83.20976124994121,4.1,0.5926666666666667,91.1213404409914,5.14460278,9.19400917669466,3.450707071818182,0.20513929858848232
Grenada,2006,62.15,21.7000835092185,9876.6166955998,84.118329645266,3.3499999999999996,0.622,91.6276197917204,5.11352158,9.299538291815919,3.394805049393939,0.20392587597548192
Grenada,2007,62.22,21.7656739128403,10727.679205474771,85.0303517613659,2.6,0.6827272727272727,92.1327210300046,5.23867893,9.388218581904882,3.2897222200000003,0.20164492305293846
Grenada,2008,62.13,21.869439325083498,11000.752357730136,85.94582759824101,2.6,0.7434545454545455,92.63664415584421,5.3861989999999995,9.46742894243255,3.3097222200000003,0.20207904781636535
Grenada,2009,62.12,21.960422224752,10303.343260277448,86.864757155891,2.4,0.8041818181818182,93.13938916923891,5.43471003,9.543926510507491,3.495247473636364,0.2061061031585951
Grenada,2010,62.22,21.9876650906501,10344.383918919173,87.7871404343158,2.8449999999999998,0.864909090909091,93.64095607018879,5.418811799999999,9.63561737135483,3.531915655454546,0.20690203144645064
Grenada,2011,62.96,21.6067771005585,10591.747564991607,88.7129774335157,3.29,0.9256363636363636,93.5480727629389,5.80423355,9.71368409782386,3.425748988787879,0.2045975524939264
Grenada,2012,63.37,22.054102809867395,10575.105626861648,89.4848444655286,3.26,0.9863636363636363,93.45518945568891,5.82235765,9.7721559395076,3.2584722200000003,0.200966603110084
Grenada,2013,63.33,22.8659000098273,11199.404019794372,89.77598653497299,3.45,1.047090909090909,93.362306148439,5.62652922,9.85178919171359,3.205138886666667,0.19980893707427902
Grenada,2014,63.27,23.324929284937703,12228.64810553948,89.91767999993179,3.42,1.1078181818181818,93.269422841189,4.77353573,9.95211663738757,4.277777779999999,0.22309189236481827
Grenada,2015,63.26,25.177742151728,13214.40966449406,89.91767999993179,3.4,1.1685454545454546,93.17653953393899,4.64675617,10.0670584952388,3.436334690972386,0.2048273282667542
Grenada,2016,63.21,25.076881491049498,13977.505587913503,89.91767999993179,3.2,1.2292727272727273,93.08365622668909,4.43910027,10.203682793364,3.398051026666667,0.20399633393126254
Grenada,2017,63.29,24.3014719560486,15041.45257120666,89.91767999993179,3.18,1.29,92.99077291943908,4.65701056,10.363571787453001,3.179587878074717,0.19925432079626412
Grenada,2018,63.41,24.0969881609342,15974.859193312383,89.91767999993179,3.18,1.314,92.8978896121892,4.58373737,10.5474928905446,5.033714065447812,0.23950042541910893
Grenada,2019,63.36,24.264737135356196,16446.113887187137,89.91767999993179,3.18,1.314,92.8050063049392,4.93189621,10.758181261666698,4.837911085685712,0.23525027930573408
Grenada,2020,65.22,24.657241605647602,14361.126715445173,89.91767999993179,3.18,1.314,92.7121229976892,5.322815900000001,10.985808958148901,6.498148146666667,0.2712877803722774
Grenada,2021,63.16,24.657241605647602,15290.250903138003,89.91767999993179,3.18,1.314,92.6192396904393,5.34433317,11.2278521692555,4.881273227745666,0.23619150828890706
Guatemala,2000,58.7,37.474592031175,4714.966662008485,49.8441407550865,0.5,0.9079999999999999,61.067244848781606,5.39686108,3.73815397220214,4.916819416428572,0.23696308232654173
Guatemala,2001,59.0,36.546073353208705,4821.545984867749,49.851189625934495,0.5,0.9079999999999999,61.56169299425079,6.07023716,3.7527459554855698,0.46199999999999997,0.1402657110632193
Guatemala,2002,59.53,35.1317690659313,4969.257449444478,49.8539999485165,0.5,0.9079999999999999,62.0451166230721,6.01301289,3.7611633721160196,4.496401485227273,0.227837390580383
Guatemala,2003,59.58,33.5005185285342,5081.380055856566,49.8476727972093,0.5666666666666667,0.9079999999999999,62.5094447172638,6.15306854,3.76724390133789,4.042217858465368,0.21797877260436463
Guatemala,2004,59.8,31.9211611002083,5263.446549118998,49.8343430514171,0.6333333333333333,0.9079999999999999,62.9581205196871,6.26182795,3.77312276135316,3.687320054199455,0.21027527633848203
Guatemala,2005,59.53,30.6625361401451,5486.277769862813,49.8168559214091,0.7,0.9079999999999999,63.39595430942371,6.14826393,3.78118923531486,3.782773170214141,0.21234720440889368
Guatemala,2006,59.96,29.599950859857202,5833.3869180176025,49.7953997018597,0.7,0.9079999999999999,63.8233780145297,6.36362219,3.79306956516828,17.355578084125685,0.506961740523434
Guatemala,2007,60.62,28.5247503758314,6238.3397694650375,49.77014044808129,0.7,0.9079999999999999,64.24080361594591,6.1918334999999995,3.810862698908,3.723072972673015,0.21105133770218976
Guatemala,2008,60.89,27.579830904719802,6434.5070374609395,49.741051987910204,0.6,0.9079999999999999,64.6483174313352,6.08129978,3.8355423477310002,3.5519966473522153,0.2073379142392983
Guatemala,2009,60.78,26.9080886631746,6376.741062979334,49.70764110057261,0.6,0.9079999999999999,65.0451401830532,6.33938646,3.8654511578855097,3.9907586434829057,0.21686178662784497
Guatemala,2010,60.99,26.652419867848,6510.099809499635,49.6705450878727,0.6,0.8302499999999999,65.4325572317079,6.1247796999999995,3.89839389177153,12.601746052197006,0.4037739302118301
Guatemala,2011,61.39,30.2785784962163,6784.447129536215,49.6292857460703,0.65,0.7525,65.8097996494068,5.96306896,3.93468132757527,3.4976428736686613,0.2061580982822118
Guatemala,2012,61.71,27.3005597247054,7258.316674678833,49.5841552284631,0.62,0.67475,66.1775447968584,6.07316971,3.97674988608911,3.4230008679945443,0.20453790112946263
Guatemala,2013,61.63,29.0925322950372,7699.945412472517,49.53658863722361,0.62,0.597,66.5388660847847,5.77188921,4.02901411631479,3.164244339472728,0.19892127029297815
Guatemala,2014,61.84,26.732797903529896,8236.659299018494,49.4863540023,0.62,0.51925,66.89369268137939,5.8885684000000005,4.0897031417143195,3.6254188460968613,0.20893163397231326
Guatemala,2015,61.92,27.4004163899267,8934.002611783962,49.43346284177301,0.59,0.4415,67.2424899275787,6.00602007,4.15188561448804,2.886110493976083,0.19288403079911645
Guatemala,2016,62.08,25.2167964925021,9201.428360463531,49.3772976676554,0.52,0.36375,67.5843983621211,6.07008219,4.21599740853021,4.3879045038603985,0.2254823292619618
Guatemala,2017,62.47,25.1845452119376,9560.17783462724,49.31786626111651,0.45,0.28600000000000003,67.9199018955355,6.13563824,4.28938967150886,3.2912566979228273,0.20167823079620004
Guatemala,2018,62.52,23.223396489927396,9946.802522452675,49.25491053628549,0.44,0.363,68.2489426363097,6.10662699,4.3743308746423795,3.100009409006696,0.1975269715933628
Guatemala,2019,62.54,20.210281050929503,10755.880102958896,49.18799009422651,0.47,0.8215,68.5709973645284,6.17443275,4.468746058076849,4.622076845853589,0.2305653298904072
Guatemala,2020,61.05,21.635735592049603,10947.37112921973,49.116977118666895,0.43,1.28,68.8862996420965,6.45951891,4.54512130915561,4.3534754857777775,0.224735004795455
Guatemala,2021,59.25,21.635735592049603,11825.141273764004,49.041636754504296,0.44,1.28,69.4621730094076,6.97680426,4.5768111594693,5.737071458841774,0.25476766851969335
Guinea,2000,47.43,46.528445919947,1195.8061145334527,69.9320099057864,0.3,0.092,9.162306584788029,4.740973,3.95906004290156,5.6894272964,0.253733492982258
Guinea,2001,47.85,46.29151489659721,1250.9705972023116,69.9320099057864,0.3,0.0965,9.88629196850462,4.88433027,3.94372456077078,-0.053333333333333344,0.12907976299225382
Guinea,2002,48.3,45.7195532636765,1315.366693716844,69.9320099057864,0.3,0.101,10.611441530129198,5.35653734,3.9247974320692003,5.732078588296297,0.2546592920824745
Guinea,2003,48.7,45.021416769954605,1327.967765410542,69.9320099057864,0.3,0.1055,11.3379449716538,4.77216482,3.8946117656037402,5.9591741334871795,0.25958868207403885
Guinea,2004,49.05,44.4059611642013,1366.0316023923535,69.9320099057864,0.3,0.11,12.2068746539465,4.77632809,3.86192873214575,3.8786011675238092,0.21442726974198015
Guinea,2005,49.41,44.082042195186396,1422.3508819892154,69.9320099057864,0.3,0.10300000000000001,13.0950354311112,4.03452682,3.8268705470874,3.028031951921182,0.195964611766897
Guinea,2006,49.75,43.9817436076682,1452.9608316418676,69.9320099057864,0.3,0.10966666666666668,14.002633467086401,3.61526895,3.7921622112427698,2.8115015067659224,0.19126455035300996
Guinea,2007,50.03,43.904913474893796,1557.5858486886261,69.9320099057864,0.3,0.11633333333333334,14.929487811096301,3.48262477,3.75760670578752,2.678226780388889,0.18837165740004955
Guinea,2008,50.35,43.8620540383665,1613.6988451893635,69.9320099057864,0.3,0.123,15.8756067639013,3.26561713,3.7221775678525697,2.2907654921794873,0.17996133039600082
Guinea,2009,50.63,43.86366753958939,1566.7008924776455,69.9320099057864,0.3,0.12966666666666668,16.8410008400224,3.58146644,3.68756078071209,1.9582139756367525,0.17274288797368287
Guinea,2010,50.98,43.920256220065795,1621.6916114124233,69.9320099057864,0.3,0.13633333333333333,17.8258882415396,3.42781734,3.6504748036905403,2.676883663399504,0.18834250338278596
Guinea,2011,51.27,45.7355495093342,1705.2711043804861,69.9320099057864,0.3,0.14300000000000002,18.8300745161128,3.78955102,3.6126852219379,2.2752877551623376,0.17962536694995318
Guinea,2012,51.54,47.84514747221021,1789.974730335613,69.9320099057864,0.3,0.14966666666666667,19.8535699723585,3.50398517,3.5815420671028297,2.6447757535524885,0.18764556144446262
Guinea,2013,51.77,37.4448110683296,1842.0022773740916,69.9320099057864,0.3,0.15633333333333332,20.8963805102335,3.46108651,3.55677284758324,15.2186327488775,0.46057669611739627
Guinea,2014,51.38,39.8496366263944,1873.2141305895716,69.9320099057864,0.3,0.163,21.958517184142,4.787992,3.5311791484019204,12.0870336389319,0.3926014599797509
Guinea,2015,51.88,54.277668088415794,1929.6809133218674,69.9320099057864,0.3,0.084,23.0429534538905,5.80919266,3.50836699365263,9.454097086403436,0.33545031208053294
Guinea,2016,52.42,49.633631098696604,2255.3261799261536,69.9320099057864,0.3,0.08199999999999999,24.1498387012441,5.39694929,3.4919982804648,13.337461046715223,0.4197435351090709
Guinea,2017,52.77,49.739546103035295,2687.095048271709,69.9320099057864,0.3,0.152,25.2793165342665,3.91512728,3.47770352792694,13.927549116894557,0.43255212730245174
Guinea,2018,53.11,48.4123967434209,2844.4642767054875,69.9320099057864,0.3,0.222,26.4315341873572,3.73843002,3.46579167799443,10.988309588333188,0.36875229405287235
Guinea,2019,53.51,42.87810688542589,3105.8278901544286,69.9320099057864,0.3,0.222,27.606398351043502,4.08876228,3.4569244977845495,11.50793018211741,0.38003130242028743
Guinea,2020,53.44,43.7674450148382,3331.856630038006,69.9320099057864,0.3,0.222,28.8045342946628,3.90094519,3.44433996602993,10.650838040994579,0.3614270562702888
Guinea,2021,53.43,43.7674450148382,3738.8051255133028,69.9320099057864,0.3,0.222,30.0258495167405,3.7175858,3.43128298700421,9.798248113633653,0.3429205362445044
Guinea-Bissau,2000,43.95,55.3089810391368,1013.9734918333052,17.692846762946502,0.7,0.14,4.53445720097512,4.18953228,3.59018757382624,2.3682176596666666,0.18164252559036428
Guinea-Bissau,2001,44.35,54.5855572569738,1063.5722830852949,17.990058437490898,0.7,0.14,5.01574870772438,4.53104782,3.48267187198965,0.525,0.14163320406801394
Guinea-Bissau,2002,44.75,52.8942507824626,1095.2230583348758,18.288049453325,0.7,0.14,5.7291039451466705,3.96902514,3.3820481149764503,3.5234771702564105,0.20671886367693457
Guinea-Bissau,2003,45.15,50.882165156103895,1088.7426567531948,18.5858633223515,0.7,0.14,6.75416506576179,3.53315258,3.2879741220467595,3.2577295715384613,0.20095048300570026
Guinea-Bissau,2004,45.5,49.1964039183986,1105.3432284144076,18.8836303885363,0.7,0.14,7.7821648673930595,4.27734661,3.20055573565507,2.4678433834814815,0.18380502527948112
Guinea-Bissau,2005,45.91,48.4840706098473,1186.626313547368,19.1804305209572,0.7,0.11800000000000001,8.8783527585904,4.551624299999999,3.1194956808681,3.0289771910606063,0.19598512935278622
Guinea-Bissau,2006,46.37,48.5140057166139,1225.9182457679226,19.4770684272533,0.7,0.096,9.9897316228944,5.0809288,3.0454973406745203,3.357729509604419,0.20312110547847947
Guinea-Bissau,2007,47.0,48.62243321332029,1259.6056068922028,19.772624611126602,0.7,0.07400000000000001,11.1161885061566,5.03941393,2.9797334294519104,2.763063828159427,0.19021315056471044
Guinea-Bissau,2008,47.62,48.8075318731546,1308.5355669971664,20.0672024330843,0.85,0.052000000000000005,12.2580921089513,5.45864058,2.922574408397,2.8746216636647257,0.19263465151206796
Guinea-Bissau,2009,48.06,49.0674804693048,1314.9707866195547,20.3599228990252,1.0,0.081,13.4152955008386,4.73428679,2.8756657103716803,2.5930771699955217,0.186523379676654
Guinea-Bissau,2010,48.59,49.400457774959,1369.6891706612082,20.6518184583177,1.0,0.07150000000000001,14.5887141664203,5.26704073,2.83925044682004,2.6371143906135246,0.18747926207579235
Guinea-Bissau,2011,49.12,51.054253759813,1471.762798790717,20.9419974737055,1.0,0.062,15.7782187068147,6.21634817,2.81252166796791,2.7485746779011793,0.1898986456183045
Guinea-Bissau,2012,49.55,55.808846795023605,1401.8499404414815,21.2305029374142,1.0,0.096,16.9842205721111,5.94134808,2.79668999310592,2.3098830715897893,0.1803763011279404
Guinea-Bissau,2013,49.94,41.5410405341867,1415.8251193537858,21.5167736918646,1.0,0.13,18.2067554736928,7.03943443,2.7923498782115,8.688725780795455,0.31883698023149426
Guinea-Bissau,2014,50.17,43.5593468461234,1455.9081366519283,21.8008348391465,1.0,0.164,19.4462525723006,9.96897411,2.79988915196949,11.36938707314938,0.37702405270002903
Guinea-Bissau,2015,50.51,56.920191943344,1729.9426031012326,22.082407151452497,1.0,0.198,20.702954382231102,8.13228226,2.8195200946678503,16.84169865853537,0.4958073513202177
Guinea-Bissau,2016,50.91,52.69972657295361,1824.373097707099,22.360941161813102,1.0,0.1,21.9768833616634,8.32881451,2.84981086509669,14.26024847347619,0.43977377877586527
Guinea-Bissau,2017,51.22,56.7814512632763,2081.81287227685,22.636175745826602,1.0,0.2,23.268268256498498,7.00049543,2.88896826785767,13.613946643444445,0.4257449973226213
Guinea-Bissau,2018,51.47,54.1409784310321,2057.9696912914574,22.9080958026933,1.0,0.3,24.577573561213196,7.28224373,2.93416156500409,12.300027468742003,0.3972247547786355
Guinea-Bissau,2019,51.81,48.5028970455265,2247.3130373918475,23.1761675491536,1.0,0.2455,25.9048078160921,7.17018223,2.98298111090331,14.00424070186179,0.4342168131114883
Guinea-Bissau,2020,51.22,50.2127655060307,2339.7932696782145,23.440122137749,1.0,0.191,27.250204588143202,9.0293932,3.0189419621458797,13.552477088712578,0.424410724527325
Guinea-Bissau,2021,51.45,50.2127655060307,2522.767643025207,23.699688983722602,1.0,0.22,28.613999846041498,8.16332626,3.04676197754902,12.262998844965008,0.396421002651775
Guyana,2000,55.95,28.0653087700277,5859.9179190293335,62.7370085867764,2.9,0.48200000000000004,77.37352247917579,3.18737936,3.8441775448725997,7.330172657444445,0.2893479025676151
Guyana,2001,55.98,27.6749218196649,6131.296830210298,62.9313951738418,2.9,0.45222222222222225,77.9231007582273,3.05506778,3.87388772069812,0.6048125,0.14336563320206425
Guyana,2002,55.97,26.737317424921898,6303.903721999229,63.1261825713431,2.875,0.4224444444444445,78.4735839467328,3.19353795,3.90668786305804,8.159769746,0.30735533455805486
Guyana,2003,56.02,25.593226440911497,6392.3331579922215,63.30103471369429,2.8499999999999996,0.3926666666666667,79.0141225779314,3.26884198,3.9558957753326403,9.14141007888889,0.32866305342233765
Guyana,2004,56.17,24.583379722746802,6672.822994385442,63.47162693530971,2.8249999999999997,0.3628888888888889,79.6382981091298,3.43770432,4.02436721063773,7.053652261766918,0.28334568499980467
Guyana,2005,56.31,24.0485081255405,6761.117984132196,63.6434933035413,2.8,0.33311111111111114,80.2648830646045,3.79409742,4.09599507960164,5.239026432755233,0.2439569845634061
Guyana,2006,56.51,23.937525527010397,7345.9402821222375,63.816778789516704,2.5,0.30333333333333334,80.8939339660195,3.93144464,4.17297733167406,4.13577498410505,0.2200095458561259
Guyana,2007,56.79,23.927641442948197,8110.0299989656705,63.99131841056129,1.9,0.2735555555555556,81.525359867427,4.28126192,4.261089064629481,3.743631465432587,0.21149758524247284
Guyana,2008,56.83,23.952030185577897,8436.514384425427,64.1671092858335,1.95,0.24377777777777782,82.1591535902208,4.20242214,4.36267114052158,3.8428037050938584,0.21365024149654593
Guyana,2009,57.09,23.9438660671232,8824.489601624773,64.3442813208526,2.0,0.214,82.7953517398292,4.35117149,4.478761963265231,3.344408169419192,0.20283194929565748
Guyana,2010,57.13,23.836323399808002,9336.598302125944,64.5226872520881,1.91,0.6890000000000001,83.4338869756963,4.21897697,4.61337339082143,3.2266544130606065,0.2002759582145677
Guyana,2011,57.11,23.1327579636656,10066.072975359775,64.7023100493849,1.82,0.8283750000000001,84.0747338507827,4.17213488,4.76946417155731,2.95336920029798,0.19434396429763592
Guyana,2012,57.14,24.0202750476087,10626.825667446348,64.9168923039481,1.73,0.9677500000000001,84.731495888913,3.7081871,4.9117733959454,2.77047344008254,0.19037398536587075
Guyana,2013,57.19,23.912418065887298,11199.887474408899,65.1314736718243,1.73,1.107125,85.38895579979629,3.80231309,5.03398902564793,3.265007723522179,0.20110846430610604
Guyana,2014,57.44,24.2311867349748,11145.029119872392,65.3480220188267,1.75,1.2465000000000002,86.0478440775297,3.94755435,5.16799274490904,2.8509649887878794,0.1921211540928491
Guyana,2015,57.75,25.8352498994325,11408.473901348996,65.5662949413418,1.76,1.385875,86.70796352172479,4.02264786,5.31233649761921,2.8065297990515203,0.19115663328124288
Guyana,2016,58.23,25.385493039826397,11516.379828957726,65.7863458182367,1.75,1.52525,87.3692388758564,4.01842117,5.463900108441121,3.42172729625,0.20451025667784725
Guyana,2017,58.7,25.2164770735339,12243.22259685414,66.0082086059041,1.74,1.664625,88.0315709882197,4.3191123,5.62383983416582,3.0894592009921107,0.197297966265441
Guyana,2018,59.13,25.7636448984049,12442.50871858765,66.2313889036287,1.69,1.804,88.69469811264021,4.90492535,5.68355598565104,2.9169654011093145,0.19355377476210503
Guyana,2019,59.14,26.0920734823741,13240.971376115518,66.4561957606586,2.18,1.6045,89.3586157172433,4.90331507,5.798815102796331,3.452076423551045,0.20516902206333618
Guyana,2020,57.66,25.460668047299,16819.422871469462,66.68239136457011,2.25,1.405,90.02313351681542,5.4180727,6.001128199221901,3.817609607142857,0.21310337240590932
Guyana,2021,56.82,25.460668047299,22865.927096888197,66.9098836794809,2.59,1.405,90.6881198033659,4.92369986,6.08125010729851,4.726241687485379,0.2328263567519471
Haiti,2000,49.16,20.2385408971379,2228.50133637731,69.9320099057864,0.7,0.14,19.4402337637977,3.99165702,3.5785751698361303,2.9217025897777775,0.19365660130760526
Haiti,2001,49.52,20.1626627783411,2229.843967230749,69.9320099057864,0.7857142857142857,0.14,20.1252072093036,3.7502922999999995,3.59739770418777,0.08062500000000003,0.13198749448062333
Haiti,2002,49.93,19.9490167998644,2247.9789661465406,69.9320099057864,0.8714285714285714,0.14,20.802648871566998,3.43250132,3.62702742830469,2.589349777142858,0.1864424719996359
Haiti,2003,50.26,19.6705719275103,2330.918739333829,69.9320099057864,0.9571428571428571,0.14,21.4706205681824,3.53695321,3.6637641830057297,2.992965074895898,0.19520344178226098
Haiti,2004,49.97,19.4002971270812,2322.197867986913,69.9320099057864,1.042857142857143,0.14,21.999578322973104,3.42928433,3.70102992470593,2.136318639277088,0.17660887022208693
Haiti,2005,50.92,19.2111613643794,2427.4480855139336,69.9320099057864,1.1285714285714286,0.14,22.504941293612298,3.30554652,3.73855858884287,1.4758430365079367,0.1622724294820183
Haiti,2006,51.47,19.0965357905648,2503.659326819782,69.9320099057864,1.2142857142857144,0.14,23.0018363162708,3.48013902,3.77793259569024,2.690738807756614,0.1886432464460997
Haiti,2007,52.05,19.0011837390715,2647.4953861343038,69.9320099057864,1.3,0.14,23.4895119944276,3.64734101,3.81828867881693,2.247994163333334,0.1790329257451614
Haiti,2008,52.46,18.9251624491129,2724.4592282663307,69.9320099057864,1.0866666666666667,0.14,23.9682677015387,3.75722051,3.8600640483100297,2.444174848112554,0.1832912704135963
Haiti,2009,52.94,18.8685291599026,2855.1597138549378,69.9320099057864,0.8733333333333333,0.14,24.436711384850604,3.50277376,3.90231548207892,2.183366481210145,0.17763010188453357
Haiti,2010,35.27,18.8313411106541,2694.9110413731546,69.9320099057864,0.66,0.14,24.8953249600046,4.54871035,3.91455667860211,2.3479350624123776,0.18120226670362927
Haiti,2011,52.86,18.8857006660512,2858.1964597943474,69.9320099057864,0.68,0.14,25.343587468109604,5.91197777,3.92534834050578,1.9245509596111112,0.17201219053026456
Haiti,2012,53.2,19.0640940806919,2830.190805597091,69.9320099057864,0.7,0.1865,25.7813149858061,5.56462336,3.9663168093056296,2.0178989697498055,0.174038424671156
Haiti,2013,53.52,19.3952223914866,3042.497068787099,69.9320099057864,0.72,0.233,26.207725067223897,4.10524035,4.013426446186,2.0424873675959594,0.17457214629105638
Haiti,2014,53.78,20.758416175608602,3075.738438370623,69.9320099057864,1.6280000000000001,0.1595,26.623118897266604,4.52035809,4.0611005149309705,1.9658400631239317,0.17290842164499506
Haiti,2015,54.0,21.5058632915395,3025.834617282584,69.9320099057864,2.536,0.086,27.0270378862153,5.07518148,4.111166697067629,1.6752760540404044,0.1666013700598077
Haiti,2016,54.25,20.5277983755891,3253.4717864161357,69.9320099057864,3.444,0.13633333333333333,27.4175706296699,4.80760574,4.16856386152331,2.2732380616640215,0.17958087581470042
Haiti,2017,54.64,20.7108631691211,3339.388846534461,69.9320099057864,4.352,0.18666666666666665,27.7940822522494,3.8199388999999995,4.2310954750866,1.814503669887955,0.16962347784942292
Haiti,2018,54.83,21.5479155500506,3196.973863706142,69.9320099057864,5.26,0.237,28.1567904087872,4.31650305,4.29881788711147,2.32047214125867,0.18060614999618604
Haiti,2019,55.0,20.938501996786,3236.974925046073,69.9320099057864,4.87,0.237,28.505782011522196,3.91107917,4.37038159637999,2.2741041656190477,0.17959967567342938
Haiti,2020,54.74,21.350255444806102,3103.180663124616,69.9320099057864,5.03,0.237,28.6576196940519,3.22171092,4.43421149058579,2.545886720285714,0.18549905253584015
Haiti,2021,53.94,21.350255444806102,3145.006810572685,69.9320099057864,4.77,0.237,28.793303113228003,3.44216156,4.48425551488204,3.012722233581685,0.19563229537428367
Honduras,2000,60.75,31.2179492340652,2587.422539304271,41.7714222795011,0.6,0.552,64.5085971386328,6.26817989,2.9555978106570295,3.960866716571428,0.21621294534290406
Honduras,2001,60.88,30.8754580684972,2645.254775556173,42.0114567358156,0.6,0.5124000000000001,65.50992388683811,5.92998314,2.9523558251688,0.48237500000000005,0.14070797566596044
Honduras,2002,61.02,30.246233455672698,2714.5663201945017,42.25967914565629,0.58,0.4728,66.53485187594339,6.2445755,2.9532955600694306,4.848979924532749,0.2354905421580281
Honduras,2003,61.11,29.443073849748803,2820.7140442352397,43.6076213319213,0.59,0.43320000000000003,67.5560751753573,6.89004707,2.9569701032965297,3.6776808192727275,0.21006604480937294
Honduras,2004,61.23,28.578777704882803,3001.2967132043873,44.987269848324296,0.58,0.3936,68.57194445858289,6.85484362,2.9606886263580603,3.957846751390572,0.21614739325941926
Honduras,2005,61.4,27.7661434752318,3203.959189907237,46.398272521071604,0.58,0.354,69.5815268362271,7.50086403,2.96412131839966,4.008705134634996,0.21725133743913214
Honduras,2006,61.56,26.8538605929398,3437.622963449028,47.8412965841516,0.54,0.3412,70.58560874246021,7.86318684,2.96961589336164,3.7822175670094103,0.21233514435340303
Honduras,2007,61.71,25.7618807352975,3664.0882849454024,49.316258890469506,0.56,0.32839999999999997,71.58384784753899,8.08494949,2.97925977292205,3.465810616997115,0.20546713973736785
Honduras,2008,61.75,24.7098957241816,3806.347063738429,50.8235196106217,0.51,0.3156,72.5764555085287,8.60362625,2.9947631145845897,3.515306033158508,0.2065414990289568
Honduras,2009,61.77,23.9175973814691,3655.797013831056,52.3626202265339,0.55,0.30279999999999996,73.56296246737391,8.99592495,3.01773581198839,3.198329964725719,0.19966114099293872
Honduras,2010,61.67,23.6046775290367,3757.5464206244988,53.934323298521605,0.61,0.29,74.54390992984891,8.72536373,3.04945297131114,3.4146331487918395,0.20435626942349783
Honduras,2011,61.61,27.547386601064602,3900.7113617333757,55.538040794812204,0.57,0.3393333333333333,75.5188630035409,8.79187012,3.09140488418648,3.5482657518710186,0.207256930533391
Honduras,2012,60.28,24.209066840265002,4016.346091018008,57.174671475674,0.6,0.38866666666666666,76.4883396029045,8.65655136,3.1480962903767997,3.6179403655174824,0.2087693042916975
Honduras,2013,60.59,26.210083073709303,4137.326823778103,58.843182573156795,0.63,0.43799999999999994,77.4517887754502,8.47723007,3.22201663746013,3.113910913733643,0.19782872096590598
Honduras,2014,60.74,24.197048630279003,4460.057428331752,60.5445335990096,0.61,0.4873333333333333,78.409710520334,7.91455746,3.3152702062672104,3.510417381048952,0.20643538478192996
Honduras,2015,60.76,24.6931989438968,4845.5956652112545,61.911143209056206,0.6,0.5366666666666666,79.3614899844159,7.483790400000001,3.4226865952786,2.485363819456669,0.18418532803562432
Honduras,2016,62.05,22.882984679078398,5186.158974171613,62.3414390743725,0.63,0.586,80.30749479604509,7.709445,3.5352854432141503,3.8461678535101007,0.21372326450331264
Honduras,2017,62.21,22.057125088678198,5620.6545524773255,62.7680455735168,0.64,0.303,81.24768588690621,7.00668859,3.6514707524241,2.5222704236651388,0.18498643157666886
Honduras,2018,62.25,20.5175969852982,5633.3832384518955,63.1906427532202,0.64,0.365,82.1820517802878,7.22820663,3.76996993561992,2.7478947169535544,0.1898838862240282
Honduras,2019,62.35,18.1436603524166,5784.930810571109,63.6092641889516,0.65,0.427,83.1107110257034,7.28237152,3.8898356420718803,4.263813840341546,0.22278878776478162
Honduras,2020,61.3,20.313683389657303,5384.698319830382,64.02392816524421,0.71,0.489,84.0337747326909,9.03509808,3.99409445424469,3.897091799333334,0.21482863179997627
Honduras,2021,60.05,20.313683389657303,6202.980788120369,64.4343341684081,0.66,0.489,84.95126489920709,9.16101742,4.0706416641638,4.440873634008218,0.22663208981667926
Hungary,2000,62.22,20.655817889556104,11869.131588939796,82.8485953862976,8.16,2.685,98.0437275919474,6.77804327,14.907960027278099,3.841951910200156,0.21363175223371006
Hungary,2001,63.02,20.8202477715374,13224.136546959562,83.11106506127929,7.93,2.8930000000000002,98.04295672932291,6.82614756,15.028298295708801,1.2851875,0.15813401499789184
Hungary,2002,63.13,21.1522211901366,14532.307518208781,83.4146365139348,7.92,3.198,98.0396092982152,7.1210165,15.1445305011888,4.912643578031092,0.236872440583721
Hungary,2003,63.16,21.5344986819374,15461.932474992607,83.7153680359425,7.9,3.2510000000000003,98.0362810525522,8.1208477,15.2593891183497,5.559232098247511,0.25090744500239487
Hungary,2004,63.5,21.8498407835233,16252.83064380116,84.013546763203,7.9,3.341,98.0329662219326,7.75805521,15.3777428066872,5.640385348235615,0.2526689767750152
Hungary,2005,63.54,21.9810080314777,17091.276131819348,84.31691914314591,7.93,2.785,98.02914303703301,7.98451281,15.5256869215135,4.366318432380369,0.22501377685323268
Hungary,2006,63.96,21.823424796957198,18365.91717550179,84.62481881244709,7.99,3.04,98.02482777136991,7.77806187,15.6863377235075,5.43306585279399,0.24816885042939665
Hungary,2007,64.06,21.4476493915619,19089.990268952828,84.92908857505529,7.2,2.807,98.0205413460237,7.20393276,15.873769811417198,4.867287705655782,0.23588793521547347
Hungary,2008,64.5,20.999143262541804,20708.7615120316,85.2297662175944,7.12,3.095,98.0162854643745,7.08839607,16.078488062434403,19.84907950395886,0.5610862762229152
Hungary,2009,64.7,20.6233678571466,20680.672425053082,85.5267823941535,7.15,3.025,98.0120750590408,7.22221708,16.3035583696567,4.512906269145451,0.22819564735107747
Hungary,2010,65.0,20.465784622626,21693.40206634311,85.8135855994829,7.19,2.872,98.00840030410221,7.44858313,16.4983294883917,20.214483725743538,0.5690178272897877
Hungary,2011,65.28,21.308892787001604,22992.218465758368,86.0972847205232,7.2,2.964,98.0047619310782,7.48130894,16.702614184748,4.557730438122213,0.22916861143871964
Hungary,2012,65.48,18.932021260415002,23205.31066840401,86.365350094773,7.0,3.088,98.0021500731039,7.41063309,16.9920445700114,4.386741996240778,0.22545709559469435
Hungary,2013,65.88,17.8529756602872,24591.638050305508,87.71432833354808,7.04,3.2089999999999996,97.9999085136149,7.23441315,17.321549002252098,3.2061898121532577,0.19983174871319132
Hungary,2014,66.04,17.9397743889142,25796.210095925562,89.06512181194108,6.98,3.323,97.9976794505183,7.04665947,17.6863017779257,4.480040086066458,0.22748224615338192
Hungary,2015,65.92,17.9802501362595,26944.959766686818,90.417634731759,6.99,3.097,97.9954541400148,6.85402203,18.055990465089103,3.548602862582917,0.20726424793879364
Hungary,2016,66.32,16.2389389235353,28178.945036691865,91.772225962666,7.0,3.2110000000000003,97.99317895846072,6.9877739000000005,18.438266140918802,3.9867742050515864,0.21677529945827573
Hungary,2017,66.23,17.0236884271225,29728.01215688012,93.1284962325177,7.02,3.325,97.9908758837113,6.74387121,18.779749375728397,3.3044128127913033,0.20196380055894472
Hungary,2018,66.4,17.5018535227019,32258.257789251136,94.4862820001029,6.95,3.384,97.98851919139558,6.57987547,19.1292329288769,4.063984908929159,0.21845125338601934
Hungary,2019,66.59,14.6412354449754,35627.231552085825,95.84521643296159,6.91,3.4930000000000003,97.98613095699591,6.28167295,19.602922987429398,4.760371068159518,0.2335671772175004
Hungary,2020,66.1,14.1364995764273,35583.58556756367,97.2050754126457,6.76,3.139,97.9837062795673,7.28760386,20.0906737724303,4.820335033644503,0.2348687693340157
Hungary,2021,64.84,14.1364995764273,38887.19095271536,98.53100805689941,6.84,3.298,97.9812382429156,7.38329268,20.4050134893418,5.836864998766674,0.2569338108652647
Iceland,2000,69.14,7.404156844166451,29782.873810421464,90.15560523821492,7.5,3.4389999999999996,98.7980041291152,8.89924335,11.572276734926099,6.8683413551612365,0.27932328232527426
Iceland,2001,69.37,7.364013508577191,31885.45107342645,90.690807896108,7.5,3.471,98.7971837425424,8.75266171,11.5992668017295,1.3678124999999999,0.15992749292679906
Iceland,2002,69.61,7.315432387097251,32607.105879656832,91.2260051057491,7.5,3.575,98.79637295103659,9.40382481,11.667657602214101,7.647080463735234,0.29622677888932086
Iceland,2003,69.82,7.2585108793018405,32701.048947489213,91.7611999804326,6.9597750000000005,3.613,98.79494919008191,9.72930241,11.7252809861708,7.7010406971854435,0.29739805256837243
Iceland,2004,69.97,7.19334638476617,35617.21359796759,92.2963956327331,6.41955,3.612,98.79332446775508,9.32854366,11.756914246402301,7.959141583873017,0.3030004518870477
Iceland,2005,70.08,7.12003630306545,37322.739927279246,92.8315915038896,5.879325,3.609,98.79172592018091,8.94694996,11.721009518772199,7.417455733259724,0.291242489799589
Iceland,2006,70.2,7.00714143681389,39700.08170991253,93.3667934437735,5.3391,3.6010000000000004,98.7901467233098,8.55709076,11.6173150713783,6.93127802234167,0.2806894006128033
Iceland,2007,70.29,6.84979048517238,41472.84493501839,93.90199102315441,4.11,3.61,98.7886019021965,8.3535862,11.5446630119316,6.862665806049295,0.27920008750449726
Iceland,2008,70.41,6.687932692536171,43728.11405641231,94.4371847698126,3.91,3.639,98.7870790817422,8.34370804,11.5783688618945,7.048058832160559,0.28322427268457445
Iceland,2009,70.57,6.5615173033005,41862.95992539064,94.97237988659609,3.7,3.645,98.78557072339059,8.77518463,11.8021292355592,7.924134721903381,0.3022405846035035
Iceland,2010,70.71,6.51049356186064,39768.416959913884,95.50757783199829,3.58,3.588,98.7847535507852,8.36173058,12.135165546678099,5.246845479148857,0.24412670664669883
Iceland,2011,70.85,6.708740317353481,40936.86783051303,96.04277595559792,3.29,3.5010000000000003,98.78458592927342,8.25498867,12.4507656586356,5.671576481427938,0.25334601894092185
Iceland,2012,70.96,6.110175403767941,42004.447611059666,96.5779673042334,3.24,3.5580000000000003,98.7844113664715,8.23091221,12.7719224973156,5.568377897956706,0.2511059659091501
Iceland,2013,71.05,5.96459941016024,44409.66895309035,97.1131673147905,3.22,3.605,98.78398589552009,8.22651291,13.0702053657851,5.6568808568292,0.253027032213305
Iceland,2014,71.08,5.787105614320719,45996.96874769012,97.64836337191471,3.16,3.642,98.78354346025449,8.29044247,13.3619327506584,5.687533311307645,0.25369238169075037
Iceland,2015,71.12,5.733280952556781,49214.26486145837,98.1835633167054,3.12,3.772,98.7831179489898,8.13121986,13.679345765165,6.015730639719003,0.2608163110684458
Iceland,2016,71.16,5.27717772615425,53480.397194676436,98.71876298455271,3.13,3.8489999999999998,98.7826661232675,8.15569115,13.9213912898367,4.39497012784286,0.2256356973789543
Iceland,2017,71.25,5.839962796087081,55638.492059179414,99.25396007643579,3.06,3.8710000000000004,98.7821726872398,8.3243084,14.0228770869629,4.830329467677258,0.23508571089951844
Iceland,2018,71.33,5.55924065638007,57197.7676247175,99.7891499159749,2.87,3.891,98.78164614919771,8.43817616,14.1209962193995,5.249821549033611,0.2441913059284319
Iceland,2019,71.39,5.481558071690809,60523.81794408249,99.99999703877121,2.8,3.891,98.78110097756071,8.63996315,14.299299000969,6.550472315336191,0.2724235412395356
Iceland,2020,71.36,5.1055482750018895,55796.745466763234,99.9999964455788,2.83,4.317,98.78054196792591,9.67780685,14.5643646996569,6.162925088981803,0.26401134884164384
Iceland,2021,71.37,5.1055482750018895,61610.213274071466,100.0,2.83,4.405,98.77994981829691,9.78697014,14.8686344991929,7.077691674249182,0.2838674902126439
India,2000,54.13,61.511449777005,2090.858068944859,37.6400057360068,2.13,0.6779999999999999,14.663882112524801,4.10568476,4.41058746962383,3.068958642042015,0.19685297625022455
India,2001,54.52,61.90683477211571,2199.5391044647768,39.1028624674025,2.09,0.6779999999999999,17.2206798996747,4.33754253,4.461284263224861,1.0319375,0.1526369101809992
India,2002,54.96,62.3725221530569,2277.069747750505,40.6085464510428,2.05,0.6779999999999999,19.964582906341104,4.31453371,4.516276222263941,3.8490971743686515,0.21378684903954862
India,2003,55.34,62.766353963477,2461.482516108613,42.1267048046039,0.8999999762,0.6779999999999999,22.7256519741888,4.07877731,4.57336676437993,3.588005959913579,0.20811954095414156
India,2004,55.74,62.9461722470244,2681.8611684125444,43.65741446187899,1.4249999881000002,0.6779999999999999,25.504088846955,4.02679491,4.62602267494844,4.308804936234795,0.2237653752078302
India,2005,56.14,62.7698190473475,2936.803220119329,45.1996271683436,1.95,0.6779999999999999,28.2988919138167,3.85508275,4.674675099122711,4.035234401891942,0.2178271880327226
India,2006,56.46,61.19510992421571,3220.6269293940104,46.7534238129321,1.92,0.6779999999999999,31.1102746501892,3.66901541,4.72189908061262,19.971662177224996,0.5637470849245099
India,2007,56.7,58.0211349861865,3508.061831716051,48.3188378954124,1.9,0.6779999999999999,33.9383850862219,3.58103991,4.7700034284851,18.78248823938642,0.5379345922026317
India,2008,57.02,54.3676481000901,3633.367832407157,49.8955302994742,1.87,0.6779999999999999,36.7829765979312,3.58856082,4.82207897305879,3.8349587620924246,0.2134799572953162
India,2009,57.53,51.354403132756794,3886.581976932475,51.48253140206221,1.84,0.6779999999999999,39.643170812605796,3.54637694,4.87809420851412,16.53129594583296,0.48906967610926816
India,2010,57.91,50.101153951016705,4206.459860021172,53.0798644691443,1.82,0.6779999999999999,42.519111669417704,3.33625913,4.9404471910610495,3.799592191114313,0.21271228208236156
India,2011,58.23,61.708624213512,4454.701532005128,54.687506599204205,1.79,0.6779999999999999,45.4108795020998,3.24634218,5.0124057389161,16.183617022216215,0.4815228745860869
India,2012,58.57,74.0031607462287,4819.6428821873105,56.3075690119533,1.77,0.6779999999999999,48.320592356901905,3.32935286,5.09338826047327,3.411734692581929,0.20429335484267627
India,2013,58.85,76.25017682905971,5014.350565907802,57.9390790581161,0.49,0.6779999999999999,51.247292617823604,3.74944186,5.18262772655076,2.892271451937809,0.1930177620199973
India,2014,59.21,79.0373957134889,5191.591499032487,59.5816046729688,1.73,0.6779999999999999,54.1905506719672,3.61956549,5.3071546126922104,3.9865509232915435,0.2167704528512129
India,2015,59.59,73.810991410386,5425.035990910462,61.23439870105639,1.7,0.6779999999999999,57.1496392627885,3.59565973,5.46921307827757,3.0996823713453994,0.19751987283599567
India,2016,59.95,75.7890035327013,5800.481493665522,62.8967025513523,1.68,0.6779999999999999,60.1238284933312,3.50430417,5.6417308534043595,3.648377791740591,0.20942998631461898
India,2017,60.24,67.3122713926644,6144.717144449382,64.567945966321,1.67,0.6779999999999999,63.1125583715917,2.93597651,5.8247052897296,2.3359863604902946,0.18094290533387017
India,2018,60.54,68.1209525065052,6714.96639877754,66.2471046550041,1.65,0.6779999999999999,66.1148742165368,2.8584937999999998,6.0192595143722105,3.231407930960503,0.20037913920625458
India,2019,60.88,59.8919808842351,7150.924234529259,67.9333667144175,1.63,0.7024999999999999,69.1300220717047,2.95299792,6.223473041098041,2.7638222629131577,0.19022961333011232
India,2020,60.36,48.3948115195574,6966.275427859109,69.62590500576471,1.62,0.727,72.0482326780192,3.34146094,6.416853023368981,3.4759815779645025,0.2056879130385574
India,2021,58.15,48.3948115195574,8050.018574526641,71.32402264875859,1.6,0.727,74.9328568041953,3.34680939,6.545790692688071,4.743576008404243,0.23320261965035047
Indonesia,2000,59.43,26.2052017856205,4639.039426394645,23.513695240414,0.59,0.132,41.5831787269392,1.85297656,5.0124996650511795,2.5061873251623745,0.18463732801003466
Indonesia,2001,59.66,25.8543760470568,4848.55580110852,23.8541898112192,0.59,0.132,43.534313765172,2.11850214,5.1227590146499,0.8276249999999999,0.14820205439461667
Indonesia,2002,59.88,25.529168646004898,5076.16438159536,24.1928563621011,0.59,0.132,45.5010531020753,1.98062706,5.23365156758796,2.782387023817498,0.19063258445189601
Indonesia,2003,60.09,25.1975719602112,5352.507503915312,24.529544095956503,0.59,0.132,47.4821079251045,2.24837184,5.34256074228962,2.2271246911868943,0.17857992801224054
Indonesia,2004,58.77,24.8275783674222,5700.049495357607,24.864499371887998,0.59,0.13383333333333333,49.4772142680194,2.12002277,5.443557633315621,2.7383367665338687,0.1896764190757886
Indonesia,2005,60.47,24.387180245384396,6134.166730108202,25.1970554810278,0.6,0.13566666666666669,51.4837806650068,2.53189397,5.53638742565404,2.701924310723788,0.18888604163757147
Indonesia,2006,60.63,23.8860554289587,6583.351123580456,25.527594631843602,0.6,0.1375,53.501896111913396,2.61946416,5.62191135970264,14.87480748878696,0.453113543132547
Indonesia,2007,60.86,23.315671132138903,7096.387689167336,25.8558523793891,0.61,0.13933333333333334,55.530029372810795,2.82385564,5.698063278398241,2.9259625842920562,0.19374906976314082
Indonesia,2008,61.05,22.616703801370395,7569.25304691272,26.1820726884343,0.63,0.1411666666666667,57.5678736084239,2.54842305,5.7661831229302,17.595748415775724,0.5121749349439203
Indonesia,2009,61.23,21.7298298830988,7868.148183335538,26.5057497293581,0.68,0.14300000000000002,59.6133891473514,2.62324095,5.827336102436429,16.639347838315615,0.491415076222361
Indonesia,2010,61.43,20.5957258237696,8353.456847332489,26.8247072998811,0.65,0.138,61.6611213279716,2.7908783,5.881117542397241,3.179311992834248,0.19924833236552653
Indonesia,2011,61.69,17.9185723142468,8936.992155494536,27.1294619950846,0.69,0.16849999999999998,63.691365721004104,2.98942471,5.929751915051661,18.18842130183381,0.5250396337663944
Indonesia,2012,61.92,19.553351601333002,9530.290711367177,27.4321575752598,0.92,0.19899999999999998,65.7302519834107,2.91427088,5.97203208843423,3.012879525994204,0.1956357096008524
Indonesia,2013,62.14,20.1029935644832,9866.01699250847,27.732559338090702,1.1,0.22366666666666665,67.77662355959329,2.86934805,6.00968683645659,2.8515764510569888,0.1921344266384952
Indonesia,2014,62.36,18.5354648917633,10064.677127417008,28.031022243733002,1.05,0.24833333333333335,69.8304612551161,2.96433568,6.041340634761241,3.814139459317816,0.21302804855072924
Indonesia,2015,62.57,18.6712786457665,10027.537299602547,28.327201192466802,1.09,0.273,71.89043985744449,2.92428517,6.081847278331961,2.602316713523288,0.1867239354090622
Indonesia,2016,62.77,19.1310042759597,10262.595165187096,28.6211047796107,1.1,0.325,73.9559310852412,3.02147198,6.14856356267664,3.078751386958832,0.1970655399037402
Indonesia,2017,62.95,16.9555634840925,10687.64092184431,28.9123011579952,1.15,0.377,76.0256805835892,2.90417194,6.2384335097991,2.372857338378503,0.18174323556152194
Indonesia,2018,63.1,18.4371895829409,11372.097198761188,29.201034995237396,1.16,0.425,78.09954188573491,2.86757827,6.350959336742299,3.3482967511263704,0.20291635577634218
Indonesia,2019,63.29,19.4270918962783,11986.470150837642,29.4871087619976,1.18,0.467,80.1767467592482,2.87862897,6.48567879421327,3.194939974811189,0.19958755706445547
Indonesia,2020,61.94,17.8814994983985,11729.36744584478,29.770762468818603,1.4,0.627,82.2571090356155,3.42067289,6.60790527723472,3.836038707668199,0.213503398851196
Indonesia,2021,60.67,17.8814994983985,12757.074644020371,30.051699915149804,1.36,0.695,84.339850898343,3.70634937,6.68701065764471,4.009863354697048,0.2172764780396539
Iraq,2000,59.69,42.0322556879507,10627.94007274909,50.240937492427996,1.2,0.5429999999999999,70.50476778772621,2.99693584,3.0803503725998698,-0.18067346906766918,0.12631568767723317
Iraq,2001,59.95,42.1509534852763,10719.619420845462,50.7176459921127,1.3,0.5429999999999999,71.075866107073,2.99693584,3.05120591584029,-0.606375,0.1170753088569106
Iraq,2002,60.15,42.2186306413067,9682.376194857332,51.193499558106396,1.27,0.5813333333333333,71.6455694675998,2.99693584,3.02836097946751,-1.4867724409523806,0.09796519231815723
Iraq,2003,59.21,42.2720869159646,6068.4516180834635,51.668498752969,1.31,0.6196666666666666,72.21387712893471,2.99693584,3.0109475893967796,-1.172544602333333,0.10478589662328865
Iraq,2004,59.33,42.3481220691727,9289.742246495898,52.142640019551,1.32,0.6579999999999999,72.7807850256075,3.90128636,2.9986226097848703,-1.3951278840000003,0.09995445089847281
Iraq,2005,59.0,42.4835358608539,9457.04454256902,52.6159251509401,1.28,0.66,74.44507456832059,3.01704645,2.99116268749022,-1.0078293122727273,0.10836124593980602
Iraq,2006,58.12,43.2338400632279,10223.106532255837,53.088072010066796,1.31,0.5940000000000001,76.12195934814629,2.49370432,2.9865866438765605,-0.4277401464955144,0.12095279953278196
Iraq,2007,58.23,44.766523137035,10783.123640622383,53.55965173036329,1.13,0.528,77.8117345436879,3.2148056,2.9848416118185894,-1.0622141450000002,0.10718075580771917
Iraq,2008,59.9,46.536349874978704,11657.316870246152,54.0303756264796,1.26,0.5623333333333334,79.5141852850981,3.06604242,2.9875252474147795,9.585196593403541,0.3382959892036229
Iraq,2009,60.58,47.998085069762496,11687.014208326722,54.4999818450218,1.1,0.5966666666666667,81.2291181152915,3.77203989,2.99326579903006,0.03420328285714251,0.13097985363199777
Iraq,2010,60.95,48.60649351408961,12186.192962384142,54.9861405424043,1.1,0.631,82.96584982552871,3.23955345,2.99874222774504,0.4385097764338625,0.13975582667579464
Iraq,2011,61.22,44.5902054159628,12912.029979014611,55.4804510053607,1.3,0.678,84.7190691046442,2.80316377,3.0001455004005004,-0.125740652593834,0.12750807247503693
Iraq,2012,61.4,43.7633581476121,14402.034089395518,55.9719076225608,1.29,0.7250000000000001,86.4826460447995,2.69365859,2.99517818275334,0.45323038767724855,0.14007535576947133
Iraq,2013,61.04,42.9162462504814,14668.543276499468,56.4605410514352,1.27,0.772,88.2564846708838,2.80868459,3.0014634379031198,-0.11119363927991417,0.12782383341071055
Iraq,2014,60.17,37.7947333258122,13168.245587416997,56.94658717357039,1.1,0.8190000000000001,90.0405629244154,2.78786659,3.02041509700436,0.15176758742063462,0.13353173242730124
Iraq,2015,60.79,44.6439888371463,9334.466048663151,57.430048149340294,1.38,0.7140000000000001,91.8347515135487,3.15587044,3.04510842357688,-0.7000041282352945,0.11504297269966007
Iraq,2016,60.87,42.3367851899463,9079.135317694956,57.9129327058889,1.3,0.703,93.6396641233782,4.58949184,3.08574346197846,-0.21104098341269878,0.1256565231781883
Iraq,2017,61.25,40.02670906993,10191.661698863894,58.395196184655894,1.05,0.794,95.4549205220896,4.04064989,3.15072288734421,-1.3723342670833336,0.10044921457605234
Iraq,2018,62.49,41.7558636075287,12034.401121494397,58.876573508811,1.05,0.67,96.9997458760796,4.12989378,3.2330356629635797,0.9761665688843939,0.15142633306716627
Iraq,2019,62.41,37.731569303030895,12248.59173859636,59.356629786052196,1.2,0.873,97.864851810422,4.28182745,3.31720320491488,-0.22006729861415897,0.12546059583061575
Iraq,2020,60.33,38.1750699787954,10573.930475071484,59.664460620832,1.2,0.9129999999999999,98.4932660483814,5.76473284,3.36039554185808,-0.4635156716666665,0.12017624746271205
Iraq,2021,61.02,38.1750699787954,12731.753575512883,59.7027840073918,1.3,0.972,98.4959720542325,5.25095701,3.3810473007253905,2.007756327592382,0.17381826606480028
Ireland,2000,66.32,12.5487773722991,30209.46562081587,75.3916136200507,6.19,2.239,90.00398151951892,5.8990282999999994,11.1884415470003,6.537928516062624,0.2721512625449301
Ireland,2001,66.77,12.4264833741692,32576.9245748656,75.4833717359406,5.92,2.394,89.99342066054209,6.39249372,11.140554406040302,1.3695,0.15996412220371323
Ireland,2002,67.06,12.3040622950093,35222.028724352036,75.57694827238359,5.84,2.425,89.9824305641103,6.67263031,11.102121120250402,7.049482381966986,0.28325517259572147
Ireland,2003,67.44,12.172849727207401,36285.108700351135,75.67863619231059,5.73,2.594,89.9700431850216,7.00761414,11.0840647293282,6.765653841077683,0.27709432268735346
Ireland,2004,67.67,12.0241812631519,38734.44393991485,75.7805670625966,5.69,2.763,89.9574538006016,7.21972942,11.078943779667,6.561200287325667,0.2726564051546347
Ireland,2005,67.96,11.849392495230902,40466.23435157114,76.9944161030451,5.51,3.56,89.944799688173,7.64242792,11.013495106471698,6.615990651234336,0.27384569784313084
Ireland,2006,68.16,11.571133400606898,44232.10174855741,78.1899908927392,5.31,3.662,89.9326745170445,7.51646996,10.871578572553899,6.482310809843208,0.27094401136718765
Ireland,2007,68.37,11.183427609396999,46784.086133536555,79.35813962611441,5.14,3.87,89.923319628906,7.80773735,10.778698048691302,6.467712059746965,0.2706271274205947
Ireland,2008,68.54,10.7846711934217,44169.094341164404,80.515524102724,4.89,3.985,89.91389310881479,9.12564754,10.8486525689537,6.341243173067599,0.2678819636450678
Ireland,2009,68.5,10.4732602245015,41469.83790025603,81.662396985131,2.85,4.038,89.9043585226446,10.52275753,11.0745691427321,6.169758329684982,0.26415967279182917
Ireland,2010,69.33,10.3475907744569,43216.98473024063,82.798592146753,2.75,4.164,89.8947557932751,10.52404499,11.378359230371,5.883776470081154,0.2579520824345849
Ireland,2011,69.17,10.5404229786943,45525.718123904226,83.9242978487205,2.64,4.14,89.8850354586049,10.5987215,11.717152307432801,25.67900449959918,0.6876320166993506
Ireland,2012,69.28,9.58893302932057,46726.21576653661,85.0395080293154,2.56,3.98,89.8752066389218,10.6218853,12.082240248758099,6.359534952360095,0.26827900936296833
Ireland,2013,69.48,9.19408716106259,48838.77198255254,86.14414106051349,2.58,3.958,89.8653106033212,10.28716469,12.4475140098686,6.337637717464167,0.2678037027670235
Ireland,2014,69.75,8.84472665206141,52640.784391855304,87.23830310695591,2.59,3.035,89.8553013523079,9.49471951,12.795190714258199,6.533138333930765,0.27204728571069187
Ireland,2015,69.84,8.81158216131006,71607.45682946494,88.3219797181514,2.94,3.1430000000000002,89.8452309062707,7.32119417,13.110254212292302,6.125753804553756,0.263204500088714
Ireland,2016,70.03,8.11019374827621,73012.81987203742,89.92703056473542,2.98,3.219,89.8349918949082,7.481896400000001,13.3920921055483,4.707348532559128,0.2324162574313098
Ireland,2017,70.21,8.38429636583274,80450.35293365059,91.52464199655572,2.99,3.282,89.82406976170229,7.10795546,13.672045412093599,4.956785017349737,0.2378305851787974
Ireland,2018,70.3,8.2986369369357,86299.34202169762,93.114008663692,2.99,3.302,89.812337262782,6.47943211,13.9535917035732,5.147885307948575,0.24197865360114862
Ireland,2019,70.48,7.8923946735653,92022.59879983004,93.68721950628391,2.9,3.343,89.79984961612129,6.71554708,14.243777884666299,5.179544324705105,0.24266585175913644
Ireland,2020,70.1,8.170586013067071,97799.9225748607,94.16462407494619,2.91,3.484,89.7865313699403,7.06342745,14.562147341958498,5.370339292699729,0.24680729277632152
Ireland,2021,70.0,8.170586013067071,116903.61243516988,94.6467716600951,2.91,4.062,89.77248710481449,6.59614468,14.8535759354494,5.89807856756943,0.25826252716901515
Israel,2000,68.34,25.3125485744393,25783.17345745999,99.76122476308929,3.9,3.693,99.99999804246141,6.61731339,9.72425912757915,5.215896151829095,0.24345491317665327
Israel,2001,68.5,25.2234272492841,25813.23649701549,99.761381415014,3.93,3.7060000000000004,99.9999999141995,7.01818132,9.74750406630562,1.2689375,0.1577812886276075
Israel,2002,68.27,25.141226550293197,26101.32878411334,99.7484560111451,3.88,3.716,99.9999966748332,6.92267561,9.81790919278782,5.263650795852273,0.24449148685360805
Israel,2003,68.67,25.063976465050203,24678.396162802554,99.7355251870484,3.99,3.715,99.9999972968458,6.85543919,9.8951378017537,5.294725646107878,0.24516600495439506
Israel,2004,68.97,24.9897069811385,26071.050400688066,99.7225858573178,3.92,3.68,99.9999987008863,6.80059671,9.937306195874198,5.269196317996573,0.2446118592780567
Israel,2005,69.1,24.9164480861416,25700.986260580932,99.70963129363709,3.85,3.634,99.999996277042,6.90324974,9.95144916787625,5.114570396732519,0.24125551220363578
Israel,2006,69.27,24.8430702434375,26365.578494352558,99.6966707836185,3.52,3.5989999999999998,99.9999970677578,6.70972347,9.94223945345664,27.120097226471835,0.7189127186558387
Israel,2007,69.42,24.769995169373196,28265.87632969897,99.6836980628686,3.46,3.563,99.99999673892641,6.69537067,9.89574079832473,4.992539913815081,0.23860668947726585
Israel,2008,69.61,24.697579730985698,28083.83661359521,99.6707189884124,3.4,3.5239999999999996,99.9999990692997,6.82830238,9.838208894575109,5.129297915466971,0.2415751912329587
Israel,2009,70.13,24.6261807953123,28097.192940792334,99.65772626454171,3.32,3.529,99.99999672721759,6.91636944,9.831148516478269,4.879061497907786,0.2361434999542754
Israel,2010,70.48,24.556155229390203,29455.82181325311,99.64473593566429,3.29,3.5189999999999997,100.0,6.88817596,9.89778832137184,5.130988258300187,0.24161188221708774
Israel,2011,70.61,24.4804002133439,31313.93349970288,99.6317352990447,3.27,3.525,99.9956552135569,6.83919144,10.0737415795495,5.106844181013985,0.2410878051250861
Israel,2012,70.6,22.1038555397058,32483.742187273827,99.6187296906115,3.23,3.51,99.9884608340089,6.97648525,10.3421950725313,5.010591917121046,0.238998530560495
Israel,2013,70.9,22.578207348874002,34827.364735114614,99.60571365432509,3.23,3.483,99.9813907693021,6.95815229,10.5899969533043,5.1138960498589,0.24124087466978691
Israel,2014,70.47,21.175469715827,34816.24224600708,99.59269469122209,3.21,3.457,99.9744595332157,7.04530668,10.795297915876,5.16136385375728,0.24227122212667576
Israel,2015,70.97,22.104302734309503,35868.973637601404,99.5796709386405,3.17,3.451,99.96767110518091,7.02217817,11.0178266647386,5.1900051686481925,0.24289291732923832
Israel,2016,71.21,18.8170113677762,38189.1610278241,99.56663319140779,3.13,3.443,99.96102207187259,7.09562969,11.2613992767727,3.7676211342400725,0.2120183107072598
Israel,2017,71.35,20.0293441275017,39470.86812621644,99.5535872401717,3.16,3.452,99.95452879612141,7.17605686,11.492464567871302,3.737730798651756,0.21136950396395837
Israel,2018,71.51,20.562597480650698,40189.99099570689,99.5405350798841,3.12,3.4989999999999997,99.94819635617941,7.22799444,11.7012951661424,4.1251316216972125,0.21977851849675742
Israel,2019,71.51,19.5556432093837,41325.17836567558,99.5274735767873,3.12,3.542,99.9420208696373,7.17438793,11.8854991652299,4.222794375174737,0.22189840948420972
Israel,2020,71.22,18.5982756348314,40955.28561791523,99.5143951498831,3.07,3.5839999999999996,99.93601276244058,7.70120192,12.052877058889301,4.111185084920635,0.21947579164781963
Israel,2021,70.76,18.5982756348314,46162.082273024746,99.50131597943691,3.06,3.654,99.9301799523059,7.67129993,12.197989595014501,5.3684313677878635,0.24676587890377152
Italy,2000,68.39,26.2472831488489,27146.321184003,94.76837962022249,4.71,3.4419999999999997,99.8859327621191,7.56665516,18.2167668390368,4.607970356731284,0.23025913107775703
Italy,2001,68.62,25.812741184381498,28137.055862241803,94.9871086639703,4.61,3.5060000000000002,99.88592144156608,7.7376852,18.5127619063707,1.240125,0.1571558776402957
Italy,2002,68.84,25.257167826855802,28833.021790312858,95.2059380209067,4.44,3.563,99.88589644137849,7.86693573,18.7987896858146,5.321066385278128,0.24573776331243372
Italy,2003,68.78,24.6281664348107,29252.900253624062,95.42486769103171,4.17,3.6239999999999997,99.88587462414749,7.83297729,19.0525655493978,5.142570294513083,0.24186328465363396
Italy,2004,69.3,23.9733403667848,29584.80265254676,95.5418808411868,4.01,3.687,99.88585071228371,8.16549301,19.329212127098,4.853847950894886,0.23559620869766904
Italy,2005,69.33,23.3402929813168,30137.818037443714,95.6149212596411,4.03,3.707,99.88582369300329,8.33931828,19.6352354411702,4.225837880637444,0.22196447253865906
Italy,2006,69.74,22.622685769712,32460.55098733532,95.68798664131158,3.97,3.7060000000000004,99.88580360767229,8.43673038,19.935595327760197,4.189166495908724,0.2211684747276645
Italy,2007,69.88,21.788257561314,34108.77230985898,95.76107698619819,3.88,3.773,99.88577997170691,8.13616276,20.1236179704111,24.392986503109483,0.6597174037749117
Italy,2008,70.07,20.9957277217196,35422.342439111264,95.83419229430099,3.77,3.761,99.88575428717571,8.53282356,20.2043389169453,23.59963467111025,0.6424967199558649
Italy,2009,70.23,20.403815616525396,34483.7311008116,95.90733256562001,3.66,3.761,99.8857309646722,8.95162296,20.3135164047155,4.549895811487718,0.22899855116700776
Italy,2010,70.53,20.171240611328102,34977.994233996505,95.9804978001552,3.61,3.784,99.88571060157629,8.91602039,20.458961210046898,21.343956177678642,0.593534425339462
Italy,2011,70.52,21.335367658309398,36392.28277594927,96.0536879979065,3.48,3.8560000000000003,99.8856821171754,8.77407074,20.687933887093102,4.216531763066898,0.22176247173422226
Italy,2012,70.56,18.765688121919,36281.10142435061,96.1269031588739,3.38,3.832,99.88563329796709,8.78352833,20.996644475196103,3.8921465557362125,0.21472128916464187
Italy,2013,70.91,18.0540998276206,36459.29502487161,96.2001432830576,3.31,3.895,99.88557782982859,8.77543831,21.330672420342,3.9490839780495186,0.21595718641423683
Italy,2014,71.17,16.8936828833708,36665.685767749965,96.2734083704574,3.24,3.91,99.88551825845909,8.86791801,21.6978740078895,4.466660331128509,0.22719182200602459
Italy,2015,70.9,17.7600165229672,37394.45350054226,96.3219111162616,3.22,3.87,99.88545835358559,8.85689163,22.0285256126439,3.668864121595752,0.20987466746971178
Italy,2016,71.37,15.7011486972657,40482.56299985595,96.37041386206579,3.2,3.986,99.88539985230801,8.72533035,22.309588639161703,4.0318276079975455,0.2177532393530502
Italy,2017,71.12,15.9660261772019,42142.343540688504,96.41891660786999,3.21,4.025,99.8853414231028,8.67773914,22.558669089969,3.3789825829511373,0.20358242975041638
Italy,2018,71.27,16.335436129469198,43386.70058688029,96.4674193536742,3.17,4.013,99.8852799137261,8.68187714,22.806214328884302,3.5850662489060054,0.20805573088685628
Italy,2019,71.43,14.8936858575121,46661.910515961135,96.5159220994784,3.16,4.051,99.88522254218691,8.65633965,23.104171093176998,5.010927781238,0.2390058209070108
Italy,2020,70.48,14.6586386239905,44435.64343935264,96.56442484528259,3.18,3.997,99.8851578267552,9.62485981,23.379233231567003,4.845534529425508,0.2354157555912359
Italy,2021,70.56,14.6586386239905,49825.393411184814,96.61292759108679,3.18,4.0969999999999995,99.8850975832792,9.34389782,23.661973552365797,6.0930242875981655,0.2624940653984429
Jamaica,2000,63.61,15.750974854101601,6816.410294822002,69.9320099057864,1.5,0.85,80.38979024768159,5.64462519,6.06064208271564,5.258864178859649,0.24438758740513117
Jamaica,2001,63.53,15.845257750945198,7019.017555201277,69.9320099057864,1.5,0.85,80.4397265320862,5.15652943,5.960460340885151,0.7550625,0.14662699548730856
Jamaica,2002,64.23,15.9120130856462,7225.942286280044,69.9320099057864,1.5,0.85,80.4900715011556,4.74544334,5.86467740032792,7.671263861785715,0.296751709487197
Jamaica,2003,64.57,15.9514800367871,7592.609104945109,69.9320099057864,1.3999999762,0.85,80.54029614447259,4.22014141,5.783601963846579,7.846364633333335,0.30055248853839556
Jamaica,2004,64.78,15.963897782950198,7853.864243409991,69.9320099057864,1.8,0.7614,81.06758684543,4.80435276,5.72979445967312,6.829410821561413,0.278478246890819
Jamaica,2005,62.85,15.9495055027176,8127.379450366944,69.9320099057864,1.7,0.6728000000000001,81.5952850004995,4.54581785,5.7084391876565705,6.315866578055556,0.2673311332297586
Jamaica,2006,65.32,15.9267243980102,8576.5315399634,69.9320099057864,2.0,0.5842,82.123305250613,4.20788145,5.716544164267059,5.658566241906761,0.253063615583209
Jamaica,2007,61.44,15.898667397326697,8892.782606596575,69.9320099057864,1.7,0.49560000000000004,82.65170470808759,5.32057667,5.751196523104769,7.00448827760101,0.2822785198500473
Jamaica,2008,62.28,15.842611269116098,8951.506009459159,69.9320099057864,1.705,0.40700000000000003,83.180409388657,5.61143064,5.81046358196596,6.298510418981385,0.26695439630715495
Jamaica,2009,63.48,15.7358327818276,8579.58979915443,69.9320099057864,1.71,0.3965,83.7094853462441,5.14654493,5.889707507686349,5.681506477261904,0.2535615617955344
Jamaica,2010,64.95,15.555608703910199,8521.288764173276,69.9320099057864,1.82,0.386,84.2388789441069,5.2951932,5.98373516386263,5.514716002667333,0.24994116802927327
Jamaica,2011,64.03,14.947122722181499,8809.361000779312,69.9320099057864,1.81,0.3755,84.768570999696,5.23845339,6.08586834201928,4.997676521391476,0.2387181859047118
Jamaica,2012,65.14,15.424731493650802,8830.650794790497,69.9320099057864,1.8,0.365,85.2981420323076,4.88512897,6.18666657048149,5.078084868813491,0.24046354864481817
Jamaica,2013,65.17,15.774915866566602,9101.414966924809,69.9320099057864,1.69,0.48200000000000004,85.8275297136537,4.95443439,6.277070662039231,4.720896016056084,0.23271032233471708
Jamaica,2014,64.42,16.4597152483621,9209.585865965128,69.9320099057864,1.69,0.392,86.35668216605829,5.16564465,6.3365570779622695,5.114990618638624,0.2412646336404145
Jamaica,2015,63.6,16.8646376023948,9476.149294650373,69.9320099057864,1.71,0.429,86.8855879242963,5.62470436,6.40393658025201,5.448548893938017,0.2485049290080856
Jamaica,2016,63.64,15.9558447798912,9948.041467744399,69.9320099057864,1.74,0.47200000000000003,87.41416826866622,5.70102215,6.515090314119821,5.819278591785714,0.2565520761267578
Jamaica,2017,63.63,16.6566414571584,10466.487678214591,69.9320099057864,1.71,0.511,87.9424102965954,6.14859295,6.640365925618401,4.732799895752501,0.2329687107825705
Jamaica,2018,63.78,16.8426821458431,10752.740665092415,69.9320099057864,1.7,0.55,88.47023427421671,5.96798849,6.7806520873835,5.501678119175831,0.24965816462495652
Jamaica,2019,63.55,17.0706325020849,10845.011363587453,69.9320099057864,1.73,0.55,88.997622645007,6.0976099999999995,6.948234866578519,5.485882429515779,0.2493152996231148
Jamaica,2020,63.75,17.413637041591002,9764.352587978405,69.9320099057864,1.71,0.55,89.5245308476169,6.62580395,7.13912515424417,6.6838234334285715,0.27531809236926374
Jamaica,2021,61.72,17.413637041591002,10430.690977175882,69.9320099057864,1.68,0.55,90.0509072917054,7.18521214,7.31190233999129,7.6243384853940075,0.2957331360909587
Japan,2000,71.11,13.162073691605599,27287.270191271782,97.86876292605379,14.7,1.935,99.9977656818046,7.03456163,17.4418311728625,5.382547232044693,0.24707228121532465
Japan,2001,71.34,13.083721968945198,27942.346651132983,97.86876292605379,14.61,1.957,99.9954967125937,7.23947906,18.034308352368104,1.2818125,0.15806075644406356
Japan,2002,71.53,12.9394908862862,28623.588447936738,97.86876292605379,14.45,1.979,99.99322774338292,7.35235405,18.5996931174384,5.461089628526295,0.24877714117990235
Japan,2003,71.57,12.749753768111901,29392.248991618573,97.86876292605379,14.27,2.005,99.990958774172,7.48654842,19.094589199668,4.434089662145947,0.22648483530768912
Japan,2004,71.74,12.5348839389059,30830.6584466434,97.86876292605379,14.2,2.031,99.98868980496108,7.53518438,19.6215781629582,5.181781244776642,0.24271440687897944
Japan,2005,71.66,12.315254723151698,32169.86749364604,97.91386815917109,14.07,2.0570000000000004,99.9864208357503,7.65818596,20.2818997821341,5.4208440978726875,0.24790356210620307
Japan,2006,71.92,12.0174240180157,33634.63170667872,97.95898077154249,13.97,2.083,99.9841518665394,7.68688869,20.9784589313141,5.244389100062726,0.2440733878972162
Japan,2007,72.04,11.621458822168698,35015.986574512724,98.004100763168,13.87,2.115,99.98188289732849,7.77935696,21.626699825827103,23.625452130420705,0.6430571198766366
Japan,2008,72.1,11.227996112351198,35273.79115215602,98.04922813404758,13.71,2.147,99.9796139281177,8.08909321,22.2533796508458,25.59075646921584,0.6857164839336979
Japan,2009,72.34,10.9376728653037,33547.2834245767,98.0943628841813,13.61,2.1799999999999997,99.9773449589068,8.958782199999998,22.7624685083393,5.264778815815008,0.2445159719235812
Japan,2010,72.31,10.851126057766399,35335.37351038142,98.13950501356909,13.51,2.213,99.97507598969591,9.063006399999999,23.0980258847984,5.297165119688929,0.24521895674895802
Japan,2011,72.12,12.274253070144699,36214.439774024104,98.184654522211,13.38,2.2485,99.972807020485,10.48780155,23.652739509353598,3.803632510690516,0.21279998222137098
Japan,2012,72.54,12.806843127190199,37605.97426145393,98.229811410107,13.33,2.2840000000000003,99.9705380512742,10.67169094,24.5126783338024,4.473373864993691,0.2273375475710736
Japan,2013,72.74,13.2542512411266,39402.025098802456,98.2749756772571,13.28,2.319,99.96826908206329,10.67438698,25.412063579096603,4.7364947268029,0.23304891166535335
Japan,2014,72.93,13.740610303434998,39555.41200891975,98.32014732366129,13.18,2.354,99.9660001128524,10.7290144,26.2261883365166,5.209978209360097,0.24332645690793686
Japan,2015,73.1,12.8685359282927,40906.594569245986,98.36532634931959,13.15,2.39,99.96373114364158,10.74969959,26.9230034152781,4.937838861527804,0.23741933540809515
Japan,2016,73.24,12.799061198143999,40596.968662899504,98.410512754232,13.11,2.426,99.9614621744307,10.65891552,27.512028138482105,3.7419284793550838,0.21146061982107206
Japan,2017,73.37,13.119827621334801,41444.21574439123,98.45570653839849,13.05,2.462,99.9591932052198,10.65627098,27.977821375867702,3.9488617942979154,0.21595236364080675
Japan,2018,73.48,13.0790330283313,42141.93529877579,98.5009077018191,13.0,2.498,99.95692423600892,10.73988247,28.3452163347643,4.2087129762920314,0.22159275528627603
Japan,2019,73.58,12.9378727869587,42678.151144835385,98.54611624449379,12.88,2.556,99.9546552667981,10.96998405,28.6287707536412,4.137525760866184,0.2200475486334879
Japan,2020,73.64,12.835201662985,42425.69467896506,98.59133216642272,12.72,2.614,99.95238629758721,11.20903683,28.9181743842737,5.237022781764628,0.24391349283779176
Japan,2021,73.4,12.835201662985,44355.3487163354,98.63655546760559,12.72,2.614,99.9501173283763,11.18996906,29.2169970691602,6.45405430327029,0.2703306689056258
Jordan,2000,63.25,24.228968081374603,5640.657281991665,55.5207786853351,1.7,1.8940000000000001,99.0001342310668,9.34367943,2.69514514301286,6.229174408333334,0.26544937234617755
Jordan,2001,63.24,24.6391279438519,5948.012179495177,55.5370809362178,1.7,2.0580000000000003,98.88726789039009,9.57236385,2.77990446806212,0.45616666666666666,0.14013909134055313
Jordan,2002,63.43,25.673619164606,6256.496439445426,55.5533704777351,1.7,2.221,98.7679426094807,9.278641699999998,2.86998916412404,5.463369425546219,0.24882662699699912
Jordan,2003,63.84,27.0384591936207,6499.97887800748,55.569729173505706,1.81,2.293,98.64867471747209,8.78901005,2.96052903704804,4.132034877836322,0.2199283622186707
Jordan,2004,63.89,28.4396654808796,7073.845816070304,55.5860007232744,1.77,2.06,98.5294571468879,8.74670506,3.0479620112778503,4.159001063790197,0.22051369667355825
Jordan,2005,63.82,29.5832554763665,7696.9450167189025,55.51616285639479,1.79,2.273,98.4169700805217,8.49441624,3.13096045127465,4.3081415343734974,0.22375097524902557
Jordan,2006,64.15,30.587229805679897,8045.6405621500535,57.113038325332205,1.81,2.259,98.308206099878,7.67925692,3.20657544118738,3.7261056815954396,0.21111716640436426
Jordan,2007,64.93,31.655506427448202,8415.711660173387,58.740781747416804,1.7,2.36,98.2009358550483,7.90982628,3.27233150443072,20.087343258955503,0.5662580860364709
Jordan,2008,65.5,32.6229787911999,8983.213324234592,60.397024176724,1.69,2.198,98.09501501556,8.48880577,3.33563619102283,3.790754066722222,0.2125204396493189
Jordan,2009,65.88,33.3245403464634,9290.808553521272,62.0799000146512,1.67,2.164,97.9902274488182,9.22396946,3.39511157869002,14.674694903082784,0.44876985168616884
Jordan,2010,66.13,33.5950845427671,9416.64386806071,63.7869293474391,1.7,2.339,97.8864815715208,8.17025661,3.45401531455856,3.642170713243105,0.20929525399040433
Jordan,2011,66.3,29.6624260829934,9631.928992553598,65.5161623543812,1.69,2.3693333333333335,97.7836292183144,8.14807701,3.5150079728101002,13.508441536983408,0.42345487835348516
Jordan,2012,66.47,29.0244573141249,9738.537469261935,67.2655612808715,1.68,2.3996666666666666,97.6815546659463,7.81799555,3.58309518325611,3.3871256263801905,0.20375918459052697
Jordan,2013,66.78,32.677919124910304,9816.598556531237,69.0333202375385,1.57,2.43,97.5800917869947,7.16592407,3.52211870929348,2.941127619144974,0.19407824562153497
Jordan,2014,67.13,30.2022455384946,9144.677932049954,70.81758172493029,1.43,2.27,97.4791874276905,7.20892906,3.3501159984737905,3.808727802418148,0.21291058183716344
Jordan,2015,67.51,32.114237511507696,8967.079958378083,72.6112808414425,1.38,2.741,97.3716594756962,7.4609561,3.31858033894938,3.072823909782154,0.19693687667238804
Jordan,2016,67.67,28.3754804489745,8747.878609308507,74.4099059069255,1.38,2.4835000000000003,97.2644408764445,6.97644138,3.41284721082323,3.1965698312597293,0.1996229351167126
Jordan,2017,67.93,28.383168359257102,9265.515367207334,76.21322168953171,1.45,2.226,97.1574792984054,7.10953665,3.5250052129003198,2.227264191024197,0.1785829560289339
Jordan,2018,68.27,30.8911213683016,9042.39781871198,78.0209919365775,1.41,2.3695,97.0507514777426,6.98295021,3.6485742244587405,2.9631532190263448,0.19455633853842674
Jordan,2019,68.36,31.259731348743898,9429.072795520367,79.8330369128327,1.36,2.513,96.9442655127058,7.07244635,3.77701553656163,4.216665054563931,0.22176536499120306
Jordan,2020,66.66,28.7737639174179,9579.20081317696,81.6490804207222,1.37,2.513,96.83796699174009,7.11578226,3.8990854080137796,3.856241950917262,0.21394193526099378
Jordan,2021,65.07,28.7737639174179,9182.496161255996,83.4690312355887,1.38,2.513,96.7318948068054,7.20182657,4.0065537381953,5.1146446773700225,0.24125712455684498
Kazakhstan,2000,56.37,16.695421374365598,7418.196120768576,63.1959285278088,7.02,3.213,96.845702173166,4.16032362,6.6933658428489196,0.6117779904797052,0.14351682779739697
Kazakhstan,2001,56.67,16.5632200095529,8568.087194920307,63.4503942106798,6.78,3.3560000000000003,96.8453385380879,3.47098351,6.80757982864169,-0.26349999999999996,0.1245178352699099
Kazakhstan,2002,56.96,16.4825220143121,9504.450824869486,64.9884512470359,6.8,3.498,96.8978353203907,3.61481094,7.00442031842324,1.6170150302545536,0.16533674240140575
Kazakhstan,2003,56.82,16.461176646941198,10532.446697349082,66.54315744866629,7.45,3.543,96.9502145771284,3.72334599,7.215622306198799,1.872685071490683,0.1708863772097543
Kazakhstan,2004,57.1,16.507033165738303,11777.111957013412,68.1144135687381,7.51,3.528,97.00247938462351,3.98307943,7.378556663735781,2.407630130033333,0.18249802205906415
Kazakhstan,2005,57.09,16.6279408290013,13226.146696389224,69.70212525337121,7.51,3.5460000000000003,97.0648490891514,3.90173173,7.471209895043041,2.3635298774797016,0.18154077147371864
Kazakhstan,2006,57.4,16.8840447043122,14965.772319567637,71.3062007363314,7.52,3.635,97.1271155183214,3.39824891,7.47502338823609,2.9443880297452543,0.19414901687056105
Kazakhstan,2007,57.74,17.3583502395491,16581.224053117723,72.92652742750609,7.47,3.585,97.18926882238951,2.70314884,7.350998147653099,16.65752037742426,0.4918095336844313
Kazakhstan,2008,58.85,18.0929972634543,17278.47216811465,74.563025566628,7.46,3.639,97.2513208704644,3.02569818,7.07717548294603,20.200524546411298,0.5687148260185256
Kazakhstan,2009,59.97,19.1301256047702,17389.01458383157,76.2155829324062,7.39,3.698,97.31326176253941,3.47355556,6.75226172372476,2.5370510362951237,0.18530726307473364
Kazakhstan,2010,60.04,20.5118750922389,18641.80614770728,77.8838073910147,7.16,3.839,97.3751082146427,2.73641348,6.50426041202994,18.473535134030136,0.5312283825139922
Kazakhstan,2011,60.57,25.4893926987852,20159.932942641302,79.56823806827809,6.98,3.861,97.4368392211239,2.60236716,6.37924434852274,2.517156489602816,0.1848754273059195
Kazakhstan,2012,61.05,27.203182444893304,21367.21805953721,81.268439553072,6.61,3.8310000000000004,97.4984582188857,3.03725958,6.379153115091291,2.4279377945851204,0.18293882506252898
Kazakhstan,2013,61.88,25.8443738560699,23754.134195211693,82.9843222511527,6.2,3.878,97.5599727804689,2.66286707,6.46346293811831,1.1051896390964042,0.1542269385587861
Kazakhstan,2014,62.55,23.8358367012493,23958.112889060252,84.71560017764529,5.98,3.9139999999999997,97.6213968243494,2.97468472,6.59698135722458,2.7105342671908277,0.1890729314032899
Kazakhstan,2015,62.97,22.5590495991917,22484.36513826067,86.46257739964871,5.75,3.909,97.6826966507758,3.04051137,6.76146357623621,2.176750730204387,0.17748649881752027
Kazakhstan,2016,63.33,22.763752523288698,23023.087229389857,88.14631521634409,5.54,4.127,97.7438938717997,3.42235589,6.939739673586321,2.5669123861449235,0.18595544064669123
Kazakhstan,2017,63.78,21.0166106765309,23973.060229565082,89.82895946914171,5.43,3.9389999999999996,97.80499336369292,3.05244446,7.12369405612749,2.0738141005034363,0.17525213181667612
Kazakhstan,2018,63.94,20.5938700993782,25096.12858626153,90.1137990474699,5.31,3.931,97.8553422711483,2.8178606,7.301763958825481,3.06443448139738,0.1967547737417467
Kazakhstan,2019,63.97,20.856985385263897,28689.271083837397,90.3989798799613,5.13,3.948,97.9051562762041,2.78745699,7.48037890518547,3.2599407310384505,0.20099847896044187
Kazakhstan,2020,62.48,20.0278724259165,29039.82296245091,90.68404253408441,6.72,4.0280000000000005,97.9463161907176,3.75300956,7.64879145320809,2.9658685700581104,0.194615278594641
Kazakhstan,2021,61.55,20.0278724259165,32945.851572582316,90.96860998479721,6.72,4.0280000000000005,97.95384789870779,3.92458963,7.77663023309373,4.4385255070398735,0.22658112081344783
Kenya,2000,47.15,21.1420927289239,1906.897940959992,69.9320099057864,1.9,0.138,23.647380106441897,3.62446713,2.2276113643328,5.3235768529011,0.2457922561205794
Kenya,2001,47.38,20.891828688002697,1961.058168694629,69.9320099057864,1.9,0.138,24.3164597238105,3.73997474,2.22491766861686,0.34040000000000004,0.13762623250158398
Kenya,2002,47.65,20.2950452058061,1940.4030326056009,69.9320099057864,1.9,0.138,25.0346081207823,3.82154393,2.2167368833929904,4.493913812619048,0.22778339256625654
Kenya,2003,47.98,19.5827552431843,1974.8582021244024,69.9320099057864,1.65,0.14316666666666666,25.7535178867465,4.03360462,2.20288121827791,4.970736509433863,0.23813341958882103
Kenya,2004,48.54,18.9859717609877,2066.315406386317,69.9320099057864,1.4,0.14833333333333334,26.4731149422539,4.21154118,2.18575186212735,4.410586131389791,0.22597466207122852
Kenya,2005,49.33,18.735707720066603,2188.6956101774967,69.9320099057864,1.4,0.1535,27.193226945450895,4.217360500000001,2.16746287149319,3.5626877818523304,0.20756997855107964
Kenya,2006,50.27,18.9780700015085,2330.1302894116525,69.9320099057864,1.4,0.15866666666666665,27.913895503112897,5.01337528,2.1484278889165602,15.558758313406036,0.46795954262921524
Kenya,2007,51.25,19.638393163132,2481.087061469961,69.9320099057864,1.4,0.16383333333333333,28.6350439627237,5.12351847,2.12750569031342,16.669478329766683,0.49206909584601755
Kenya,2008,52.1,20.6165316808836,2459.121745242129,69.9320099057864,1.4,0.16899999999999998,29.356599404001102,5.19043827,2.1056843302545,14.840909586142681,0.45237774718424123
Kenya,2009,53.02,21.8123400307101,2480.044290680105,69.9320099057864,1.4,0.171,30.078413202881897,5.29172945,2.08742551237053,14.449441658772724,0.4438804511163069
Kenya,2010,53.72,23.125672688558,2634.892713238255,69.9320099057864,1.4,0.172,30.800494768164302,5.38849831,2.0912836022847103,3.5067596567888977,0.2063559893479761
Kenya,2011,54.34,25.182216511423203,2750.2866378769336,69.9320099057864,1.3922222222222222,0.177,31.5229174481557,5.20212841,2.1315699365325598,13.216925532141854,0.41712716252163595
Kenya,2012,54.91,25.6442241015428,2847.270682868462,69.9320099057864,1.3844444444444444,0.185,32.2455260120869,5.0180583,2.18748147997429,3.138924590105249,0.19837167378276896
Kenya,2013,55.36,24.575763587467602,3106.3939446488507,69.9320099057864,1.3766666666666667,0.19399999999999998,32.9682462912978,4.93100405,2.25415502801872,18.159125186737217,0.5244037253146127
Kenya,2014,55.82,23.7513870283134,3359.4895066509307,69.9320099057864,1.3688888888888888,0.2,33.6908976254492,4.91267347,2.34503413633717,17.20618339337834,0.503718943784538
Kenya,2015,56.41,24.776061256946395,3678.3261414601934,69.9320099057864,1.3611111111111112,0.19025,34.4133695043635,4.76439571,2.4431652415707403,19.442378843962963,0.5522583348326018
Kenya,2016,57.03,24.0211862534612,3916.653156730946,69.9320099057864,1.3533333333333333,0.1805,35.135534970325104,4.75429106,2.49676010564838,22.599156558732048,0.6207801037633679
Kenya,2017,57.51,19.901551265446397,4177.249935802674,69.9320099057864,1.3455555555555556,0.17075,35.857250498731,3.98597503,2.54036944015272,19.961435249596256,0.5635250967976394
Kenya,2018,57.89,20.9875653334569,4411.561041208857,69.9320099057864,1.3377777777777777,0.161,36.578388950229204,4.09903383,2.64365458615595,16.349638990154215,0.4851265869638242
Kenya,2019,58.25,19.5705272264405,4687.377823253059,69.9320099057864,1.33,0.14,37.298797647533,4.36874676,2.7468932257696097,17.564063524170894,0.5114871751403126
Kenya,2020,58.37,24.3917906517518,4792.573158471824,69.9320099057864,1.33,0.119,38.018340896347,4.49248838,2.7892222799925204,19.469160293304913,0.552839659350592
Kenya,2021,58.22,24.3917906517518,5338.852433827813,69.9320099057864,1.33,0.098,38.736877706518605,4.56525421,2.81860394823365,17.417079293258347,0.5082967004166932
Kiribati,2000,52.86,12.1855676905766,1637.9360142733622,9.503979358020109,1.5,0.24,29.4332516112154,7.77379847,3.41315608319321,-0.7,0.1150430623081186
Kiribati,2001,53.13,12.2113617468978,1591.2366300313956,9.71890132136835,1.5,0.24,30.4939861959849,11.90547657,3.3962660998843197,3.6499999999999995,0.20946519835346122
Kiribati,2002,53.33,12.197168744791,1605.0753331467652,9.87749063258648,1.5,0.24,31.411410840326,11.4402895,3.39677447325067,8.0,0.30388733439880383
Kiribati,2003,53.52,12.1547319508569,1578.2879088658676,10.0362409300742,1.5,0.24,32.328964212585895,10.05060768,3.4043005043801404,4.5,0.2279155007991029
Kiribati,2004,53.64,12.095794631696698,1578.838691257349,10.1950380926799,1.5,0.24,33.2463631405513,12.17176056,3.42823244123662,2.5514871011111113,0.18562061573588642
Kiribati,2005,53.73,12.0321000539113,1616.579921116187,10.353762760309401,1.51,0.24,34.163338666221,11.36301994,3.46354126821407,3.329166668,0.2025011136357636
Kiribati,2006,53.8,11.954299603560901,1727.7705246517428,10.5680224637348,1.5075,0.24,35.20221048136929,11.30852318,3.5033869072912203,3.389166668,0.2038034879260442
Kiribati,2007,53.87,11.850764775160199,1792.0465118937775,10.8268775434095,1.505,0.24,36.3306938222446,10.9454546,3.5466551710624303,3.2291666680000004,0.20033048981862933
Kiribati,2008,53.94,11.729818997992199,1735.4318976867007,11.088167599566699,1.5025,0.24,37.1173607941238,13.51428604,3.58128043368754,5.616190477142856,0.25214379714055085
Kiribati,2009,53.99,11.5997857013397,1718.4917143995033,11.351533660738099,1.5,0.31,37.876561758373605,12.73888874,3.5964195478411205,5.082207359974026,0.240553032419808
Kiribati,2010,54.03,11.468988314485399,1724.4671015081915,11.617105016647901,1.33,0.38,38.6081785659638,8.76666641,3.60244333235208,5.031215152181818,0.23944618341258772
Kiribati,2011,54.07,11.3219411654828,1785.572083469119,11.884888747058001,1.3,0.13699999999999998,39.3118291707544,7.98947382,3.60333491493256,5.07730346387013,0.24044658728300933
Kiribati,2012,54.13,11.3226141241133,1896.324899376878,12.1548918365676,1.45,0.16549999999999998,39.9871295227772,7.94999981,3.60024580527947,5.127877489844156,0.2415443591360852
Kiribati,2013,54.21,11.3202684142188,2049.333903067697,12.426605308550599,1.6,0.19399999999999998,40.632891663692796,8.7081337,3.60993864114513,5.108180520147187,0.24111681202058907
Kiribati,2014,54.26,10.997228790339301,2084.131053791025,12.7004135804741,1.75,0.19399999999999998,41.2494292871662,8.9549551,3.63879940863548,5.853222221714285,0.25728886464238726
Kiribati,2015,54.31,10.620144227227101,2310.603128736123,12.9761873399856,1.9,0.19399999999999998,41.8362047246118,7.21568632,3.6840303043273503,6.334603174,0.26773783424384895
Kiribati,2016,54.36,11.1067056212411,2462.83260410374,13.2519443485538,1.86,0.19399999999999998,42.3903837205277,9.04265118,3.73866878238998,5.398650792714285,0.24742182893862547
Kiribati,2017,54.41,10.970038581704,2562.065617893975,13.5270977701122,1.86,0.19399999999999998,42.9115121446096,9.68424225,3.79299020158055,6.103703704666667,0.2627258753688629
Kiribati,2018,53.54,11.3366995948348,2671.762727817067,13.8018497525444,1.86,0.19399999999999998,43.4001999878848,10.89694214,3.84531898249968,8.001428572714286,0.3039183433383852
Kiribati,2019,54.66,11.548120679546402,2762.9379687491823,14.076142172488,1.86,0.19399999999999998,43.8567170359075,10.16600227,3.89281837952558,7.448649132,0.2919195811420191
Kiribati,2020,54.47,11.2568272545112,2710.9062281755373,14.349641852998099,1.86,0.19399999999999998,44.2810965836604,13.53000164,3.93024528346775,6.848207785000001,0.278886258256115
Kiribati,2021,53.65,11.2568272545112,3020.4939993569524,14.6224199168917,1.86,0.19399999999999998,44.6738091395008,11.65399933,3.9574845961504,7.5323303106666675,0.2937359847366165
Kuwait,2000,67.25,59.028420443273,58702.8672675608,100.0,2.36,1.9,100.0,2.20362997,1.54306855905406,6.216362841318297,0.26517128142120105
Kuwait,2001,68.14,60.4227305514236,58552.78386068334,100.0,2.36,1.9,100.0,3.18719625,1.59514750477001,0.8046249999999999,0.14770281091667575
Kuwait,2002,67.67,61.7771352874504,59713.17216589564,100.0,2.3,1.9,100.0,3.12441754,1.63511812166516,4.919264612238095,0.23701615832915882
Kuwait,2003,68.04,62.936561978979796,69752.38411024687,100.0,2.24,1.9,100.0,2.76042604,1.6615629033106598,5.022061805761905,0.23924749869513226
Kuwait,2004,67.82,63.745937953638105,77226.63676233935,100.0,2.2,1.5,100.0,2.35702467,1.67596794263996,4.979909489261905,0.23833253047370945
Kuwait,2005,67.7,64.0501905390517,84968.01975700729,100.0,2.47,1.8,100.0,2.013309,1.68719610441401,4.917242370241546,0.2369722630627416
Kuwait,2006,67.81,63.769655718543504,89075.22451945955,100.0,2.45,1.4609999999999999,100.0,1.8213098,1.7059216186517399,4.923707863775325,0.2371126046052811
Kuwait,2007,68.12,63.100688069639205,91434.90438453133,100.0,2.43,1.879,100.0,1.92673647,1.7318766220082098,5.1076040402173915,0.24110429880993195
Kuwait,2008,67.49,62.3022428112696,90337.3567922745,100.0,2.45,1.8840000000000001,100.0,1.92400301,1.7589439321299698,5.0567705073974025,0.24000089403945046
Kuwait,2009,68.13,61.6332751623654,80110.06980719736,100.0,2.52,1.91,100.0,2.70638776,1.7848787544482498,5.023645428154589,0.23928187317996136
Kuwait,2010,69.04,61.3527403418571,75184.08659247814,100.0,2.5,2.47,100.0,2.67879915,1.8143479339933797,5.061297529225108,0.24009915865344952
Kuwait,2011,69.7,65.1115344079268,79036.78574411817,100.0,2.53,2.475,100.0,2.33303547,1.86597387109898,4.847437422657005,0.23545706024493346
Kuwait,2012,69.63,65.13855840710269,82089.72613314496,100.0,2.35,2.4330000000000003,100.0,2.33311439,1.95365632561938,4.88832799188961,0.23634464067965819
Kuwait,2013,69.92,66.14124618700279,76812.53873304492,100.0,2.2,2.45,100.0,2.48789287,2.07172925291626,4.865009350121213,0.2358384806876011
Kuwait,2014,70.03,50.028931868526,68336.59915331121,100.0,2.19,2.602,100.0,2.9159987000000003,2.21769474647318,4.759447966242462,0.23354714014743236
Kuwait,2015,69.75,64.5479644305319,45267.308534745185,100.0,2.13,2.597,100.0,4.21497965,2.40886968522768,4.5054762301825395,0.2280343691557262
Kuwait,2016,70.54,59.2319560603482,41862.17392555055,100.0,2.05,2.5362,100.0,4.73096323,2.63844318552757,3.9024917867366953,0.2149458452126759
Kuwait,2017,70.58,58.129171970730894,46565.54995045537,100.0,2.07,2.4754,100.0,4.65326786,2.91711681115618,3.614858056666667,0.20870239896166404
Kuwait,2018,70.8,63.4583554482098,51370.73205952523,100.0,2.01,2.4146,100.0,5.18862629,3.2432091733623203,4.701582068035714,0.232291089178958
Kuwait,2019,70.48,52.7825054963873,50703.0001343301,100.0,2.0,2.3538,100.0,5.262730599999999,3.60361384527711,4.290012064603998,0.22335745266028864
Kuwait,2020,67.67,53.71514344132179,41461.7235642777,100.0,2.35,2.293,100.0,6.23488235,3.9958124097756804,4.328717130190475,0.2241975940323462
Kuwait,2021,67.78,53.71514344132179,50651.95753370912,100.0,2.35,2.293,100.0,5.50187826,3.42330541720944,5.670043456190476,0.2533127427299949
Latvia,2000,61.2,22.4970757971078,7840.881478573579,92.5183522345632,8.68,2.85,89.18222985252041,5.43338442,14.990167049323098,3.2969055631975577,0.20180084641125118
Latvia,2001,60.93,21.6067918371829,8861.653457083323,92.4995710067988,8.2,2.662,89.1580310942879,5.77004433,15.2967902763588,1.1284375,0.15473156216453382
Latvia,2002,61.21,20.5080341220557,9756.29800792346,92.51412042884321,7.81,2.77,89.3860553955735,5.76281166,15.672998172929999,4.863498103457395,0.23580567720758064
Latvia,2003,61.65,19.4158394192282,10565.73351091212,92.5367784088022,7.93,2.824,89.5263556907713,5.4793458,16.0776790051831,6.001335296014493,0.2605038423094374
Latvia,2004,61.92,18.545244496202397,11761.314151213972,92.58323726693779,7.91,2.917,89.61308298056049,6.20221329,16.4790780213888,6.400696495933334,0.2691724716312692
Latvia,2005,61.72,18.111286120480102,13343.889448178357,92.6295346250527,7.92,2.968,89.6980083736191,5.83247328,16.856249722350398,4.288472157469288,0.22332402706926088
Latvia,2006,61.66,18.0087086881248,15024.636147562187,92.69842955584558,7.9,3.049,89.7567394506575,5.70438385,17.2223969730946,6.207949257313132,0.26498865416291034
Latvia,2007,62.0,17.9604077828999,17281.042264027557,92.9476269135772,7.92,3.178,89.80892640810309,5.51350451,17.5124592416493,25.78191493680556,0.6898658151596693
Latvia,2008,62.88,17.9236469538566,18634.730960853933,93.1981608149268,7.86,3.2739999999999996,89.86116248957941,5.58478308,17.7238123599017,4.687946073335385,0.2319951030302895
Latvia,2009,63.54,17.8556897500464,16559.522777987542,93.45627431030451,6.79,3.176,89.92100421996919,6.09759474,17.983209950316102,5.264943638009767,0.2445195495933966
Latvia,2010,63.75,17.7137997205206,17343.46586666126,93.7212884034687,5.67,3.1010000000000004,89.98793772611499,6.097435,18.2544494766261,5.729045654883709,0.25459345850746307
Latvia,2011,64.38,15.525589653222001,18618.7015409025,93.9864908524,5.83,3.108,90.0539577656872,5.72401047,18.475476123957897,5.163032984630037,0.24230745267893897
Latvia,2012,64.57,14.9825047352387,20494.04648064762,94.25174415353649,5.83,3.115,90.1188989835072,5.41047668,18.675501017750896,5.746148444430977,0.2549646957307704
Latvia,2013,64.79,15.4093695076531,21850.126636247256,94.5170525443219,5.75,3.162,90.182767248935,5.40874767,18.9296873835699,2.93314535220559,0.19390498063420147
Latvia,2014,65.05,16.0993170108535,22973.69328058201,94.78230361114971,5.61,3.1889999999999996,90.2454171956005,5.46339607,19.2414909818675,4.978441700865021,0.23830067030918153
Latvia,2015,65.36,13.655400053640099,24137.876435859955,95.0477150987941,5.65,3.175,90.49308376160342,5.65211773,19.5243158412573,4.277124726119357,0.22307771702174634
Latvia,2016,65.48,12.603072984402402,25802.155578417347,95.31444337574351,5.68,3.19,90.74232114648441,6.1332593,19.775387361259398,4.240672882257757,0.22228648461710182
Latvia,2017,65.48,11.6679973108454,27645.82262496518,95.58224354013059,5.53,3.1839999999999997,90.9929787461015,5.96542788,20.010794844419397,3.6220018619876617,0.2088574641014113
Latvia,2018,65.55,14.2076039693657,29817.804726318187,95.8508834607555,5.47,3.2889999999999997,91.24491877222141,6.18867874,20.1981958800325,4.974384528726749,0.23821260436444605
Latvia,2019,66.02,12.486583316549199,32199.09603770912,96.12011936294421,5.42,3.263,91.49799342621279,6.63697243,20.4072272200842,4.512994260171008,0.22819755730523522
Latvia,2020,65.81,11.6020322023647,32741.420769198656,96.3897162205612,5.3,3.345,91.7520645595703,7.28520584,20.6721709557533,4.582567342565536,0.2297077272020053
Latvia,2021,63.76,11.6020322023647,36912.013060216064,96.6594236779582,5.3,3.377,92.0069797523466,9.10995388,20.8461609037398,5.901468247167532,0.25833610436169613
Lebanon,2000,65.0,17.982955830575897,7937.956530067317,43.43336320952379,3.07,2.6210000000000004,76.9237295197972,10.82951355,5.11336660014767,5.965958456142859,0.2597359441974343
Lebanon,2001,65.33,18.0162713556063,8289.383890279263,43.669317863492005,3.0,2.6210000000000004,76.9237295197972,10.56254768,5.204220069524241,-0.14475000000000002,0.12709545105275688
Lebanon,2002,65.63,18.108623271322998,8586.240406853973,43.9052725174603,3.0,2.5952,76.9237295197972,9.28233719,5.295704899110651,4.460698772824675,0.2270624190016092
Lebanon,2003,65.81,18.2496665183829,8914.482779177926,44.1412271714285,3.0,2.5694000000000004,78.23290783270859,8.67109871,5.386344982005889,5.499893400428571,0.24961942509475965
Lebanon,2004,66.03,18.429056037443303,9609.012826336291,44.3771818253968,3.0,2.5436,79.54208614561999,7.99923086,5.4709988239461,4.215391626493099,0.2217377236582035
Lebanon,2005,66.09,18.636446769161,10019.994154044078,44.6131364793651,3.6,2.5178000000000003,80.8512644585314,7.54867649,5.550371197203571,3.980948933866459,0.21664885473451867
Lebanon,2006,65.75,19.1289192451531,10312.35333125512,44.8490911333333,3.6,2.492,82.16044277144279,8.66057873,5.626937891597099,16.6847473553422,0.49240052895180403
Lebanon,2007,66.26,19.988097602001396,11355.662975624951,45.085045787301596,3.43,2.326,83.4696210843542,8.55984211,5.7021210360564005,16.540570349497436,0.48927098852410644
Lebanon,2008,66.27,20.9404521878108,12415.940006427349,45.321000441269796,3.43,2.3236666666666665,84.7787993972656,7.81751728,5.778346670954679,3.9654233827407404,0.21631185342404244
Lebanon,2009,66.44,21.712453350686303,13586.144483043545,45.5569550952381,3.45,2.3213333333333335,86.087977710177,7.0073576,5.85804720942999,17.525765699961788,0.5106558734465856
Lebanon,2010,66.56,22.0305714387326,14703.615321508383,45.792909749206295,3.45,2.319,87.3971560230884,7.43864489,5.944324148907981,4.038600593669068,0.21790025539316735
Lebanon,2011,66.56,19.345093543365603,14974.55343899297,46.0288644031746,3.45,2.702,88.70633433599991,8.17744446,6.04097844582847,3.6455809718564858,0.20936927787609225
Lebanon,2012,66.6,18.784195791946303,16121.335238646025,46.2648190571428,3.45,2.5214999999999996,90.01551264891131,7.00420094,6.15177371230286,3.470624506357146,0.2055716311663472
Lebanon,2013,66.67,20.250746420924898,16315.613774876314,46.500773711111094,2.86,2.3409999999999997,91.3246909618227,7.06742191,6.284913222249429,3.182006353426715,0.19930681679826612
Lebanon,2014,66.69,20.3631198495282,16139.864996695527,46.7367283650794,2.85,2.069,92.6338692747341,7.52181005,6.438980805154821,3.294168233965152,0.20174142929097919
Lebanon,2015,66.83,20.6861467732003,17045.898285301035,46.9726830190476,3.37,2.147,93.9430475876455,7.41596651,6.78958060672056,2.7697209103790774,0.1903576507768964
Lebanon,2016,67.1,19.360236111926,18940.59010004533,47.2086376730159,2.73,2.158,95.25222590055691,7.92386055,7.32786873190107,3.6415378225153923,0.20928151631353215
Lebanon,2017,67.24,18.8914613898948,20963.82494725333,47.4445923269841,2.73,2.261,96.56140421346831,7.80396605,7.8471502540207005,2.970495326617588,0.19471570807448185
Lebanon,2018,67.49,19.9808899582131,21985.48847022408,47.6307071666277,2.73,2.425,97.8705825263797,8.07092381,8.33008097515432,2.803163441416038,0.19108356232063717
Lebanon,2019,67.41,20.5970090578064,21710.464875080717,47.7,2.73,2.617,99.06737938096941,8.6936779,8.77970915650001,3.982164978119767,0.21667525048070788
Lebanon,2020,66.0,19.2310172881236,16259.705131228051,47.7,2.73,2.617,99.2,7.57650805,9.123706300727019,4.377941218370797,0.22526606381415545
Lebanon,2021,63.22,19.2310172881236,11599.77550837654,47.7,2.73,2.617,99.2,4.85634661,9.3044717570272,4.609192451957592,0.23028565816780736
Lesotho,2000,41.82,24.5043099431081,1272.9244339909965,8.68782833878766,1.3,0.045,13.9109680595621,5.15633392,4.52913874005508,9.29684722,0.33203700902796807
Lesotho,2001,42.23,23.786983430580396,1350.0052970653455,9.590057043278199,1.3,0.045,15.4957394207867,6.59075689,4.5846446490571795,0.99945,0.1519317287684077
Lesotho,2002,42.0,22.7786136777816,1385.1822206745364,10.5117632752945,1.3,0.045,17.0718164332742,5.86441517,4.62776216122995,8.729033775555555,0.31971191516596625
Lesotho,2003,40.12,21.737969334977397,1484.095844492566,11.452728885221902,1.3,0.045,18.618916534303104,5.33754826,4.65845213125961,8.640293886666667,0.3177857060024455
Lesotho,2004,38.57,20.923819052433398,1560.7487754792444,12.4141104682805,1.3,0.048285714285714286,20.1519465673748,5.24658537,4.68109900468209,6.081820163538461,0.26225086601310166
Lesotho,2005,37.62,20.5949314804153,1680.8736407991096,13.3942678155641,1.3,0.051571428571428574,21.6703679710685,4.67452669,4.69738504799608,4.2434789716900205,0.22234739426264863
Lesotho,2006,37.38,21.073978009635898,1813.444407234503,14.3948239754967,1.3,0.054857142857142854,23.174436860515105,5.40532398,4.67092959737798,4.05294373471538,0.2182115910288438
Lesotho,2007,38.62,22.261793883702303,1932.4266622594007,15.3677814917045,1.3,0.05814285714285715,24.6557826139107,7.22251844,4.58452076609027,3.854366805259989,0.21390123290275104
Lesotho,2008,40.26,23.784393532221,2064.423112141937,16.358568685887597,1.3,0.06142857142857143,26.1239917400803,7.66648197,4.470922414259969,3.5217129865407513,0.20668056988502448
Lesotho,2009,41.47,25.2677913847987,2036.2630856765386,17.3658328653489,1.3,0.06471428571428572,27.5788226829742,8.9529829,4.35081223878442,3.6418604808429125,0.20928852001203727
Lesotho,2010,42.42,26.338001871042,2152.915282897677,18.391221753646,1.3,0.068,29.020495938413,7.64083624,4.23461278165922,4.116333087495726,0.21958753541782125
Lesotho,2011,42.83,26.9481719895266,2278.501427910658,19.4343817707349,1.3,0.11624999999999999,30.4489318304881,9.07554626,4.12731522053774,3.3245500167104938,0.20240090350331955
Lesotho,2012,42.74,26.5241576357391,2291.495653112701,20.429005524270398,1.3,0.16449999999999998,31.8586043360402,10.04389477,4.03518659112755,4.100789491788254,0.21925014242735583
Lesotho,2013,42.67,25.242849331262605,2538.263103060494,21.345350283248102,1.3,0.21275,33.2568347766841,10.99586868,3.97003847305913,18.806001904773673,0.5384449854238087
Lesotho,2014,42.44,26.801156032785002,2771.2449686716304,22.200299088568503,1.3,0.261,34.6437079655808,9.99925232,3.9399756452728703,17.303793123304207,0.5058376838301494
Lesotho,2015,42.56,25.8911063728927,3034.646929248482,23.064599168976898,1.3,0.30924999999999997,36.0192915871812,9.29659843,3.89919944844927,19.378911283821946,0.5508806928560268
Lesotho,2016,43.52,25.3734080229079,2942.1815366392134,23.9371411392711,1.3,0.3575,37.383572255635706,9.24263859,3.8399903868811,15.466747567019235,0.4659623354538202
Lesotho,2017,44.45,22.4347012157399,2618.818207701453,24.818440476300697,1.3,0.40574999999999994,38.7366301247734,10.57478237,3.80087158261016,16.005612930864665,0.4776590753837366
Lesotho,2018,44.88,23.024002677358197,2632.287752230039,25.711719966339302,1.3,0.45399999999999996,40.0785080651777,11.1686039,3.7813650191907597,14.907927022301589,0.4538324436151393
Lesotho,2019,45.04,21.1810593859544,2568.341143627193,26.616429224963102,1.3,0.45399999999999996,41.409135619600704,21.96986771,3.7798176930400498,14.666045229027214,0.4485820998010141
Lesotho,2020,45.09,23.439101324008604,2559.097760778457,27.5336486195485,1.3,0.45399999999999996,42.728438283405204,10.45941448,3.78888025883309,16.506623671846153,0.4885341338538819
Lesotho,2021,44.63,23.439101324008604,2544.782495512141,28.462272653080202,1.3,0.45399999999999996,44.0363729437393,10.81370068,3.78511652668843,15.14983128362319,0.4590832751260488
Liberia,2000,45.11,40.1117652111733,965.3955233305477,69.9320099057864,0.7,0.033,12.173489494362302,2.87913179,3.11799410986551,-0.4913636752666667,0.11957177206397403
Liberia,2001,45.66,40.765349944913204,986.5727986786387,69.9320099057864,0.7,0.033,12.467783888101302,2.27906823,3.13881945221721,0.49226666666666663,0.14092268653853865
Liberia,2002,45.45,41.353214558221396,1012.9189129211017,69.9320099057864,0.7,0.033,12.765083914635401,2.28035998,3.1596737928025003,-0.3498105994814814,0.12264435684085344
Liberia,2003,45.42,41.8293854413503,715.8182468128723,69.9320099057864,0.7,0.033,13.0649848713731,2.66176748,3.17685422415057,-0.6298954920512819,0.1165647674545383
Liberia,2004,47.77,42.1478889845527,745.3978618166562,69.9320099057864,0.7,0.033,13.3677053295354,6.33815622,3.19382215068209,0.5678963482777778,0.14256432242041225
Liberia,2005,48.73,42.262751578081,774.0325677902854,69.9320099057864,0.7,0.02825,13.673036358712098,7.14322186,3.2111946191087597,0.7480081506560847,0.14647387210030569
Liberia,2006,49.6,41.365772094746205,815.2189170368367,69.9320099057864,0.7,0.0235,14.1158011729766,6.06891537,3.22427338366297,18.54240268472055,0.5327232379715554
Liberia,2007,50.28,39.2301217465135,872.5846459422163,69.9320099057864,0.7,0.01875,14.564331528772,4.32794046,3.2350476601637594,0.9093856233640553,0.14997676995839432
Liberia,2008,50.73,36.681885432367004,915.0535997141794,69.9320099057864,0.7,0.013999999999999999,15.018343502263,5.99615717,3.2437813783735097,2.834390825250377,0.1917613913516133
Liberia,2009,51.05,34.5471480512907,939.4962902462145,69.9320099057864,0.7,0.023,15.4802745365152,11.57163906,3.2516384935179903,14.375763303854251,0.4422811711963738
Liberia,2010,51.36,33.6519945022688,980.1181397741001,69.9320099057864,0.8,0.022000000000000002,15.950117363092302,10.35444641,3.25799664440278,2.8543640574922855,0.19219493508770769
Liberia,2011,51.7,43.0911306066352,1040.761414040184,69.9320099057864,0.7716666666666667,0.024800000000000003,16.4280907750626,9.71052551,3.24983887793421,17.307238235158945,0.5059124642485953
Liberia,2012,52.02,40.950862253654,1156.9531944800333,69.9320099057864,0.7433333333333334,0.027600000000000003,16.9137232016405,8.15444565,3.2334802981036,2.402051112647409,0.18237692257892324
Liberia,2013,52.29,33.8367623475366,1360.1291037015458,69.9320099057864,0.7150000000000001,0.030400000000000003,17.4074580077978,7.08145809,3.21693126664271,12.427085269128145,0.3999827016553441
Liberia,2014,49.74,34.3461135841224,1418.7735551589144,69.9320099057864,0.6866666666666666,0.03320000000000001,17.908807110697104,8.76283932,3.19742803568614,16.272911969174807,0.48346113197226753
Liberia,2015,51.55,51.118087324401905,1340.4327974119658,69.9320099057864,0.6583333333333333,0.036000000000000004,18.4179781203981,10.4594965,3.1848202065874602,15.1766059594013,0.45966445261544897
Liberia,2016,53.01,48.301426780698996,1490.3358141002593,69.9320099057864,0.63,0.05,18.9349390175014,9.88514519,3.1827791525289704,16.3336921776792,0.4847804416541678
Liberia,2017,53.33,41.50682371112789,1664.944813235653,69.9320099057864,1.1349999999999998,0.052000000000000005,19.4591800299081,10.44921875,3.18765532439204,16.944227052800922,0.4980328570654711
Liberia,2018,53.69,42.038101798290896,1799.7275139774838,69.9320099057864,1.64,0.142,19.9911366216728,10.78197193,3.19698199657575,15.037253704254601,0.456639639375521
Liberia,2019,53.99,37.159125358179104,1899.5220097285517,69.9320099057864,1.6233333333333333,0.147,20.5305258325317,8.38325977,3.2101302996468597,14.275269943713194,0.44009983838651345
Liberia,2020,53.94,42.3616590279287,1659.52109145991,69.9320099057864,1.6066666666666667,0.153,21.0772995001903,12.90504265,3.22135500135111,14.924143144351024,0.4541844346225599
Liberia,2021,53.96,42.3616590279287,1539.2089230467402,69.9320099057864,1.59,0.171,21.631407651363002,13.838442800000001,3.2329065927306604,12.145187159971822,0.39386375415794567
Libya,2000,64.23,35.965490165837295,20616.98486835985,69.9320099057864,4.12,1.2429999999999999,91.06455001442622,3.31908512,3.68900484192194,0.41614697152380986,0.13927041430623777
Libya,2001,63.99,36.4487224246156,20331.63151810025,69.9320099057864,3.85,1.2429999999999999,90.95765818229509,3.92571616,3.76414856728956,0.014950000000000005,0.13056193728872037
Libya,2002,63.76,37.62707293777721,20060.63969139826,69.9320099057864,3.9,1.2429999999999999,90.8507663501639,4.73818302,3.82343509075803,0.12869290310559006,0.13303086783383034
Libya,2003,63.78,39.218471058712204,22662.724214099664,69.9320099057864,3.9,1.2429999999999999,90.7438745180328,3.97301245,3.8575576830078298,0.042661907194805115,0.131163458546473
Libya,2004,64.02,40.940846140811,23813.40115044959,69.9320099057864,3.9,1.2429999999999999,90.63698268590159,3.38328195,3.89097027599091,0.6967201266025638,0.1453606020348624
Libya,2005,64.13,42.512127537463606,26902.898587889533,69.9320099057864,3.4,1.3802499999999998,90.5300908537705,2.51707149,3.93300810166181,1.5594128260934066,0.16408641523868958
Libya,2006,64.55,44.19915562367989,28935.661582030498,69.9320099057864,3.7,1.5174999999999998,90.42319902163929,2.29996443,3.94608986204667,1.5743164952444442,0.16440991783090889
Libya,2007,64.43,46.1949789911863,30928.942281082804,69.9320099057864,3.7,1.65475,90.31630718950821,2.41929626,3.96384268048866,1.052660736851852,0.15308673369578665
Libya,2008,64.17,48.1068393184481,30812.283728870265,69.9320099057864,3.7,1.7919999999999998,90.209415357377,2.24441886,3.99000550082352,1.3596266225607727,0.1597498083214618
Libya,2009,64.09,49.5419782839306,29027.146807122772,69.9320099057864,3.7,1.8880000000000001,90.10252352524591,3.5828805,4.00711578935134,0.239654793611111,0.13543943305708564
Libya,2010,64.05,50.10763756609921,30234.091872880505,69.9320099057864,3.7,1.9400000000000002,89.9956316931147,3.28064442,4.02770059399748,0.5663626387714287,0.1425310313565818
Libya,2011,61.77,36.573427592794104,15698.051907261164,69.9320099057864,3.7,1.9920000000000002,89.8887398609836,4.01902008,4.2101521896745195,0.42008091650000007,0.1393558054528439
Libya,2012,63.83,33.0392584726512,26826.072975673305,69.9320099057864,3.7,2.044,89.78184802885241,3.95612097,4.39534075512262,1.5530273296922918,0.1639478101329647
Libya,2013,64.06,41.8287621297505,21151.005191163284,69.9320099057864,3.7,2.096,89.67495619672131,4.97548628,4.39321682475026,7.027692062217881,0.2827821867254177
Libya,2014,62.71,36.294365231160896,17509.52850878449,69.9320099057864,3.7,2.148,89.56806436459009,5.17777824,4.41735475887321,6.7059419765769634,0.2757982027348459
Libya,2015,62.73,36.08680012119,17903.256539580278,69.9320099057864,3.7,1.963,89.46117253245899,5.80638647,4.47813966690292,5.38935038268254,0.24721995202338526
Libya,2016,62.7,38.166803297819904,16961.017711171673,69.9320099057864,3.7,2.06,89.35428070032779,6.17178679,4.541500307857559,6.485361810551008,0.2710102371152121
Libya,2017,63.11,33.685922049579894,18026.018783400814,69.9320099057864,3.2,2.157,89.2473888681967,4.67685318,4.5872172953830805,7.448941607596491,0.29192592968697584
Libya,2018,63.39,41.420974087432604,18879.315130198378,69.9320099057864,3.2,2.157,89.1404970360656,4.86648417,4.609388054949769,6.174909363867725,0.26427148236662856
Libya,2019,63.36,36.4844732200514,16194.10820611456,69.9320099057864,3.2,2.157,89.0336052039344,5.54773426,4.62502513115857,4.217978497226131,0.22179387489045319
Libya,2020,62.53,32.9707065002742,10954.79904526496,69.9320099057864,3.2,2.157,88.9267133718033,7.10674047,4.6464721160575895,4.272145006354546,0.2229696260385048
Libya,2021,62.06,32.9707065002742,12641.509771407456,69.9320099057864,3.2,2.157,88.81982153967209,6.21384287,4.67219794889404,5.320534601032665,0.24572622027694593
Lithuania,2000,62.56,18.083013444041,8465.94329594005,69.8279618730749,8.59,3.5260000000000002,84.2628327273275,6.19950438,13.840981692959799,3.042335007869392,0.1962750773058869
Lithuania,2001,62.2,17.3276190793162,9456.87328070018,70.1800677279691,8.12,3.54,84.7312747207925,6.01339626,14.2439657426251,1.2779375000000002,0.15797664477114962
Lithuania,2002,62.39,16.4295435196153,10497.266620019856,70.52940478156529,7.93,3.6260000000000003,85.1946973431147,6.14446115,14.728515159693501,5.05561798299799,0.23997587707033854
Lithuania,2003,62.54,15.5425823302599,12085.956675289905,70.880015367076,7.73,3.611,85.6598602645547,6.18627787,15.173420728854301,6.505109275036231,0.2714388802826085
Lithuania,2004,62.61,14.8205310765714,13097.437566294846,72.48069633321559,7.47,3.5780000000000003,86.12676867881692,5.51149988,15.613976845434001,6.831765172651515,0.2785293509963197
Lithuania,2005,62.04,14.4171853238712,14514.78329421664,74.106065388827,7.17,3.6639999999999997,86.61410612496401,5.64800453,16.0506106831398,4.656035109444978,0.23130243604780718
Lithuania,2006,61.88,14.2765715251915,16446.977802261026,75.7552489751264,7.05,3.7310000000000003,87.120025751018,5.84418154,16.465309278098303,6.425383913127947,0.2697083425887307
Lithuania,2007,61.63,14.203871409133198,19113.98613861644,77.4164963269414,7.1,3.835,87.62458974997169,5.7643218,16.8213583447784,4.345210039049,0.2245555930401676
Lithuania,2008,62.39,14.144613454371099,20735.707977609563,79.0897529328094,7.12,3.85,88.1277954949637,6.29453707,17.1037935044469,19.73635889394216,0.5586395358150736
Lithuania,2009,63.27,14.044326139579802,18167.637903827166,80.7660072095544,7.14,3.833,88.6676561367708,7.36587334,17.2804966025491,4.425273516778777,0.22629346995659613
Lithuania,2010,63.5,13.848537943434101,19827.948684183997,82.4463730122301,7.07,3.895,89.1941477060659,6.81462288,17.6097771279808,5.275059939206284,0.2447391364365812
Lithuania,2011,63.87,12.3194519812497,22701.554605976657,84.1477506985052,7.26,4.003,89.7354861346124,6.48781538,17.9884941813021,4.686397295911222,0.2319614848986462
Lithuania,2012,64.13,12.373124789344999,24566.898703152987,85.8756741088272,7.26,4.115,90.30097050813059,6.2759347000000005,18.1799731254535,5.356619150542754,0.24650948010291754
Lithuania,2013,64.2,12.4131714589563,26563.37489755189,87.6146305997588,7.14,4.177,90.8648178620678,6.12593651,18.3577356444558,2.86050045832028,0.19232813326559497
Lithuania,2014,64.72,12.757740474504098,28005.79241248568,89.3646361500565,7.11,4.218,91.42719353059749,6.19332647,18.6035201529541,5.299038276928227,0.24525961594612664
Lithuania,2015,64.68,11.302857820184698,28853.997856093687,91.12559653657641,6.83,4.253,91.9880821486282,6.49043989,18.8803013596424,5.075118772820192,0.24039916585874854
Lithuania,2016,64.96,10.2329418108878,30772.672844944263,92.8983942373975,6.54,4.367,92.5491836464928,6.63746262,19.1757756195781,4.733050696709424,0.23297415472787508
Lithuania,2017,65.61,9.799936427398519,33591.555407148844,94.48447865134389,6.39,4.437,93.1100410366065,6.4444623,19.504402571296,3.9327000879839664,0.21560155379430088
Lithuania,2018,65.84,11.0838572805935,36491.938522368866,94.9356571929639,6.27,4.479,93.6701055685758,6.53038597,19.7309309832227,5.230118729482337,0.24376363183460495
Lithuania,2019,66.23,10.2465023749528,40563.830488455504,95.3857953126606,6.22,4.481,94.2289437143384,6.98445415,19.8571907989029,4.601991133617282,0.2301293446367649
Lithuania,2020,65.09,9.21893860360944,41262.72769417246,95.7255376785058,5.96,4.442,94.786284769893,7.47439718,19.9341539675463,4.717422748523498,0.23263493076242198
Lithuania,2021,64.23,9.21893860360944,45873.52732394856,96.0576928458556,5.96,4.497,95.3414364231375,7.75970221,19.9469849122603,6.018371718950647,0.2608736389632773
Luxembourg,2000,67.85,14.2553412411783,55124.292251269435,99.831565376987,6.1999998092999995,2.1509,97.69018598752831,5.92533875,14.0341524651339,7.137414744023199,0.28516385338948247
Luxembourg,2001,68.02,14.091425606145199,56141.775166448584,99.83031720321871,6.099999904600001,2.2172,97.68316460089001,6.38193941,13.948452919797699,1.413125,0.16091105684393806
Luxembourg,2002,68.18,13.936448255227099,58575.679271754416,99.8294036967031,6.0,2.2696,97.67824324639471,6.76099968,14.020298461989901,8.548016373297525,0.3157827083193956
Luxembourg,2003,68.36,13.790889160510302,60199.850796778795,99.8285100656755,6.0,2.4011,97.6734276628199,6.96221447,14.0392131693217,7.688312039760144,0.29712176129869744
Luxembourg,2004,68.55,13.655228294080901,64694.433416102824,99.8276479795216,6.4,2.4568,97.66870937218141,7.279335499999999,14.0654883148536,7.376704928421769,0.2903579431241024
Luxembourg,2005,68.8,13.5299456280254,68787.8547494266,99.8268021352585,5.79,2.56,97.66410727546871,7.12328196,14.1069293143962,7.183369424887445,0.2861613566374098
Luxembourg,2006,69.06,13.4267295726474,78878.02751614866,99.825980626967,5.65,2.5780000000000003,97.6595985810241,6.6364212,14.084962759005698,6.680932164095651,0.2752553337885059
Luxembourg,2007,69.34,13.343666837051,85129.18881696116,99.82518446960009,5.67,2.694,97.65519650264521,6.15803099,14.054594290711501,6.6129559688654425,0.27377982630485725
Luxembourg,2008,69.58,13.2608348415223,90970.72119801473,99.82439800231171,5.57,2.718,97.6508653485568,6.23101091,14.030027168217002,6.617262395032962,0.2738733026169168
Luxembourg,2009,69.86,13.158311006347402,86873.25624195629,99.82364481343728,5.47,2.7089999999999996,97.646673581353,6.94993162,14.0208536361383,6.325646083039987,0.26754340949414857
Luxembourg,2010,70.07,13.0161727518124,90346.06882680082,99.82290747628929,5.37,2.773,97.64256172564801,6.66263008,13.991840917601099,6.314129427106576,0.2672934262175205
Luxembourg,2011,70.26,12.7279864121044,94475.03022650236,99.822189394375,5.28,2.767,97.6385453220137,5.95225334,13.958297980655,6.727256702346693,0.27626086524896054
Luxembourg,2012,70.43,11.376458871961699,96636.426643956,99.78924802208721,5.16,2.806,97.63470321946079,5.29404306,13.965410892790699,6.5826421735650555,0.2731218278441897
Luxembourg,2013,70.69,11.7081477939315,100925.01199224053,99.75829460336041,5.17,2.83,97.63106826761049,5.23557377,14.0256757341215,6.52460564474813,0.2718620731270515
Luxembourg,2014,70.92,9.997828706238609,105296.28458823194,99.7291892552816,5.06,2.8810000000000002,97.62760411873242,5.23040915,14.1251062865936,6.587168519029864,0.2732200777768946
Luxembourg,2015,71.11,10.3915303158858,107888.5783529818,99.7017872281283,4.96,2.908,97.6243035577451,5.08113575,14.1954152151927,6.488317133814922,0.27107438606585194
Luxembourg,2016,71.25,9.613185387258019,113365.17608226545,99.6759794680783,4.81,2.885,97.62116801500031,5.07103872,14.2424413802086,4.9743749701125815,0.23821239688289036
Luxembourg,2017,71.37,9.60846654630366,114985.84223598863,99.6516286524317,4.66,2.985,97.61818839603501,5.13535357,14.306813714437098,5.091337601603666,0.2407512156191829
Luxembourg,2018,71.46,9.29178826573985,116638.41416388213,99.6286342945879,4.51,2.985,97.61535957424259,5.27988529,14.3776280584969,5.451237813927659,0.24856329534580443
Luxembourg,2019,71.46,8.4591046194554,121371.73990306965,99.6332404200843,4.26,2.985,97.6126777405437,5.46495819,14.4700667405182,5.50985201919214,0.24983558924549926
Luxembourg,2020,71.32,8.67476189540246,122066.73914720172,99.63761180418129,4.19,2.985,97.61012889415991,5.76488066,14.585226380715401,5.873379810674716,0.25772641006932245
Luxembourg,2021,71.23,8.67476189540246,136772.44375329226,99.64176826997891,4.15,2.985,97.60770172763408,5.66065645,14.715340619797098,6.244719367184399,0.2657867949253625
Madagascar,2000,51.33,11.9155371328738,1235.7873394190788,7.33460242669274,0.43,0.087,3.82452281975997,3.99177623,2.79742095372473,7.2461787136,0.2875247100175772
Madagascar,2001,51.79,12.078782420782499,1298.5637887316389,7.82371220056577,0.33,0.087,4.27623527366861,4.11513853,2.78897846108649,0.41103333333333325,0.1391594164577532
Madagascar,2002,51.99,12.205897203703499,1121.0874955277243,8.328022626278921,0.41999998689999996,0.133,4.72902485932566,4.92547655,2.78090837259421,6.650519097047619,0.2745951805116403
Madagascar,2003,52.28,12.3230044849761,1218.8356316879558,8.84731024577775,0.4,0.14400000000000002,5.18344484506749,5.00276566,2.7717328496493194,6.300538816222224,0.2669984251807707
Madagascar,2004,52.63,12.456227267939802,1279.546110585653,9.38171660876751,0.395,0.152,5.63879503752012,5.25090027,2.7596486151586603,5.173382921547693,0.24253211087473198
Madagascar,2005,53.12,12.631688555934,1342.5192993714513,9.99408559898276,0.39,0.17600000000000002,6.12117413127887,5.21557808,2.74446531840141,4.004402989570555,0.2171579540537157
Madagascar,2006,53.59,12.851012042077999,1416.404659489982,10.624836102476,0.32,0.166,6.60626042533301,5.07203865,2.72749724809942,4.426018947099568,0.22630965044467938
Madagascar,2007,54.05,13.11900191265,1493.3754500497216,11.273715158911,0.32,0.177,7.09404608313975,4.60865784,2.7098567847964596,4.352213159776676,0.2247076044466252
Madagascar,2008,54.42,13.466551910727699,1577.3383892861805,11.941063470682199,0.29,0.18100000000000002,7.58477414006482,4.08111811,2.69295925860265,3.904831577061688,0.21499663325874122
Madagascar,2009,54.68,13.9245557793887,1479.8298002594656,12.6258054956563,0.315,0.177,8.07809172690129,4.38469839,2.6778740211728396,3.27391249570134,0.2013017534118885
Madagascar,2010,54.96,14.523907261710699,1463.8764678639066,13.3282583568259,0.34,0.19,8.57423264106828,4.69762659,2.6658879441534102,3.3253718681646505,0.20241874280672495
Madagascar,2011,55.19,16.0170178085428,1475.170551781138,14.0481291071758,0.32,0.14,9.07317377918647,4.521595,2.65931791842448,2.723817809608059,0.18936126713875748
Madagascar,2012,55.39,14.7009701749296,1463.6175692644745,14.785323628099198,0.325,0.139,9.57497737668474,3.91105914,2.65892231659813,2.792288408863356,0.19084750627392758
Madagascar,2013,55.54,15.504951948252002,1473.4039807725528,15.5395287894646,0.33,0.149,10.0796108433394,3.75156307,2.6684484970638196,12.430599520747887,0.40005898283799624
Madagascar,2014,55.66,15.002200580150001,1498.8397690821869,16.3053653155261,0.32,0.177,10.587229727749198,4.46240282,2.7128293464459503,11.926659968236036,0.389120350887214
Madagascar,2015,55.79,16.0777176618248,1496.611724128411,16.852536457962803,0.32,0.1815,11.097698475503302,5.0062542,2.7882538052270096,13.320976724853235,0.4193857224926415
Madagascar,2016,55.88,16.138736457425,1561.5196237460782,17.4118086932302,0.32,0.186,11.6111708038341,5.33248854,2.86662404589863,14.943799903849007,0.4546111089258999
Madagascar,2017,55.97,12.551499792402401,1546.880018908167,17.9831737655425,0.32,0.1905,12.1276026442495,4.80225945,2.9433868785132904,13.070539751531129,0.41394967790280157
Madagascar,2018,56.08,12.723809569281599,1546.595635497951,18.566841418227398,0.32,0.195,12.647045200372,4.22160387,3.0184878475395798,11.076629864651084,0.37066939500598745
Madagascar,2019,56.16,12.794538649609699,1612.2977271562625,19.1625219476685,0.32,0.195,13.1693375483997,3.10129309,3.09198189312276,11.771169661003956,0.38574524124509907
Madagascar,2020,55.45,12.753519951019099,1490.3231283786608,19.770907585624602,0.32,0.195,13.694739040550301,3.72316122,3.15356422621173,13.018413984765479,0.4128182235945225
Madagascar,2021,55.14,12.753519951019099,1577.432460565288,20.3914130605215,0.32,0.195,14.222966344233198,3.5045227999999997,3.20730301417432,13.439495648992104,0.4219583224878111
Malawi,2000,39.01,23.019114107217103,974.3101374996775,6.94543528290509,1.1,0.011000000000000001,9.3511917456521,2.35247517,3.3107628158574904,5.776399764498169,0.25562133808914644
Malawi,2001,39.71,23.007790543955398,924.0563682792354,7.31511617120275,1.1,0.011000000000000001,9.35302758911489,2.06040049,3.46603530034805,0.6628333333333333,0.1446250472292974
Malawi,2002,40.53,22.955455988010698,931.283507531356,7.6935618820988,1.1,0.011000000000000001,9.35480608724583,2.69725966,3.6044750867813,4.103925435857143,0.2193182119762071
Malawi,2003,41.41,22.888781381210798,979.0389779320378,8.08111219249357,1.1,0.011000000000000001,9.35670106577719,3.32019806,3.73192331302999,4.437690740833334,0.2265630011793513
Malawi,2004,42.3,22.834437665383803,1032.8021390927622,8.47739408176673,1.1,0.021,9.35853844568126,4.07199907,3.84605723646534,4.025045064590909,0.21760601585045827
Malawi,2005,43.44,22.819095782357603,1070.9359095773646,8.882755707638859,1.1,0.0205,11.6430173155279,4.30046511,3.93747865805469,3.554079965790168,0.20738313524549923
Malawi,2006,44.79,22.88596892288,1124.4382691228984,9.296815458525051,1.1,0.02,13.9195182666637,4.91223288,4.00034836762907,3.78537110706844,0.21240359584500715
Malawi,2007,46.17,23.065250613274397,1230.5638544132871,9.71992837768159,1.1,0.0195,16.1881872542677,5.44258356,4.01672600640688,18.36506102636752,0.5288738176976435
Malawi,2008,47.65,23.3640822987324,1311.4499979198422,10.151705637597999,1.1500000000000001,0.019,18.4488656297589,6.10668802,3.91511272470216,3.5922530897662335,0.2082117301662679
Malawi,2009,48.94,23.7896054244456,1387.7899156175797,10.5967163498251,1.2000000000000002,0.019,20.7030011916433,5.87333822,3.7432928298193904,16.451955943554005,0.48734750312328623
Malawi,2010,49.93,24.3489614356053,1457.605683095962,11.055065202748198,1.25,0.0175,22.950220782325,5.14304781,3.5988151725735302,4.003770855684577,0.2171442328050305
Malawi,2011,50.98,26.3935444962185,1516.2111831915022,11.527241080606899,1.3,0.016,25.190250797308302,5.32226658,3.47653598283265,16.086976264897437,0.47942516729066653
Malawi,2012,52.13,26.499984099282305,1464.0432395779596,12.012956645912599,1.3,0.0145,27.422602100841196,6.02199793,3.369813840309,3.475509670454887,0.20567766970175885
Malawi,2013,53.13,25.3524122563691,1558.1122474520328,12.513090254034099,1.3,0.013000000000000001,29.6470619671529,8.22379494,3.2647477011478103,18.05532002720033,0.5221505057982907
Malawi,2014,53.82,25.997339843506797,1505.5519040402442,13.026946079432301,1.3,0.019,31.8630595478382,6.89776182,3.16478836074014,17.244583521781838,0.5045524661174745
Malawi,2015,54.25,25.007639301759895,1403.0845120923457,13.5558082510564,1.3,0.025,34.0704035850355,6.62879086,3.06993549592414,20.342998647343546,0.571807402786609
Malawi,2016,54.59,24.960461060518103,1409.9580270353256,14.0985574236355,1.3,0.031,36.2684898070789,7.72703791,2.9777609748043297,16.398040083856394,0.4861771926314772
Malawi,2017,54.92,21.2909459360983,1380.232636217371,14.6564856712551,1.3,0.0905,38.457066147808796,7.58438921,2.8971799166450203,16.58539626862059,0.49024399060084295
Malawi,2018,55.26,21.1973847101807,1363.7944559508812,15.229675627783198,1.3,0.15,40.635674198853295,6.88249922,2.8268739757776298,14.58555260907011,0.44683490782118984
Malawi,2019,55.54,22.337022983352497,1450.0100806478354,15.81779250698,1.3,0.0995,42.8038384563156,6.37021732,2.7651758521818195,14.07740738625929,0.4358049865892279
Malawi,2020,55.71,23.6983194353464,1513.4599080334444,16.4217325295187,1.3,0.049,44.961147982817295,7.17979383,2.70765099880912,16.104885779689223,0.4798139154842702
Malawi,2021,54.67,23.6983194353464,1687.5935817965067,17.0411492908906,1.3,0.049,47.107127732745504,7.62815809,2.65376192594518,15.239583293310897,0.4610314536246869
Malaysia,2000,64.13,23.513670621068698,13027.27333866566,91.83441982032708,2.05,0.6809999999999999,93.0900303093071,2.51463366,3.87644389000678,3.142241690643889,0.19844367555709896
Malaysia,2001,64.53,23.330792479257603,13071.581413897517,91.99766485441592,2.01,0.702,93.271833713747,2.6753974,3.9429366117756803,-0.177125,0.12639271159195964
Malaysia,2002,64.76,23.2129752557118,13656.045890437916,92.15774120876542,1.96,0.723,93.44997854573091,2.66876554,4.03109199172956,3.528174797350208,0.20682083148947267
Malaysia,2003,64.67,23.107214675173502,14387.248491499857,92.31480097029059,1.92,0.735,93.62455446675291,2.92417073,4.13021652456146,3.6529958991440012,0.20953022805381824
Malaysia,2004,64.85,22.960506462384895,15415.806340261948,92.46887324974459,1.89,0.72,93.7956145310405,2.86016941,4.22998029538414,3.840027422444861,0.2135899788441358
Malaysia,2005,65.05,22.7198463420882,16371.426081797383,92.619514821837,1.87,0.7759999999999999,93.9630919319295,2.78692698,4.33032552956048,3.271427695244365,0.2012478177413611
Malaysia,2006,65.24,22.1459745460658,17426.361167892042,92.76711530801158,1.9,0.828,94.12714046165951,3.10897732,4.4352601865651105,3.8016598508152013,0.21275716319628638
Malaysia,2007,65.35,21.1584955616188,18616.80707676169,92.91160184567622,1.9,0.8759999999999999,94.28780307742599,3.07041144,4.54757697852966,3.38402940096643,0.20369197718426374
Malaysia,2008,65.19,19.9427014967672,19479.879959056405,93.0529920737099,1.92,0.907,94.4451244256703,3.00692558,4.66863527568077,3.5588915320488566,0.20748757624868755
Malaysia,2009,65.07,18.6838844595312,18922.64595084177,93.1909885128932,1.91,1.082,94.5991098396151,3.2610569,4.8028575514953,3.437772662710688,0.20485854122378946
Malaysia,2010,65.08,17.5673365579308,20193.409294543264,93.32586018285869,1.91,1.148,94.74987766905011,3.16474271,4.94869856344671,12.996706974322041,0.4123470460558494
Malaysia,2011,65.22,16.5543727413676,21324.359499649818,93.4433265665142,1.9,1.254,94.89502710767259,3.31451917,5.09428198762096,2.906490304859328,0.1933263998280351
Malaysia,2012,65.49,17.9101382186238,22638.540694400934,93.5559775283087,1.9,1.305,95.0372152977718,3.45786357,5.238822282337111,3.7001993430646882,0.21055483725006832
Malaysia,2013,65.56,18.7954198873143,23160.892451062704,93.6661210303101,1.91,1.557,95.1769234434239,3.51276922,5.38859199036981,3.4684846162032175,0.2055251822010055
Malaysia,2014,65.5,17.1052502297433,24306.521233841464,93.77411721541691,1.86,1.489,95.314250824297,3.71036959,5.545043103388599,3.683815869868377,0.21019921367879538
Malaysia,2015,65.21,16.9297330913892,24526.39427160116,93.87965477332529,1.87,1.496,95.4491928177034,3.82201481,5.70847520142888,3.215465057092588,0.20003307938894196
Malaysia,2016,65.3,16.3864419259472,25285.821354139083,93.9829919971318,1.89,1.589,95.58183875117041,3.70085335,5.87993391755952,3.3291988227994076,0.2025018115954979
Malaysia,2017,65.28,14.9450075810201,26415.596020328736,94.08298238585958,1.91,1.8090000000000002,95.7121393469454,3.71472311,6.06511485190783,2.175577435088746,0.17746103099429492
Malaysia,2018,65.37,16.6541753286852,27793.56742229481,94.1798825288055,1.93,1.8880000000000001,95.8087179177358,3.75944281,6.266708905879309,3.7796884863947127,0.21228024752722585
Malaysia,2019,65.49,17.8197510834605,28933.92829723301,94.2737504186907,1.94,2.06,95.93567943551001,3.83991051,6.48232176367792,3.157268544624357,0.19876985202856498
Malaysia,2020,67.0,16.1938532237922,27474.736137823624,94.3646420156887,1.97,2.228,95.9966449391973,4.08254337,6.724906138862799,3.887104873857774,0.21461185321700435
Malaysia,2021,63.95,16.1938532237922,29822.849183161838,94.45270585649571,2.01,2.316,96.01734676213829,4.37382412,6.95860588634135,5.174109133671275,0.24254787420804935
Maldives,2000,61.39,16.8060479800766,8526.289863692407,69.9320099057864,1.66,1.0,76.1204180921548,7.73655844,3.76092348551602,-0.6149714219047622,0.11688871287562448
Maldives,2001,62.0,16.5695134612853,8235.802677164043,69.9320099057864,1.86,1.0,77.3138917274855,8.21364975,3.92565405772969,-0.45499999999999996,0.12036109066009766
Maldives,2002,62.62,16.4279489085745,8822.517260875637,69.9320099057864,1.91,1.0,78.4909414521848,8.78440189,4.09545429606057,-0.1461999933333334,0.12706397715211667
Maldives,2003,63.2,16.3251633783939,10065.485805211132,69.9320099057864,2.16,1.0,79.6500594890905,6.77857542,4.2667399684982,-0.34825555555555565,0.12267811099467649
Maldives,2004,63.03,16.2049659271931,10769.774328192265,69.9320099057864,2.51,1.0,80.79064242641842,7.48356962,4.43428855803923,0.11133641438596482,0.1326541237558639
Maldives,2005,64.36,16.0111656114217,9704.443344540412,69.9320099057864,2.55,1.2326666666666668,81.9107386991057,8.82753372,4.59404951881186,0.930665475357143,0.15043867549400722
Maldives,2006,64.81,15.7144891468831,12075.145574949085,69.9320099057864,4.34,1.4653333333333334,82.9678419611105,8.04819012,4.67610426603707,1.0715254753571428,0.1534962162028226
Maldives,2007,65.14,15.318001521733901,12851.792316142451,69.9320099057864,4.2,1.6980000000000002,83.89837171398459,8.30568123,4.65654171764583,1.0933788103571431,0.15397056989717076
Maldives,2008,65.49,14.814019200953501,13778.819755455424,69.9320099057864,2.33,1.6025,84.9631631924184,11.47104168,4.5985662016241795,3.491558332666667,0.2060260257860592
Maldives,2009,65.8,14.194858649521501,12265.793046425857,69.9320099057864,3.91,1.507,86.02316874465109,10.092881199999999,4.52630823343622,3.7857249993333335,0.21241127751479594
Maldives,2010,66.07,13.4528363324173,12797.327926291631,69.9320099057864,4.083333333333334,1.452,87.0784721184559,8.48758984,4.4438346748264905,3.705574046952381,0.21067150185275504
Maldives,2011,66.39,12.0739554274487,13726.326209344585,69.9320099057864,4.256666666666667,1.551,88.128993363051,7.92251587,4.35566830981015,3.5519678564761903,0.20733728929768613
Maldives,2012,66.94,12.966017597002098,13988.597386542924,69.9320099057864,4.43,1.65,89.17476408697759,8.67304802,4.262857467853101,3.554040725864662,0.20738228349433036
Maldives,2013,67.31,13.2401139246132,15264.090706958128,69.9320099057864,4.6033333333333335,1.749,90.21534334492421,8.15509319,4.17576402159119,3.26438909679198,0.2010950362469612
Maldives,2014,67.7,11.7258427261492,16722.523852618982,69.9320099057864,4.776666666666667,1.848,91.250996049753,7.91345072,4.0979940379626605,3.1691522576776556,0.1990278027344598
Maldives,2015,68.04,10.808561426377802,17875.098941926222,69.9320099057864,4.95,1.568,92.28153122247619,8.72545815,4.01479374243847,3.0613923457362633,0.19668874042053694
Maldives,2016,68.4,12.3754871852488,18769.50606076293,69.9320099057864,4.94,1.288,93.3068469398135,10.30544567,3.93214198706091,2.120497628527473,0.17626545559464443
Maldives,2017,68.74,11.3333706146388,19767.889361346766,69.9320099057864,4.94,1.837,94.32680323219809,9.26917839,3.8676637129135196,2.4775685239999996,0.18401612149582583
Maldives,2018,69.13,12.5034619255463,21899.429299384294,69.9320099057864,4.95,1.7990000000000002,95.3413870915622,7.43627834,3.83165450746515,3.0434400544761906,0.1962990637107245
Maldives,2019,66.93,12.313981914136601,23077.21122366517,69.9320099057864,6.36,2.161,96.3505180491116,7.65845585,3.83285048520598,3.7595314817777776,0.2118427147841898
Maldives,2020,67.38,12.0123911668511,13425.367445960112,69.9320099057864,5.04,2.161,97.1213636398167,11.3365984,3.86970406388133,3.450634815047619,0.205137730165811
Maldives,2021,66.67,12.0123911668511,19052.622490431066,69.9320099057864,5.04,2.161,97.8641004075029,10.09611702,3.92790129292933,5.287385968523809,0.24500668816465437
Mali,2000,46.06,65.0230304328187,1356.5173644085291,69.9320099057864,0.3,0.044000000000000004,17.333617769756902,5.46631575,3.2229962556957994,8.249303970266666,0.30929878575447356
Mali,2001,46.54,64.8105474469184,1558.7187019556345,69.9320099057864,0.3,0.04725,18.5366288294077,4.51950884,3.1578786983853,0.3451666666666667,0.13772969890353406
Mali,2002,47.0,64.30251893802749,1581.1110869134286,69.9320099057864,0.3,0.0505,19.7478525761063,4.99773645,3.0944698304450298,6.6780032503908044,0.2751917580900452
Mali,2003,47.57,63.69585197566111,1714.89753907761,69.9320099057864,0.3,0.053750000000000006,20.9666083854735,5.0505990999999995,3.03435447741044,5.710273882169313,0.25418599393802604
Mali,2004,48.28,63.1874536293344,1730.092251630396,69.9320099057864,0.3,0.057,22.193273656423997,5.21767759,2.98065035216043,4.6720041501030005,0.23164906384769807
Mali,2005,48.76,62.9742309685626,1770.6779543590742,69.9320099057864,0.3,0.062,23.4264099806876,5.19516516,2.9404192700932597,3.4961765873095936,0.20612627072127446
Mali,2006,49.23,63.467524760683794,1831.549245440696,69.9320099057864,0.39999999999999997,0.057999999999999996,24.667166082514502,5.45589256,2.91360926029365,4.336121614918414,0.22435831754138694
Mali,2007,49.77,64.6438551699259,1852.3628255546414,69.9320099057864,0.5,0.061,25.9143828499992,5.25303173,2.89236058479397,4.016338061370967,0.21741701956480755
Mali,2008,50.22,66.0478983611385,1893.4951452843445,69.9320099057864,0.6,0.064,27.1686715784898,5.02686644,2.8715530796328803,3.8355238844346764,0.21349222397547307
Mali,2009,50.7,67.2243304991712,1944.698282290924,69.9320099057864,0.2,0.11900000000000001,28.4286615146563,5.2122364,2.84602315623779,3.8970233305143744,0.21482714559948465
Mali,2010,51.06,67.71782774887339,2011.678946124752,69.9320099057864,0.25,0.099,29.693285642480397,4.67865133,2.81205037403737,3.7216675678495035,0.21102083165036345
Mali,2011,51.43,62.450937348165105,2046.225670643883,69.9320099057864,0.25,0.114,30.9622372812507,4.01483774,2.7749265538928998,3.5759103461489623,0.20785699068093824
Mali,2012,51.65,69.8937111183001,1990.148052410918,69.9320099057864,0.23,0.10300000000000001,32.2352227048023,3.7521614999999997,2.74372594379353,2.869202819039502,0.19251702878001936
Mali,2013,51.78,51.3368303515499,2059.2840764188104,69.9320099057864,0.23,0.11599999999999999,33.5119596461235,3.96750712,2.7108215158238,14.777068873783548,0.4509920054767457
Mali,2014,52.14,56.478581938630704,2184.876602816657,69.9320099057864,0.25,0.1,34.7924079704944,4.48158312,2.6696747242889,12.875368983343245,0.4097132547244313
Mali,2015,52.44,74.1479908356132,2330.2429394769197,69.9320099057864,0.26,0.09699999999999999,36.076082156671795,4.11143351,2.63327015909517,15.475470589040498,0.4661516794473876
Mali,2016,52.86,66.1872302945193,2531.80496963482,69.9320099057864,0.23,0.12,37.362958581410204,3.77377558,2.6045357712935298,15.849248720055375,0.47426499658243604
Mali,2017,53.16,66.774344334826,2606.6960795414066,69.9320099057864,0.23,0.11599999999999999,38.653020187008295,3.67425752,2.5763474965099302,14.679930273987077,0.4488834918939327
Mali,2018,53.39,63.6849309047317,2684.4112202657466,69.9320099057864,0.25,0.12300000000000001,39.9458152875809,3.73249912,2.5486999713017697,13.398008769259672,0.4210577983953531
Mali,2019,53.81,57.3904374306355,2819.8658229725847,69.9320099057864,0.25,0.12300000000000001,41.2415636688459,3.82943797,2.52301022604725,13.58472569550602,0.42511072046707743
Mali,2020,53.45,56.783048922298796,2723.700947844415,69.9320099057864,0.25,0.12300000000000001,42.539630241760605,3.47597885,2.49059867843247,12.702175007079365,0.4059538650258056
Mali,2021,53.56,56.783048922298796,2796.227937954328,69.9320099057864,0.25,0.12300000000000001,43.840447738048496,3.46649742,2.45371417425465,12.721967635947944,0.406383488542064
Malta,2000,68.02,17.541671163387498,18210.606111755507,100.0,5.29,2.565,99.9492010508807,6.57308626,12.155565836032,10.181233433666668,0.3512337068172692
Malta,2001,68.24,17.3739401649506,18437.077164795857,99.9999986778727,7.4,3.036,99.94904612759942,6.99985981,12.404399871395302,1.0805000000000002,0.15369101937219506
Malta,2002,68.45,17.1607690400214,19532.028028358858,99.999996839623,7.32,3.217,99.9488990899102,7.70661688,12.6888571361645,10.524934731333333,0.3586941690442214
Malta,2003,68.64,16.9496741589384,20815.41085258645,100.0,7.28,3.082,99.9487652290629,7.89556122,12.9668211152387,9.604582981679197,0.3387167947648164
Malta,2004,68.79,16.7881718920403,21568.69880891109,99.99999915311079,7.32,3.386,99.94862530405459,8.04820728,13.2405869071745,9.466735513,0.335724644778349
Malta,2005,68.95,16.7237786096657,22227.414958130103,100.0,7.33,3.43,99.94849794314541,8.66396618,13.479039822703701,8.750760987166666,0.3201835311959962
Malta,2006,69.12,16.7590769231956,23224.018684765484,99.9999978183576,7.46,3.804,99.9484166203892,8.80992031,13.632900835109501,7.62417148711111,0.2957295111864559
Malta,2007,69.32,16.843249824689902,25012.583380741475,100.0,7.75,3.293,99.9483801402341,8.16883373,13.7097267115136,7.361318652343433,0.290023964950976
Malta,2008,69.53,16.9437142555058,26653.896447094263,99.9999999672221,7.32,3.324,99.9483390179808,7.86335802,13.8815759638541,7.271040637474748,0.28806436885860026
Malta,2009,69.76,17.0278871570001,26767.977610398782,99.9924268542668,4.8,3.025,99.94829946738301,7.92382908,14.3886148702039,7.407177661198413,0.29101939151948397
Malta,2010,69.93,17.06318547053,28912.367233731937,99.9813815162564,4.48,3.054,99.94825927672571,7.95211124,15.096989119852,7.211046444797981,0.2867621206234609
Malta,2011,70.11,16.1027075945735,29426.031420436164,99.97033984975158,4.31,3.114,99.95293090763391,8.448141099999999,15.8139408918619,7.404864176349205,0.29096917446634124
Malta,2012,70.29,14.106355803411,30716.193704650963,99.9592942585388,4.6,3.2119999999999997,99.95760506425042,8.37802982,16.5765962159862,7.823374024761906,0.30005344891304003
Malta,2013,70.49,13.3766872999129,33138.16627127173,99.94824952368641,4.65,3.3510000000000004,99.96228787783122,8.49665833,17.3519818416277,7.651213299325397,0.29631648720296394
Malta,2014,70.68,13.480486431563198,35205.790271471524,99.9372033577367,4.47,3.508,99.9669760572969,9.08505249,17.943563003973697,7.547460381633988,0.29406440166058245
Malta,2015,70.85,13.6814730924333,38379.0106899377,99.9261592845881,4.47,3.583,99.9716734306493,8.89759636,18.3273199612118,7.395943667492064,0.2907755437764786
Malta,2016,71.0,12.5325633579629,40999.079308298285,99.91511600167921,4.55,3.727,99.9763785453032,8.96600914,18.655564073108398,6.033260751269841,0.2611968238449386
Malta,2017,71.13,12.9026022733936,45763.15633499661,99.90407212721951,4.38,3.8689999999999998,99.98108966820429,8.73092651,18.813107431569602,5.958952421111112,0.25958386953239837
Malta,2018,71.27,13.1132959646537,48177.355638403445,99.89302603118401,4.25,3.9160000000000004,99.9858051675868,8.5073843,18.7496839900321,6.208645639897293,0.26500377000914055
Malta,2019,71.16,12.590917528511698,51391.84935042662,99.8819870100897,4.11,4.029,99.99053434902109,9.07641315,18.5815714000859,6.157217030150794,0.26388744835716194
Malta,2020,70.94,11.722664877414699,49971.93888199142,99.87094227736179,4.38,4.187,99.9952644133915,10.60137844,18.4997679496494,6.582638494222222,0.27312174797949784
Malta,2021,70.71,11.722664877414699,56852.25708233789,99.85989418456629,4.38,4.276,99.9999977128228,10.36362457,18.772103631646303,5.722290270565987,0.2544468245265236
Mauritania,2000,55.21,85.1001098665338,2303.666397077695,69.9320099057864,0.4,0.106,18.152973394169898,3.37824655,3.08267852944097,6.581041666666667,0.27308708686025845
Mauritania,2001,55.7,83.7808052873624,2279.727114784829,69.9320099057864,0.4,0.106,19.309327365657698,3.5718379000000002,3.0911509599872593,-0.10569999999999999,0.12794307965334784
Mauritania,2002,56.27,80.63293278976629,2295.8050099533075,69.9320099057864,0.4,0.106,20.5759918023257,4.00224972,3.10276451447234,10.728547446666665,0.3631138351379607
Mauritania,2003,56.83,76.86501800220671,2446.6981777387105,69.9320099057864,0.4,0.106,21.8519258918573,4.03254652,3.11459911793026,10.695540666666668,0.36239738211001155
Mauritania,2004,57.31,73.685586553145,2570.294049119967,69.9320099057864,0.4,0.106,23.1372199810227,3.70429492,3.12370203057975,5.517920280595238,0.25001072084914355
Mauritania,2005,57.75,72.3031640710423,2809.035081456908,69.9320099057864,0.4,0.1116,24.4309798679279,3.40312648,3.13624243954314,4.254746984793651,0.22259198043879386
Mauritania,2006,58.36,72.3062769506067,3341.707183550009,69.9320099057864,0.4,0.1172,25.999716489738898,2.70252752,3.15279427672664,4.176616140138888,0.22089605371618934
Mauritania,2007,58.79,72.4345808297417,3278.276613940018,69.9320099057864,0.4,0.1228,27.6037678904985,2.87644005,3.16658958548971,3.986009612438673,0.21675870302891576
Mauritania,2008,59.26,72.62329520170209,3235.9978216103636,69.9320099057864,0.4,0.12840000000000001,29.244459332786604,3.01338983,3.2544380092348497,3.261940116666666,0.20104187810108426
Mauritania,2009,59.68,72.8076395597426,3158.7441428670827,69.9320099057864,0.4,0.134,30.9205985186658,3.11034036,3.40777150258255,2.561752903154122,0.1858434476800519
Mauritania,2010,60.02,72.922833397118,3177.8443656116506,69.9320099057864,0.4,0.16,32.634513910578,2.63618922,3.54540721378829,3.2903371963705537,0.20165827187650748
Mauritania,2011,60.33,72.9883129496202,3270.862513418881,69.9320099057864,0.4,0.1605,34.3867695026877,2.47383666,3.6657125283504395,2.696563547258065,0.18876967962900426
Mauritania,2012,60.6,83.03609207615071,3464.9766109926945,69.9320099057864,0.4,0.161,36.177896396065705,2.64919329,3.7682431278623,2.967087602529363,0.19464173920380062
Mauritania,2013,60.73,64.5065697786296,3831.047110123477,69.9320099057864,0.4,0.1615,38.0075543396616,2.86799884,3.75036301804466,7.390852271355993,0.2906650287193243
Mauritania,2014,60.81,64.1516470310952,3865.142586768705,69.9320099057864,0.4,0.162,39.873140740132705,3.46724391,3.6332209825949704,8.098569089540662,0.3060268985327059
Mauritania,2015,60.96,83.0276343912381,3977.611712758632,69.9320099057864,0.4,0.175,41.7742652183786,3.67363763,3.5334207354918097,8.498153834355701,0.31470038017329655
Mauritania,2016,61.14,76.5480652857383,4682.70259690033,69.9320099057864,0.4,0.1825,43.710427069000104,3.18699503,3.45096290818668,11.948297758460447,0.38959002591532654
Mauritania,2017,61.28,79.9744180761698,5353.066088104069,69.9320099057864,0.4,0.19,45.6828446170813,3.41947556,3.38544428174658,14.739299430591,0.45017217294720924
Mauritania,2018,61.43,75.8344786877967,5429.232230597841,69.9320099057864,0.4,0.19899999999999998,47.6904380054199,2.88362551,3.3354081727926297,11.71097977582158,0.3844387452618246
Mauritania,2019,61.59,72.1994109024446,5610.132367138917,69.9320099057864,0.4,0.205,49.7339098436372,3.09176588,3.29913011324822,14.141859401487334,0.4372039973823909
Mauritania,2020,60.55,70.8224442103687,5740.7395969012905,69.9320099057864,0.4,0.20800000000000002,51.8124755125379,3.00147843,3.2601136793712997,13.99618604380392,0.4340419767852955
Mauritania,2021,60.39,70.8224442103687,5836.565808218968,69.9320099057864,0.4,0.22399999999999998,53.9267671870648,3.78022528,3.2214686999623705,13.097824624506353,0.4145419298540766
Mauritius,2000,62.19,9.31039577146635,9143.007373279204,69.9320099057864,3.76,0.888,90.51944243953008,2.85734653,6.117643964447651,9.437513694666666,0.33509034902980595
Mauritius,2001,62.41,9.56066660623812,9585.804730318096,69.9320099057864,3.66,0.904,90.80109350788891,2.92151856,6.206594708276469,1.2627666666666666,0.15764734304955852
Mauritius,2002,62.57,10.0484613474665,9823.539964053154,69.9320099057864,3.54,0.961,91.0831578826494,3.18897271,6.28631484609454,8.364210457873016,0.3117929733418895
Mauritius,2003,62.67,10.6053806231737,10534.55725303612,69.9320099057864,3.41,0.9440000000000001,91.36567241562521,3.18201613,6.35746681925789,8.398975545936509,0.31254759262344334
Mauritius,2004,62.75,11.0630250613817,11215.700278435783,69.9320099057864,3.41,1.042,91.6486409323772,3.31652546,6.42863115243685,7.628771909235084,0.2958293690447676
Mauritius,2005,62.85,11.2529952901128,11703.476524445145,69.9320099057864,3.37,1.067,91.9320916263266,3.51794028,6.501791658546869,6.986632626455664,0.28189094083358207
Mauritius,2006,63.02,11.077573370866,12592.521894660826,69.9320099057864,3.4,1.107,92.2159724037212,3.60573649,6.5760628526868405,7.412421101777777,0.2911332068895369
Mauritius,2007,63.2,10.6524254237964,13612.2512989533,69.9320099057864,3.35,1.122,92.5003340946351,3.52321672,6.65992657846262,6.902853141182265,0.28007240337236516
Mauritius,2008,63.4,10.1292281649105,14569.153120772837,69.9320099057864,3.34,1.137,92.78512544256719,3.93896508,6.78417743118618,8.006601874055557,0.304030636249431
Mauritius,2009,63.58,9.65965831021468,15104.808154874587,69.9320099057864,3.48,1.1520000000000001,93.07039939557949,4.17035627,6.9676271255351905,7.603359622763547,0.295277763902138
Mauritius,2010,63.76,9.395392575715329,15919.662276252464,69.9320099057864,3.4,1.169,93.35613342142099,4.51898289,7.18822149520215,7.679836621555556,0.2969377918525469
Mauritius,2011,63.89,9.327235694840901,16883.565820961012,69.9320099057864,3.34,1.4069999999999998,93.64233022066558,4.25059652,7.42446941420405,6.72636934996566,0.2762416041668359
Mauritius,2012,64.01,9.10271819827775,17259.401801135704,69.9320099057864,3.46,1.3359999999999999,93.928957338752,4.21993399,7.69584306181497,7.923160201154121,0.30221943142401714
Mauritius,2013,64.09,9.57883414266686,18435.20318586524,69.9320099057864,3.45,1.585,94.2160990172905,4.620821,8.02578034498505,32.865292477436824,0.8436192951141543
Mauritius,2014,64.24,9.44659217541541,19294.468282955546,69.9320099057864,3.43,1.88,94.5036776997777,5.38024664,8.4197462160542,29.455886664570492,0.7696139205173159
Mauritius,2015,64.32,9.13027374403697,20269.523509561048,69.9320099057864,3.47,1.972,94.7917221671352,5.55042362,8.87991763366248,34.96521010433787,0.8892006072638701
Mauritius,2016,64.34,8.98829540881102,21951.83074331106,69.9320099057864,3.51,2.14,95.0806649213747,5.54289532,9.38091590555375,35.05793852686746,0.8912133924885502
Mauritius,2017,64.31,8.99594985085889,22897.970092210224,69.9320099057864,3.51,2.261,95.3704562123422,5.59857273,9.89137298503473,36.06324083840476,0.9130347238969807
Mauritius,2018,64.24,9.64568180967703,23415.5237589118,69.9320099057864,3.54,1.849,95.66104365494341,5.60310221,10.3966493732511,30.319425051022154,0.788358090403733
Mauritius,2019,64.25,9.27666690706869,24374.781828656625,69.9320099057864,3.63,2.5380000000000003,95.95239528876459,5.69508171,10.894757710278599,30.71362311156839,0.7969146473926312
Mauritius,2020,63.81,9.15296880580014,21621.597122515755,69.9320099057864,3.64,2.658,96.24305852090241,6.09606028,11.4011750101113,34.08786185221263,0.8701566771440281
Mauritius,2021,63.63,9.15296880580014,23010.201382690524,69.9320099057864,3.71,2.658,96.5249988240641,6.6160841,11.9015085296574,28.827798393534533,0.7559804869135823
Mexico,2000,64.1,30.856311544580496,11704.381105251767,40.0145852120453,1.06,1.6440000000000001,79.2052351502487,4.24436522,5.01410425565983,3.4887611925092656,0.205965310395604
Mexico,2001,64.37,29.944409887382303,11738.725942914352,40.1592254888986,1.09,1.53,79.91059932333509,4.58201361,5.14276005050375,0.9440625000000001,0.1507294745016924
Mexico,2002,64.41,28.3754133915972,11761.886590166641,40.302227664700496,1.1,1.538,80.6059707016954,4.83042812,5.28164517522168,4.099353582249124,0.21921897423290695
Mexico,2003,64.45,26.516217015535602,12066.160123313586,40.443604479384796,1.06,1.589,81.2915094361491,5.53978777,5.41895411184093,3.9329137755144536,0.21560619214673185
Mexico,2004,64.76,24.7337157175082,12657.815609230684,40.5834367307206,1.07,1.662,81.9676485346638,5.6835022,5.551972552939779,3.7458562910843427,0.21154587783795956
Mexico,2005,64.69,23.3948044558255,13260.238818666867,40.7216293084259,1.05,1.775,82.634046861873,5.58110142,5.677577836905139,3.6672334840111462,0.20983927246192918
Mexico,2006,64.98,22.3696630456356,14541.671629560771,40.858261015829,1.03,1.893,83.2911380511861,5.40647888,5.79085663044309,13.566153978179752,0.4247075983475426
Mexico,2007,65.1,21.363754834612,15031.861959297768,40.9933026138021,1.06,1.9369999999999998,83.9388749115264,5.50668049,5.8801109011351596,11.906150143609155,0.3886751597490103
Mexico,2008,64.76,20.496900079853603,15680.57618968812,41.1268744230264,1.04,1.97,84.57786813699259,5.44587374,5.951216645673861,3.1028772920686754,0.19758922254615371
Mexico,2009,64.77,19.8889190384594,15192.624150205571,41.258902516986495,1.03,2.004,85.2078679687607,5.84786463,6.02182660794307,17.992654621705803,0.5207902755815227
Mexico,2010,64.65,19.659631967528302,15908.860321457792,41.38945295761339,1.06,2.026,85.8292495991465,5.4897337,6.09750132223508,3.0515132970664496,0.1964743034372037
Mexico,2011,65.0,22.4736336205905,17266.8129106549,41.5187146455795,1.04,2.129,86.4428801813735,5.30093002,6.183298219495731,15.853898648667514,0.4743659290403709
Mexico,2012,65.18,20.1560213023659,18004.793560754235,41.6465626229776,1.03,2.14,87.04830096419191,5.42140484,6.283240510403821,3.3453716452575657,0.20285286273167752
Mexico,2013,65.43,20.8739317391487,18170.264789912017,41.7730851603868,1.03,2.184,87.64594872232641,5.5773263,6.39365899489954,3.004592199439893,0.1954558229168608
Mexico,2014,65.45,19.667850241261,18820.799109858384,41.8982843760022,1.02,2.256,88.2358926764479,5.35336781,6.51446394948331,3.753267156335357,0.2117067398441538
Mexico,2015,65.5,19.4864853369113,19075.33847013766,42.02209086996479,1.0,2.358,88.8179258213353,5.52738619,6.65084837815842,2.6326793876545356,0.18738299484527393
Mexico,2016,65.38,18.844918238389898,20104.583978747152,42.1445790425411,1.0,2.359,89.3924181439649,5.38499022,6.801589484281401,3.361674792742501,0.2032067427339281
Mexico,2017,65.47,18.300228548537298,20488.715080044134,42.265696841386706,0.99,2.42,89.9592224609298,5.311793799999999,6.9659201739026795,2.1925898992713337,0.1778303075937236
Mexico,2018,65.51,16.652186272493,20921.477527757168,42.3854808216513,0.98,2.467,90.51855961028049,5.23821402,7.14422403295026,3.074357390771053,0.19697016277596427
Mexico,2019,65.46,14.705107799785099,20964.277484707174,42.503935469894294,0.97,2.474,91.0705197769802,5.29685831,7.334641574677991,4.219085290731334,0.22181789921388362
Mexico,2020,61.59,14.992344024331501,19354.12487062439,42.621072490752795,1.0,2.441,91.6152077254503,6.0537405,7.486079874515151,3.438305031026451,0.20487009693724625
Mexico,2021,61.44,14.992344024331501,20782.58774175454,42.736877157936604,1.02,2.559,92.1526440010022,5.89244318,7.58575873574664,5.304999932671044,0.24538902106557578
Mongolia,2000,55.64,21.398144612593104,3739.696668510506,17.7167712312616,7.33,2.6510000000000002,43.35095770054421,6.07605076,3.42665024425888,7.272774006333333,0.28810199377588347
Mongolia,2001,55.92,21.368923238958498,3888.855285813322,18.760046357353197,7.32,2.685,43.9293436353835,5.4423995000000005,3.45116508277134,0.6891875000000001,0.14519709704777134
Mongolia,2002,56.37,21.2157465725794,4083.384221660671,19.828382196563602,7.46,2.735,44.4988380043393,5.49190998,3.4753564343782597,7.498920011238096,0.293010772819844
Mongolia,2003,56.78,21.027654989018103,4399.3653792501345,20.9206393990072,7.22,2.637,45.0591791576731,4.29768944,3.50621875997549,6.8767487629658435,0.27950577552148465
Mongolia,2004,57.13,20.893688863837,4941.826636942621,22.0356603385453,7.24,2.597,46.565730094516,4.30204487,3.5483036858099903,6.663298881150794,0.27487258154916216
Mongolia,2005,57.5,20.9028885725986,5406.1434198027755,23.170971127102604,7.14,2.6519999999999997,48.079674175125895,3.86456275,3.6016346650095294,5.083575530555555,0.2405827302563097
Mongolia,2006,57.94,21.2574073192077,5977.196887299506,24.326985932299902,7.11,2.7430000000000003,49.6017260697185,3.74971509,3.65992063852848,4.215865483580009,0.22174800931299116
Mongolia,2007,58.43,22.114414732522803,6678.054743576368,25.502197666742397,6.91,2.8160000000000003,51.1306318210775,4.07522774,3.7144854868670603,4.204959743233333,0.2215112867155914
Mongolia,2008,58.86,23.4954758255364,7296.5807367162215,26.695758728824398,6.86,2.8789999999999996,52.6658164646959,4.55693007,3.7583168085319603,3.6214415950394603,0.2088453028135941
Mongolia,2009,58.92,25.4221556112408,7119.394242118838,27.904755087884897,6.65,2.678,54.2047237331896,4.45980072,3.78657244929888,15.267101566616162,0.46162877181911505
Mongolia,2010,59.06,27.9160191026285,7531.6255744264745,29.130397081473998,6.59,2.7739999999999996,55.748796660386,3.73945642,3.7994701176874703,3.4254484499126088,0.20459102892552
Mongolia,2011,59.22,35.8767855032703,8861.820528693042,30.166287330830897,6.91,2.895,57.1062265256697,3.58612084,3.7968541594988,15.814212736176767,0.47350449717179965
Mongolia,2012,59.64,38.231858975156705,10151.721799816532,31.0986033550596,7.01,3.0789999999999997,58.3638961437545,3.85800076,3.79002160289241,3.8666667613451082,0.2141682186790317
Mongolia,2013,60.09,36.119086192214496,10442.385050449348,32.0426962176353,6.98,3.1319999999999997,59.6305788541198,4.08932018,3.79262034296318,1.972412656864332,0.1730510879301277
Mongolia,2014,60.54,32.6310214465256,10900.23051978575,32.9981563212651,7.09,3.2039999999999997,60.9059101713151,4.20989752,3.8077594923651006,3.7114293358430848,0.21079859814797866
Mongolia,2015,60.78,33.601816255252196,10458.302724052422,33.9656650037175,7.33,3.2560000000000002,62.190502303750804,4.23154545,3.83803196041828,2.9179625367244917,0.1935754188252572
Mongolia,2016,61.11,34.394850770545,10511.383106314075,34.944827373474695,7.58,3.301,63.4840050160805,4.58008575,3.8851300244802998,3.7869228105502457,0.21243727749035457
Mongolia,2017,61.48,31.406696593779802,11096.03756042385,35.935212041549605,7.72,3.4160000000000004,64.7860401773072,4.33954191,3.9539822005409198,2.3775040747546186,0.18184409872802132
Mongolia,2018,61.79,30.340789040395002,12317.482427769468,36.9432223522064,7.86,3.53,66.102065585159,4.53449297,4.04957088820743,2.6058200695615175,0.186799980089627
Mongolia,2019,62.0,31.0839271991388,13604.97894319405,37.9689448157507,7.94,3.647,67.4319599015551,4.49497986,4.17415725035646,3.59273911882608,0.20822228002879914
Mongolia,2020,63.41,29.6547866481682,13693.179806942995,39.012436356762,8.22,3.7739999999999996,68.7755717433728,4.6662488,4.30635785893672,3.0436936857184747,0.19630456909087723
Mongolia,2021,61.31,29.6547866481682,14792.250908642214,40.0729687156752,10.55,3.8739999999999997,70.1321116661664,7.21042728,4.43492388778066,4.816312785033299,0.23478146144767653
Montenegro,2006,65.16,25.919409229567698,10442.523468837624,83.8627314419727,4.09,1.946,90.6415121374975,7.96692181,13.117416635246,17.6600453227193,0.5135705789197181
Montenegro,2007,65.46,25.395449590665198,12452.72498300647,84.01289411313591,3.94,1.9509999999999998,91.1775903884606,7.96692181,13.2540021487941,1.3047960653043478,0.15855964318658636
Montenegro,2008,65.74,24.7700784087494,13801.944412315475,84.1377623681584,3.84,2.0780000000000003,91.7158378297671,7.96692181,13.3266544941135,15.377947802649633,0.4640348266188545
Montenegro,2009,66.02,24.246118769847,12969.507363083101,84.2614730554413,3.86,2.075,92.2561094620688,7.96692181,13.3564186184406,5.084299091209524,0.24059843603619616
Montenegro,2010,66.29,24.0263937599847,13613.797257286227,84.38418029018659,3.91,2.022,92.79849341159559,7.96692181,13.3195747114526,4.699052772483516,0.23223618768729626
Montenegro,2011,66.52,26.809635732983605,14347.501801977334,84.5059703400746,3.9,1.993,93.34305261849029,7.96692181,13.3252988244592,4.401962858162394,0.22578748324873807
Montenegro,2012,66.69,25.152725645633,13792.520390406316,84.626838885314,3.9,2.016,93.8897863076242,8.29550457,13.474681945891302,5.051677584074073,0.2398903458328059
Montenegro,2013,66.85,23.0328197648844,14692.120947639452,84.7468562440821,3.81,2.127,94.43875400291401,8.47144604,13.693960462885098,3.1782650905244756,0.19922560805464853
Montenegro,2014,67.07,22.893375154552498,15276.069453290927,84.866016651392,3.86,2.16,94.98996161808908,8.00086784,14.003552561035399,5.064236241635402,0.24016294704494445
Montenegro,2015,67.26,22.5226135295586,16096.036009172783,84.9843200456703,3.86,2.35,95.54342138164209,9.02188778,14.420476163943,4.736288492666667,0.2330444350980732
Montenegro,2016,67.41,20.781836115915898,18029.69572516624,85.0907588227783,3.86,2.552,96.0990784093621,8.63302994,14.8258265738724,5.794209229883598,0.25600791458650685
Montenegro,2017,67.47,21.188583491177603,19356.41540444146,85.1754101234488,3.8,2.623,96.6569962707111,7.98255396,15.237855650618801,5.365483485111111,0.24670189146028876
Montenegro,2018,67.53,22.0010575045609,21083.1758536243,85.25880664351641,3.86,2.74,97.21424435867621,8.34355545,15.7080684318645,4.556430960625367,0.22914040467067479
Montenegro,2019,67.25,18.3231957596321,23705.048174924785,85.34101358298909,3.81,2.7089999999999996,97.5022963479866,8.32983208,16.2013123164339,5.680610072862745,0.2535421042281484
Montenegro,2020,66.07,17.9824100566499,20624.779760010828,85.4220228024924,3.81,2.736,97.771772470462,11.42177582,16.6406770460658,6.027387381823531,0.26106933508886865
Montenegro,2021,65.15,17.9824100566499,23690.027258214224,85.4417433013257,3.81,2.7680000000000002,97.7911092113251,10.55253506,16.9128782703666,7.392819199411764,0.2907077233281688
Morocco,2000,60.69,26.2794045322845,3930.22314453125,40.6892711371886,0.88,0.483,68.2172980422046,3.69304585,4.32319661006496,6.428473320168498,0.26977540199376115
Morocco,2001,60.89,26.336708569120997,4268.86962890625,41.2670141731274,0.88,0.483,68.9979286734151,3.81601191,4.40841665830142,0.16810000000000003,0.13388624766466156
Morocco,2002,61.1,26.3732332307781,4436.4287109375,41.8420688296254,0.88,0.49933333333333335,70.1959471768186,4.06117535,4.49755851755154,4.7929461446674875,0.23427425958663212
Morocco,2003,61.21,26.3997347331309,4741.0615234375,42.413247021814705,0.89,0.5156666666666667,71.3611031579094,4.08037519,4.58784937095757,4.842056088664021,0.2353402517276022
Morocco,2004,61.32,26.4269692920543,5024.6943359375,42.9811521119137,0.87,0.532,72.2380118322512,4.23211098,4.66525268563501,3.775285448680134,0.21218467414191577
Morocco,2005,61.48,26.4656931234232,5274.74169921875,43.663147929186,0.86,0.5496666666666666,73.1773231573067,4.37350655,4.73323072714854,3.6091310485416663,0.20857808715929357
Morocco,2006,61.64,26.5559544015872,5780.6181640625,45.3949015609245,0.86,0.5673333333333334,74.12862773643859,4.56586647,4.81319085043138,3.966104572545455,0.21632663949218348
Morocco,2007,61.79,26.7015710730568,6057.935546875,47.168821843961894,0.87,0.585,75.07865785853001,4.80759001,4.90761409724243,3.7748456205432497,0.21217512712762213
Morocco,2008,62.02,26.858954011948,6437.0634765625,48.9826800241506,0.86,0.615,76.0270465893793,4.83789158,4.99700277787036,13.203750097021942,0.4168411733889121
Morocco,2009,62.24,26.984514092377,6628.57666015625,50.83427386079371,0.85,0.645,76.9734340408013,5.27312183,5.077410233369919,4.290798804861112,0.22337452983168854
Morocco,2010,62.42,27.0346621884598,6848.66748046875,52.7236461074909,0.84,0.64125,77.9186321842885,5.41861057,5.162106754161,16.156451252967607,0.48093320792866884
Morocco,2011,62.59,25.1025965770715,7274.1474609375,54.6475131147437,0.83,0.6375,78.8617098179303,5.37019396,5.26097499930688,3.856070184519291,0.2139382068586496
Morocco,2012,62.76,23.517027783632997,7307.6123046875,56.604822131455705,0.83,0.63375,79.80289266074571,5.39619017,5.3739200179378095,3.459242936994923,0.2053245801110071
Morocco,2013,62.92,22.626261657060798,7542.0986328125,58.5934607352905,0.82,0.63,80.7418405934609,5.25540543,5.49610979729795,14.693108275198252,0.44916953672684473
Morocco,2014,63.06,22.575646372201902,7237.27734375,60.61239249392221,1.1,0.912,81.6787833331369,5.41626596,5.635436041395379,15.782548154060276,0.47281717821078306
Morocco,2015,63.18,25.653548789163604,7799.09228515625,62.6595549218595,1.1,0.852,82.6133857695212,5.10435581,5.80213787505015,15.538011032794653,0.46750919721485684
Morocco,2016,63.31,24.754594374462105,7853.17626953125,64.733918736942,1.1,0.792,83.54587230778391,5.09203386,5.995544557529769,18.34408683168324,0.5284185468323744
Morocco,2017,63.42,28.016156506681398,8115.12060546875,66.8334675314175,1.0,0.732,84.47591061008251,4.98920393,6.21542948574287,17.689962674436345,0.5142199720815442
Morocco,2018,63.49,23.1856283839847,7801.0986328125,68.9567317601261,0.85,0.732,85.40346615012331,4.94516659,6.45847935365639,14.198207886045065,0.4384271110087953
Morocco,2019,63.6,20.9299059936918,8046.22900390625,71.101809275817,0.7,0.732,86.3282321764417,4.9953145999999995,6.720202023158881,18.695454887126964,0.5360454255296376
Morocco,2020,62.38,21.3212642117301,7704.84912109375,73.2677313316826,0.73,0.732,87.25043344005621,5.59079361,6.97052126972381,22.896707948201588,0.6272388250914078
Morocco,2021,62.34,21.3212642117301,8623.265625,75.45227624780371,0.73,0.732,87.38364410484829,5.522717,7.21841629730986,18.59765098489293,0.533922470733659
Mozambique,2000,43.55,20.2554422733172,471.96732976179084,8.94746843395167,0.85,0.024,10.7368086528161,2.14253044,2.70113285403567,4.931462789457877,0.23728093486914764
Mozambique,2001,43.89,20.1840071365718,532.6273101604564,9.002509609499759,0.85,0.0245,11.689138293417699,2.80098224,2.6834786504862596,0.5960666666666665,0.14317579406072406
Mozambique,2002,44.11,20.0136498073847,580.0409214271853,9.3682258795979,0.85,0.025,12.6706023887281,3.18652654,2.6759914292065097,6.041054169190476,0.2613659896304927
Mozambique,2003,44.4,19.8102890904689,619.9875106817716,9.74288115939979,0.85,0.025500000000000002,13.659720675449199,3.25095367,2.66959477838698,5.945222796071429,0.25928585102128376
Mozambique,2004,44.62,19.639843790537103,673.345717268781,10.2136383538005,0.85,0.026000000000000002,14.656791437849,3.53062654,2.66597356604203,4.477127129351852,0.2274190168211519
Mozambique,2005,44.78,19.568232712302198,721.4117619434862,10.7975621954471,0.85,0.026000000000000002,15.661495607588,4.21435642,2.66629890050855,3.2376924608617026,0.20051555270908494
Mozambique,2006,45.02,19.6733490140973,798.3876676425415,11.423537481522802,0.85,0.026000000000000002,16.6744657730016,3.94559026,2.6711776082713703,15.904579688805336,0.4754660237683738
Mozambique,2007,45.42,19.9403587930867,861.9876827435393,12.0903572972266,0.75,0.03266666666666667,17.6947339130943,3.79955554,2.68010983841089,13.750701404692014,0.4287134287413263
Mozambique,2008,45.88,20.296090262230898,916.155850233958,12.9039962889322,0.79,0.03933333333333333,18.8175728896395,4.13496828,2.68977511197103,3.462205790943723,0.2053888925244867
Mozambique,2009,46.15,20.6673716344898,951.4854537638575,13.7731362011377,0.84,0.046,19.960305256020302,5.05562353,2.6972418339267796,3.5684619651250977,0.2076953143484433
Mozambique,2010,46.19,20.9810311228238,1000.2411486647997,14.5163125982336,0.85,0.05,21.1157832994067,5.29249668,2.70217900725828,3.060201826396104,0.19666289872419188
Mozambique,2011,46.38,21.3180610647849,1063.6554329631088,15.2516401554385,0.84,0.053,22.283361531912302,4.9217639,2.70404433770015,3.3822296362832724,0.20365291106339875
Mozambique,2012,46.59,21.4882091792626,1075.8778608536088,16.019884662547,0.85,0.055999999999999994,23.4630594441157,5.14035702,2.7065213021209598,3.532916289940476,0.2069237514569247
Mozambique,2013,47.05,21.704486846149003,1113.752527592904,16.8203090357194,0.8,0.057999999999999996,24.6548929254595,6.04556036,2.7154640873195697,16.893652814746396,0.4969350806089254
Mozambique,2014,47.74,21.6145857091373,1165.828266075048,17.652166122592998,0.8,0.0625,25.858879408437602,6.24013042,2.7283602461952503,17.566543137197012,0.5115409982112303
Mozambique,2015,48.45,21.575895047347604,1317.8878595682165,18.514700922722398,0.78,0.067,27.0750381576231,6.60972881,2.74244471881563,16.447453725403076,0.48724977690380283
Mozambique,2016,49.1,21.069117727762002,1379.107400286906,19.4071399285232,0.78,0.0715,28.3033808340067,7.21501875,2.75909067106942,13.914480207777197,0.4322684504485107
Mozambique,2017,49.68,18.7547986602318,1282.7496599180142,20.3283365656572,0.76,0.076,29.543546058516803,7.80532169,2.776631662126,14.660931461116041,0.4484710991367813
Mozambique,2018,50.18,18.8259193532117,1325.5869556895268,21.277873618475603,0.76,0.084,30.795917659219498,7.97903347,2.7939847431536604,12.834257325034475,0.40882087527756233
Mozambique,2019,50.65,19.594564469598602,1388.7970703444614,22.2560201745119,0.71,0.085,32.0616645064997,7.90207434,2.80919999009516,15.837648107133521,0.47401319091542077
Mozambique,2020,50.75,20.0802484321177,1411.6204022991126,23.261568380659398,0.7,0.083,33.3404532645595,7.54172373,2.81106994067767,14.456786493762673,0.4440398798539279
Mozambique,2021,49.72,20.0802484321177,1457.2354093092154,24.294354497965198,0.73,0.081,34.6331153020155,8.86981869,2.79064141946146,13.376316321085696,0.42058693694876925
Myanmar,2000,52.42,39.527232922187295,948.7482851780476,27.1340464363073,0.7,0.302,63.4598787059053,2.12591195,5.000860990856849,0.9992303062857142,0.15192696004432066
Myanmar,2001,52.78,39.742839061068295,1068.8259052195217,28.6428319934382,0.665,0.3205,64.0138771425064,2.28925514,5.035004755234571,-0.36466666666666664,0.12232188750824234
Myanmar,2002,53.18,40.176887588591704,1203.8263073428998,30.184710377452802,0.63,0.33899999999999997,64.56596793677511,2.74706364,5.06515600564822,-0.40821998142857174,0.12137650888486894
Myanmar,2003,53.61,40.6510344092112,1384.5285182594732,31.759919905820198,0.69,0.3575,65.1163596898644,2.53689265,5.091784878462209,-0.48906552638095313,0.11962165623104053
Myanmar,2004,54.03,40.98693542738071,1600.8410560858465,33.368359991086,0.71,0.376,65.6650229848345,2.46972823,5.1145162113586,-0.979241520509804,0.10898177935660479
Myanmar,2005,54.54,41.0062465475539,1860.4541315763288,35.0099417354844,0.72,0.389,66.21195169286379,2.48261595,5.134235760444111,-0.9195405098739495,0.11027766371253654
Myanmar,2006,55.03,40.5461049761885,2152.8673094702635,36.6842261788056,0.72,0.426,66.756940787588,2.39884496,5.15260231918773,-0.7936209717037037,0.11301090319848543
Myanmar,2007,55.59,39.5962241482972,2458.857464401381,38.39145803965339,0.74,0.45,67.3001769970488,2.15582204,5.17140213256537,-1.2849234801071427,0.10234657393690208
Myanmar,2008,50.52,38.2071243111665,2748.079213384909,40.131537454116,0.76,0.48700000000000004,67.8416392315072,2.24654627,5.18567235315122,-1.106070481361345,0.1062287997253373
Myanmar,2009,56.61,36.4293257120831,3039.799823377104,41.9040165084889,0.77,0.501,68.33691944636729,2.30063438,5.20709432683321,-1.548119942156863,0.09663356884579598
Myanmar,2010,57.18,34.3133485983332,3348.1288949704917,43.7094949448561,0.86,0.535,68.829818100566,2.08368421,5.2447341406567904,0.09165494836070871,0.1322269131667585
Myanmar,2011,57.68,29.4854398392347,3579.4048297062623,45.347672982061795,0.87,0.564,69.3199771322654,2.06551504,5.290080983702491,-0.569472088835979,0.11787633223585277
Myanmar,2012,58.23,33.179223857355,3845.1528415367134,46.7963103868158,0.88,0.594,69.8075314320921,2.5793314,5.340588681049179,0.5310009274524962,0.14176346162854678
Myanmar,2013,58.73,35.1664986630794,4143.630127319586,48.26599113292011,0.9,0.60375,70.2923141744914,3.29410386,5.3963849802410495,0.5274369279886757,0.14168610060734255
Myanmar,2014,59.23,31.2218892689358,4376.388332812741,49.757114048727395,0.93,0.6134999999999999,70.7745876052099,4.39346027,5.49074745193444,0.7588028172418306,0.14670818370419614
Myanmar,2015,59.56,29.915053922014398,4458.690544426587,51.273119454230205,1.06,0.62325,71.2558705695299,5.47780561,5.62985745547791,0.5550535096839884,0.14228555270709936
Myanmar,2016,59.92,31.170386644554302,4459.5398142747135,52.8134142480021,1.06,0.633,71.73593809639871,5.11349964,5.78481355024311,1.068527164345981,0.15343113414990256
Myanmar,2017,59.96,28.1336717956987,4706.432489495984,54.377049254201296,1.05,0.882,72.21441986060809,5.08065701,5.95130203257975,0.6914361639727332,0.1452459070835308
Myanmar,2018,60.47,31.5559916967562,5581.276954581495,55.9632831646209,1.05,0.69,72.6910446469858,4.89992189,6.1297183774185005,1.6122114741875038,0.16523247526934498
Myanmar,2019,60.66,32.1642279603857,6101.372457657088,57.570814326889106,1.04,0.7509999999999999,73.16531733401091,4.07903337,6.31825313612298,1.6652336627144506,0.16638338752187676
Myanmar,2020,60.69,32.315034002866696,5740.990458439917,58.81552905646829,1.06,0.7509999999999999,73.6368737740023,4.38807583,6.507815681570129,2.0999446166111113,0.17581932702284941
Myanmar,2021,59.75,32.315034002866696,5178.447182171636,59.5047510339159,1.06,0.7509999999999999,74.10549387876391,5.83599281,6.68644928507264,2.678332746326954,0.18837395752193922
Namibia,2000,46.72,20.4358745389602,5128.614336446208,69.9320099057864,3.3,0.308,27.1488440827973,9.23999977,3.1449478650887204,7.487965361062271,0.2927729885740438
Namibia,2001,46.19,20.3820858449612,5196.150098361993,69.9320099057864,3.3,0.308,27.599839616314803,9.64409447,3.13796412370601,0.8904666666666666,0.14956611057836747
Namibia,2002,45.68,20.250589269470602,5433.269027238433,69.9320099057864,3.3,0.308,28.1968311809375,9.68074989,3.14057812013468,6.404631822195046,0.2692578927603878
Namibia,2003,45.4,20.0930633490459,5692.633737528717,69.9320099057864,3.3,0.308,28.8122875122617,9.91340542,3.15330643842764,6.220077702499999,0.26525191708278456
Namibia,2004,45.61,19.961186620244398,6479.763689658286,69.9320099057864,3.3,0.308,29.417825676331898,10.12623405,3.1752006351946003,5.000495928924242,0.23877938463612008
Namibia,2005,46.59,19.9066376196234,6766.599812060498,69.9320099057864,3.3,0.33366666666666667,30.0109518702615,10.08441544,3.20329973611569,4.281459163571467,0.22317180135342063
Namibia,2006,48.11,19.998465289303397,7373.758222118882,69.9320099057864,3.3,0.35933333333333334,30.592668015706803,10.57086945,3.23682938920998,5.679370414292231,0.2535151959039657
Namibia,2007,49.88,20.2560840083053,7874.931445082879,69.9320099057864,3.1,0.385,31.161835912079397,10.71633053,3.27625582086595,4.605284698583334,0.23020083554235077
Namibia,2008,51.38,20.6567204685379,8124.815178867487,69.9320099057864,2.9,0.4066,31.7185868742759,9.91801167,3.32072009754496,4.844112848273491,0.23538489624154654
Namibia,2009,52.12,21.1776013619098,8079.383922862181,69.9320099057864,2.7,0.4282,32.2603036353343,9.04967022,3.36862034082614,4.404584548023088,0.2258443902732657
Namibia,2010,52.66,21.7959533803297,8538.199953959478,69.9320099057864,2.7,0.4498,32.7891161090276,9.72781372,3.41838757556662,4.783346537733277,0.23406588823216684
Namibia,2011,53.29,23.0948112524998,9002.230045370574,69.9320099057864,2.7,0.4714,33.3028894118118,9.83193302,3.46394418366277,4.688117043239962,0.23199881414375836
Namibia,2012,53.79,22.5559756572042,9363.766323180293,69.9320099057864,2.7,0.493,33.811874489668604,9.26659298,3.49043630567734,5.194943789415444,0.24300011620785023
Namibia,2013,54.12,21.570989397079998,9699.208377786497,69.9320099057864,2.7,0.5146,34.3053246503093,9.06448746,3.50171975010072,25.344061835581762,0.6803616714604444
Namibia,2014,54.18,21.055359356350998,10365.309059678073,69.9320099057864,2.7,0.5362,34.7830478360411,8.408909800000002,3.5167010972742303,23.951712367025753,0.6501390022782245
Namibia,2015,54.12,22.11922822913,10465.892055851637,69.9320099057864,2.7,0.5578,35.243867972916,9.98109627,3.5334211206294706,27.36234345299806,0.7241709729449262
Namibia,2016,54.3,21.060414844170698,10200.139260973321,69.9320099057864,2.7,0.5794,35.68218646148,9.322323800000001,3.544524401928,27.142325602094154,0.7193952130712589
Namibia,2017,54.57,19.7391225085732,9887.939354825496,69.9320099057864,2.7,0.601,36.0971096744774,8.72573948,3.55212292064991,26.786551107573956,0.7116726871579142
Namibia,2018,54.97,19.9748546561693,9853.73533646074,69.9320099057864,2.7,0.335,36.4891060185928,8.28609943,3.56049185076086,26.33500252976325,0.7018712661820238
Namibia,2019,55.53,19.387849686490398,9609.485556728736,69.9320099057864,2.7,0.368,36.9123066913261,8.39904404,3.57099401639958,26.035353829177446,0.6953670201193749
Namibia,2020,55.72,19.9945355710926,9354.13136713077,69.9320099057864,2.7,0.41600000000000004,37.3147816708838,8.88723373,3.57521168486143,26.98157178197373,0.7159058523647717
Namibia,2021,52.82,19.9945355710926,9709.099306467706,69.9320099057864,2.7,0.467,37.6969593429633,9.33766365,3.54528788430012,23.005428638679433,0.6295987422930728
Nepal,2000,56.06,57.91037718503161,1316.8294091377427,26.805543136002697,0.21,0.052000000000000005,14.8948751074731,3.13292074,3.81572385710734,4.935774670980392,0.23737452959644195
Nepal,2001,56.72,58.2838727140248,1388.4704545580944,27.0916505205811,0.21,0.052000000000000005,17.395962704335698,3.81229901,3.85457655643132,-0.03518749999999998,0.12947364077240464
Nepal,2002,56.95,58.769277911522295,1390.4370697499799,27.3445996503812,0.21,0.10366666666666666,19.8888097263775,3.93863344,3.90519658094418,4.154971665,0.22042623358373092
Nepal,2003,57.74,59.2354499589495,1453.18365785704,27.5969755663772,0.2,0.15533333333333332,22.428948209815896,3.8560729,3.96713410653925,4.736926774708995,0.23305828980010448
Nepal,2004,58.05,59.5512460377322,1542.4494763914872,27.8487470431828,0.2,0.207,25.0160431336895,4.04629898,4.03430978985155,2.6629126772619043,0.18803924583019466
Nepal,2005,58.49,59.585523329295995,1627.8391559650283,28.099887220025302,0.26,0.244875,27.649756265180102,3.95095325,4.1205048769913795,1.8035327506799077,0.1693853404641345
Nepal,2006,58.82,58.323855130818,1717.7861177943385,28.3503651944172,0.26,0.28275,30.3297393254008,3.54402447,4.23064197600155,13.623911408025677,0.4259612948759429
Nepal,2007,59.08,55.532468799693206,1809.3237124739042,28.6002604379978,0.26,0.320625,33.0557887006794,3.67297482,4.35271235125889,16.245265441213014,0.48286102985171814
Nepal,2008,59.29,52.25120260767321,1942.1529969329972,28.8494289134237,0.26,0.35850000000000004,35.8273714281674,3.81756353,4.4799419874822695,14.92650049202864,0.45423560377270294
Nepal,2009,59.51,49.5198948265099,2028.9574075362177,29.097841901947398,0.26,0.39637500000000003,38.644119645410704,3.90179515,4.60729551570694,14.359875996496163,0.44193631751895784
Nepal,2010,59.71,48.378383727955,2139.22749384013,29.3454692018441,0.26,0.43425,41.5056568805896,4.36131525,4.73049428346421,2.3721966805604398,0.18172889516557325
Nepal,2011,59.86,57.740574483530295,2247.997429322052,29.5923834904741,0.26,0.472125,44.4117125540755,4.45220184,4.86103075483568,2.424453701,0.18286319849735913
Nepal,2012,60.05,71.4060546576235,2465.834694491314,29.838949622684,0.26,0.51,47.3622706946734,4.49078751,5.01135195078685,2.108258511158076,0.17599979039801728
Nepal,2013,60.25,71.4182305954874,2658.021968869333,28.4066669049933,0.27,0.5539999999999999,50.35650226366221,4.63012981,5.17974703584589,1.8670418462641785,0.17076388401893325
Nepal,2014,60.46,75.11797416784701,2901.1975208616914,26.949554176810697,0.27,0.6385,53.394175397633,5.07549381,5.3431636925779005,2.4161362997356326,0.18268265900454816
Nepal,2015,60.12,70.9361955250807,2957.3055914550428,25.4676486548312,0.25,0.723,56.4745599225782,5.46615553,5.482604371989,1.7713109877873552,0.1686859272044882
Nepal,2016,60.82,72.4074854195922,2976.12513681451,23.961398163928102,0.17,0.8075,59.5972467919298,5.42378998,5.625829041923901,2.554790599838384,0.18569232226605933
Nepal,2017,61.06,64.6442716077629,3604.708259497466,22.430969705176803,0.21,0.892,62.7615781748289,4.72170973,5.78746945246086,1.4594004784603478,0.16191552340089121
Nepal,2018,61.3,64.21083227917539,3956.124610944433,20.8767346480429,0.25,0.738,65.966994107957,4.52808428,5.94674321357334,2.4924790513795996,0.1843397729543878
Nepal,2019,61.53,57.2750179345088,4260.673731908505,19.2988925002444,0.29,0.8029999999999999,69.2128409973963,4.44524717,6.04820039203474,2.325106245988355,0.18070673897715955
Nepal,2020,61.1,45.72077064125939,4235.574623269048,17.697843409412698,0.28,0.846,72.4985122908231,5.2080965,6.088524550944049,2.1906635268055554,0.1777884932941747
Nepal,2021,60.2,45.72077064125939,4546.229700062891,16.0738129524168,0.39,0.867,75.8233419830013,5.32333136,6.11086985212219,3.9326711610663674,0.21560092589973787
New Zealand,2000,67.27,6.92139404317208,21500.629289809953,84.3935708730914,6.2,2.235,99.9999993417981,7.470022200000001,11.758076449084301,7.030605903115128,0.2828454352499267
New Zealand,2001,67.23,6.859586485720709,22521.040938249178,84.3935719474064,6.2,2.1830000000000003,100.0,7.578936099999999,11.827520307315801,1.4516875,0.1617481036534205
New Zealand,2002,67.39,6.7529232983427,23306.279537627735,84.39357312856359,6.2,2.126,100.0,7.90045929,11.831105546442098,7.726187188697125,0.2979438883022986
New Zealand,2003,67.7,6.63654227442674,23987.368894492352,84.39357011732591,5.658571428571428,2.1790000000000003,99.9999984462731,7.72169256,11.8224928165,7.467930182828927,0.29233810022350554
New Zealand,2004,67.8,6.545581207361571,25096.68587784854,84.39357087360601,5.117142857142857,2.1919999999999997,99.99999934240792,7.90090561,11.87567651152,7.207601483992107,0.28668734348371766
New Zealand,2005,68.36,6.5151778905358695,25677.4190803252,84.3935693258313,4.575714285714286,2.1069999999999998,99.99999750841191,8.27334881,12.0218553465394,7.458339139117856,0.2921299147444013
New Zealand,2006,68.36,6.572796297870259,27744.061719832633,85.3742870101594,4.034285714285714,2.274,100.0,8.63841629,12.2256297316556,6.3730228372919004,0.26857178060572573
New Zealand,2007,68.48,6.6922524151932095,29353.50062837229,86.3549973242601,3.492857142857143,2.299,99.999996901465,8.32904434,12.4172515320195,7.05783569521755,0.28343649160265805
New Zealand,2008,68.7,6.828212053755241,29895.645166294937,87.33571501616208,2.951428571428571,2.464,100.0,9.12382889,12.579402621975902,6.565710561496917,0.27275430624001396
New Zealand,2009,68.92,6.935341024806861,30756.223961712876,88.31642639738449,2.41,2.5810000000000004,99.9999975383469,9.62076378,12.7554071459637,7.278781444877455,0.28823239266772194
New Zealand,2010,69.19,6.96830513959859,31292.952757039213,89.2971432582876,2.75,2.6260000000000003,100.0,9.59277534,12.9832174904356,6.498348640944535,0.2712921323488248
New Zealand,2011,69.05,6.743912978999361,32738.988444560116,90.2778561370619,2.82,2.655,99.99999888588941,9.51987362,13.293413501561401,6.828765981632573,0.27846424984174123
New Zealand,2012,69.27,6.77378849107112,33054.89367510883,91.2585694286852,2.83,2.714,99.99999780854971,9.65163612,13.6932184397473,6.028577759371657,0.2610951737074421
New Zealand,2013,69.44,6.77775160923795,36262.70472826504,92.239285987318,2.78,2.824,100.0,9.36019325,14.086427677980199,5.954861175570504,0.2594950639822765
New Zealand,2014,69.3,6.5960317644140805,37331.315573244676,93.2200019221513,2.75,2.8939999999999997,100.0,9.40168381,14.3691784824307,7.404996695338397,0.2909720509550829
New Zealand,2015,69.37,6.570201642271679,37578.02761327002,94.2007153623472,2.72,3.0460000000000003,100.0,9.28344345,14.555359318287802,6.300570837891962,0.26699912025076067
New Zealand,2016,69.67,6.63410190310228,39988.925085547184,95.1814265013775,2.75,3.147,99.99999782515239,9.24379444,14.7113008693955,6.173677377705923,0.26424474058157665
New Zealand,2017,69.27,6.82907618571061,42243.50844593975,96.1621382619727,2.74,3.299,99.9999952214353,8.969878199999998,14.8685528434202,5.084719790127297,0.24060756782710377
New Zealand,2018,69.71,7.21258721355312,42527.27841033007,97.1428532133705,2.63,3.353,99.9999959549403,9.03810501,15.057886932605697,5.098925499682562,0.24091592034210327
New Zealand,2019,69.74,7.42296671535298,45278.45872267336,98.1235669248902,2.55,3.39,99.9999954101942,9.50996971,15.3016117661383,5.975803701834743,0.25994964744527765
New Zealand,2020,70.19,6.48591499675774,45513.312376834336,99.1042896753474,2.51,3.448,100.0,10.05994129,15.6207179833113,5.571982745025245,0.25118421357819104
New Zealand,2021,69.98,6.48591499675774,48248.71767298924,99.99999564077021,2.66,3.516,99.99999564077021,10.0194025,16.0465779436973,6.629645211147126,0.2741420869727227
Nicaragua,2000,65.29,25.413341644239697,2806.2593793734477,69.9320099057864,0.8999999762,0.384,85.8787353292987,5.23883677,3.5271735435205493,4.653382831920635,0.23124486508016726
Nicaragua,2001,65.27,25.322610768765397,2916.551683237608,69.9320099057864,0.8999999762,0.384,85.8787353292987,5.48459768,3.6557959442394306,0.4848125,0.1407608846215031
Nicaragua,2002,65.18,25.1714026036055,2948.2297984788306,69.9320099057864,0.8999999762,0.384,85.8787353292987,5.73315859,3.7904743762972903,5.661727708519198,0.2531322391304693
Nicaragua,2003,65.14,24.9663582365381,3046.1086825848997,69.9320099057864,0.8999999762,0.384,85.8787353292987,6.08317614,3.92913901622992,5.273330891079846,0.24470160530613905
Nicaragua,2004,65.22,24.714118755341,3255.485158599242,69.9320099057864,0.9,0.441,85.8787353292987,6.05740356,4.06911817124183,4.406191173514591,0.2258792640688364
Nicaragua,2005,65.12,24.4213252477922,3455.992736670071,69.9320099057864,0.81,0.498,85.8787353292987,6.22468948,4.1942076958233,4.316993002161617,0.22394310731700046
Nicaragua,2006,65.88,23.8278599348014,3657.9674969149437,69.9320099057864,0.79,0.491,85.8787353292987,6.35756445,4.26579930023969,16.080173759080058,0.4792775104792325
Nicaragua,2007,65.68,22.862202398137,3891.499849723453,69.9320099057864,0.88,0.525,85.8787353292987,6.95643044,4.29922742188881,3.913770195987879,0.215190657050076
Nicaragua,2008,65.65,21.813889766865103,4044.3761218428294,69.9320099057864,0.87,0.6459999999999999,85.8787353292987,7.16700697,4.332143299681371,14.524467811987705,0.445508986667071
Nicaragua,2009,65.82,20.9724591700519,3879.669881903968,69.9320099057864,0.88,0.7,85.8787353292987,7.68584394,4.36376898423629,3.512407345156178,0.2064785794167938
Nicaragua,2010,66.21,20.6274477367636,4042.220712765174,69.9320099057864,0.88,0.7240000000000001,85.8787353292987,7.71019173,4.39405136428204,3.435554639906458,0.20481039629253137
Nicaragua,2011,66.13,23.0111273786789,4324.710072442374,69.9320099057864,0.9,0.8079999999999999,85.8787353292987,7.44982004,4.42338450032488,12.07926948667673,0.39243292944170155
Nicaragua,2012,66.22,20.415804406594,4507.943028666958,69.9320099057864,0.89,0.8540000000000001,85.8787353292987,7.48836899,4.458188905080269,3.098409043372463,0.19749223367574492
Nicaragua,2013,66.39,22.190051857194,4710.572431585126,69.9320099057864,0.93,0.89,85.8787353292987,7.63869238,4.510678711654349,2.8471262944565896,0.19203783047942716
Nicaragua,2014,66.59,20.337626285854,5067.7463901868705,69.9320099057864,0.94,0.885,85.8787353292987,7.97716141,4.59283590853132,3.5165582776443705,0.2065686805460157
Nicaragua,2015,67.15,20.810039457555398,5448.892260103172,69.9320099057864,0.9,0.92,85.8787353292987,7.96303272,4.6954695054832,2.624645693938708,0.18720861357608257
Nicaragua,2016,66.93,19.6627564192395,5882.36645219746,69.9320099057864,0.89,0.941,85.8787353292987,8.04877567,4.79981638674496,4.146272537192308,0.2202374082436542
Nicaragua,2017,67.37,19.1972180629137,6225.3470257484605,69.9320099057864,0.89,0.975,85.8787353292987,8.32754421,4.901767770861469,2.5482196598185336,0.18554969187697887
Nicaragua,2018,67.33,17.5246038706428,5935.166936313859,69.9320099057864,0.92,0.664,85.8787353292987,8.4993515,5.00772646591918,2.406527965457907,0.18247409821228597
Nicaragua,2019,67.68,14.984348459944501,5981.108764314666,69.9320099057864,0.96,0.664,85.8787353292987,8.50037098,5.1154695567640305,3.6531267544613897,0.20953306843050346
Nicaragua,2020,64.81,16.809772538789,6274.094567413876,69.9320099057864,0.94,0.664,85.8787353292987,8.58996105,5.16069643473754,3.4301109368095246,0.20469223397657527
Nicaragua,2021,64.61,16.809772538789,7119.169233600417,69.9320099057864,0.9,0.664,85.8787353292987,9.59249973,5.16394845186592,4.55034857859242,0.22900837903761853
Nigeria,2000,46.63,67.6048124955521,3138.9913891040123,12.6118684736768,1.2,0.26899999999999996,27.994636863035304,3.1973834,3.03726044526388,3.2786732673809524,0.20140509185584554
Nigeria,2001,47.01,66.48619526898001,3308.506114795433,12.9765151866213,1.025,0.26666666666666666,28.033907469008604,3.18946862,3.02937309634608,0.5109333333333334,0.14132786965107036
Nigeria,2002,47.46,63.7295341048324,3770.1793488181975,13.788580149342598,0.85,0.2643333333333333,28.686348538575302,2.49063969,3.02336171458178,3.2090263700282606,0.19989331971401292
Nigeria,2003,48.03,60.2336147764619,4014.8669535493573,14.6250844549253,0.675,0.262,29.3592592810807,5.05360985,3.01958829955351,3.484479654746032,0.20587237431717564
Nigeria,2004,48.58,56.8972230572213,4381.136828251166,15.4862444164851,0.5,0.27049999999999996,30.053264298702,4.63368416,3.01684967241445,2.7835113396581894,0.19065698911931386
Nigeria,2005,49.21,54.6191447204634,4678.091632451733,16.3721207168181,0.5,0.27899999999999997,30.7689136757313,4.46591949,3.01410100833278,2.0292388039005997,0.1742845698120567
Nigeria,2006,49.77,53.1631058103829,4975.269793149666,17.283138886882,0.5,0.344,31.5068491941473,4.25775146,3.01149067708539,17.02844506732989,0.49986091334715455
Nigeria,2007,50.35,51.7869922895432,5297.970295032849,18.219607834317998,0.5,0.373,32.267692112954805,3.90997243,3.01012523476883,13.585418029568615,0.4251257484351343
Nigeria,2008,50.89,50.6308298088503,5607.008401507575,19.181841065970303,0.5,0.371,33.0520750926105,3.69581532,3.01060603351322,14.631316843289522,0.4478282771888855
Nigeria,2009,51.41,49.8346440192099,5927.461117686347,20.169506865339603,0.5,0.373,33.8602860424374,3.5801971,3.0124320559307702,2.5465437987878787,0.1855133152383054
Nigeria,2010,51.86,49.538460571528205,6301.183725447909,21.1833429660027,0.5,0.37375,34.693134681342805,3.29653287,3.01437051148517,13.53225937802431,0.4239718740838462
Nigeria,2011,52.23,55.0630390979346,6585.361932710349,22.221534947326496,0.5,0.3745,35.5499413895312,3.32077932,3.01413037219906,2.1147764770966404,0.17614127091907245
Nigeria,2012,52.63,59.3321391307662,6670.838262436268,23.1894232525249,0.5,0.37525,36.4309338253294,3.35984254,3.0096584589573903,2.5768191687733544,0.18617047962993566
Nigeria,2013,52.99,48.1407324958574,7004.131195544767,23.7745364291365,0.5,0.376,37.336075192704705,3.4206934,2.9978084494852597,14.475982384981236,0.4444565504406293
Nigeria,2014,53.29,48.1823551711454,7396.128355329472,24.357494710282303,0.5,0.3983333333333333,38.26551037672429,3.34840417,2.9814889612342403,12.81110029351124,0.40831822323597766
Nigeria,2015,53.6,77.1229282609024,7307.837881889245,24.938131738703103,0.5,0.42066666666666663,39.2193808312227,3.58194995,2.9702843751295096,18.111024387211536,0.5233596379038762
Nigeria,2016,53.89,65.4340626973271,7072.496933723108,25.5157846559378,0.5,0.44299999999999995,40.1973286058844,3.64773679,2.9652917950284396,20.071797487783762,0.5659206458248599
Nigeria,2017,54.17,63.20530512908421,7036.674143723873,26.0906521867092,0.5,0.4095,41.1997192224782,3.74762511,2.9634376124888395,18.014601999551992,0.5212666705922886
Nigeria,2018,54.47,57.023199064238206,7158.171075717809,26.6622783450024,0.5,0.376,42.2262627362671,3.09069347,2.9664852871934504,15.348106187262402,0.4633870774078417
Nigeria,2019,54.81,51.7218388551219,7551.393803671917,27.2303909603019,0.5,0.36700000000000005,43.27675227636271,2.98547053,2.97488504235954,14.379619252522332,0.4423648693365396
Nigeria,2020,54.54,56.53132872892571,7414.774955404803,27.7949019396912,0.5,0.381,44.351147224771395,3.38063431,2.9813113814400296,16.9329710350323,0.4977885312629245
Nigeria,2021,54.95,56.53132872892571,7588.47885596359,28.355572087098498,0.5,0.395,45.449155956879395,4.07625723,2.9903390088632404,14.283358512704572,0.4402754107915057
North Macedonia,2000,63.9,38.4097368734453,6152.588261183098,80.37549086191521,5.03,2.186,88.6499475814466,8.86991501,9.76010479996986,-0.3785063561293313,0.1220214799125483
North Macedonia,2001,64.13,38.3465283909884,6051.691015174324,80.35357641172321,4.89,2.1719999999999997,88.62522354017919,8.3815918,9.98344384482222,0.24400000000000005,0.13553375114186653
North Macedonia,2002,63.91,38.3051379529426,6395.193474762888,80.3316622965576,4.73,2.215,88.60049986710631,8.97826958,10.1740481006361,3.915147730651083,0.21522055814556476
North Macedonia,2003,64.18,38.2684224047552,6609.043278199636,80.3097459238797,4.7,2.148,88.57577368840349,9.00857735,10.320426864276198,4.771493051325052,0.23380859363302917
North Macedonia,2004,64.5,38.219238591873605,7230.3950499008315,80.2877294956824,4.67,2.1630000000000003,88.5509345256761,8.46505451,10.474625829197599,4.9442900567666666,0.2375593665884397
North Macedonia,2005,64.61,38.140443359745205,7972.3107703440955,80.2905677303345,4.6,2.113,89.1441375585342,7.67907524,10.6415833236235,3.1662836543032435,0.19896553614639567
North Macedonia,2006,64.68,37.6787626551004,8890.33979540059,80.2967067415485,4.54,2.492,89.7448433584085,7.38314581,10.8205977983308,4.666665776703704,0.2315331878432454
North Macedonia,2007,64.58,36.7214569855729,9639.005487598346,80.30609060140709,4.48,2.425,90.3525986106097,6.57065344,11.0189522241413,4.352956501957913,0.2247237396090539
North Macedonia,2008,65.09,35.6121850379648,10924.327671310166,80.3186807833524,4.46,2.571,90.96696266579501,6.55317593,11.2262740519037,21.488397678145617,0.5966697069504243
North Macedonia,2009,65.31,34.6946054990783,11526.1244817859,80.3345339145344,4.39,2.5669999999999997,91.5875725774437,6.52846384,11.429325023773401,23.618805527055553,0.6429128471209622
North Macedonia,2010,65.51,34.3123770557157,11993.531514520213,80.3535003936893,4.51,2.6460000000000004,92.21386227980742,6.71369696,11.614083319319198,4.623418672971029,0.23059445590940317
North Macedonia,2011,65.63,40.0646898780776,12420.831671823711,80.3756344856881,4.42,2.694,92.8454434778871,6.51887369,11.8089652480304,23.111120173664922,0.6318929079241626
North Macedonia,2012,65.63,35.842443518476294,12725.925831398636,80.4007922764846,4.32,2.741,93.4817519077294,6.61468363,12.0723567464621,4.558399857573386,0.22918314201676332
North Macedonia,2013,65.99,32.716910253910896,13662.81058270067,80.42902416049621,4.37,2.761,94.1223717416181,6.71928358,12.458575061591,1.5361948467713398,0.16358244024966745
North Macedonia,2014,65.89,33.77753493141589,14485.124260876335,80.46028915667841,4.32,2.867,94.7668041558134,6.28993368,12.9263524713146,4.54337943308205,0.2288571051053197
North Macedonia,2015,65.96,31.872477606060702,15038.185954311868,80.4943383528917,4.31,2.8339999999999996,95.4144114282649,6.34227896,13.4042646662284,4.544309091504668,0.22887728449245906
North Macedonia,2016,66.13,30.0799243464009,16457.19423862028,80.5313250603617,4.29,2.943,96.06481715780309,6.37943363,13.9040754168431,5.5025751363771045,0.24967763549397112
North Macedonia,2017,66.47,30.464509400531302,17160.88943551873,80.571104214333,4.2,2.945,96.7174458342857,6.43909454,14.458066282871401,5.064940735739424,0.24017823896175663
North Macedonia,2018,66.83,31.004530357328402,18460.1193633742,80.4971583197386,4.14,3.011,97.32968143373328,6.45699358,15.0850497869881,6.1667886145169195,0.2640952114470902
North Macedonia,2019,66.65,25.8786881284068,20222.19720286463,80.5429899621517,4.19,3.0589999999999997,97.8791697296938,7.06654119,15.7588026396984,5.276080546612843,0.2447612899840274
North Macedonia,2020,65.09,26.118651401474,19962.16860666232,80.5914632613893,4.22,2.964,98.4277706026568,7.73212385,16.3463390126845,6.053077952680672,0.26162698073865154
North Macedonia,2021,63.71,26.118651401474,22144.24618828577,80.64263447863891,4.22,2.964,98.9748195551065,8.5240345,16.724393369915,6.895463537994052,0.27991200288557005
Norway,2000,67.83,10.4740973033701,36986.49419846388,99.67802088508971,3.8,3.38,98.07194142002452,7.70270586,15.161092501737402,5.925631961702422,0.25886060770449476
Norway,2001,68.01,10.187945533155698,37833.480410732445,99.67801904464159,3.82,3.54,98.07086561887171,8.00972462,15.0048176013375,1.4518125000000002,0.1617508169331919
Norway,2002,68.13,9.77123127954717,38056.24042781063,99.678020269393,4.99,3.218,98.06980182405458,8.98267078,14.8654014729792,6.677883138584494,0.27518915091457025
Norway,2003,68.54,9.30851275504977,38684.70968250986,99.6500391376258,4.99,3.23,98.0687468260808,9.19355106,14.761727520659198,6.5882796041233975,0.2732441952545635
Norway,2004,68.86,8.884348172168679,42672.93753489355,99.6220621412154,5.24,3.4,98.0678039009157,8.79598331,14.720217869360098,6.47445883402032,0.2707735745098604
Norway,2005,69.05,8.58329574340912,47966.8640112608,99.59408263372391,5.16,3.563,98.0669754884968,8.29899502,14.7079766841642,6.797209288545787,0.27777927274569947
Norway,2006,69.23,8.3718056211126,54369.1766461345,99.56610603177391,5.03,3.7310000000000003,98.06615295632922,7.882299900000001,14.674141839899399,6.052632457303477,0.2616173107098899
Norway,2007,69.31,8.17307019719305,56181.304566685714,99.53812413256901,4.86,3.844,98.0652982043914,8.01673985,14.6388412851109,6.978675552701043,0.28171822269551733
Norway,2008,69.42,8.00676104351433,62072.753985490905,99.510142552345,4.63,3.955,98.06441975622009,7.91507673,14.659599282817199,6.099612798230863,0.26263707717943063
Norway,2009,69.62,7.89254973194028,55618.63376418356,99.4821641742523,4.52,4.048,98.0635534703238,9.03254128,14.7801365710407,6.812314587431244,0.2781071519609565
Norway,2010,69.74,7.85010783433474,58219.61434635231,99.45418636388858,4.3,4.114,98.06269375214899,8.858115199999999,14.980276783628799,6.25094080406021,0.2659218389159569
Norway,2011,69.84,8.65989791417676,62460.090815700234,99.4262054232135,4.19,4.188,98.06163293278851,8.73474026,15.244445350747302,6.399880041593526,0.26915474947891327
Norway,2012,70.13,7.30698815670179,65774.35207462238,99.3982297830925,3.97,4.231,98.060379335627,8.72188568,15.527480306448698,5.735630655722747,0.25473639410403376
Norway,2013,70.33,7.02749190738719,67377.92622587722,99.3702485826898,3.86,4.305,98.05914126874849,8.87431335,15.778914473454302,6.035932319439948,0.26125481353992985
Norway,2014,70.68,7.09267324687363,66332.46143741977,99.34227177470501,3.84,4.428999999999999,98.0579255402038,9.28297901,16.0283762490523,7.10207743575071,0.2843968133597856
Norway,2015,70.85,6.752142278462571,60754.18169163768,99.31428870469179,3.76,4.4510000000000005,98.0567246248415,10.06992245,16.274773973649303,6.041686375700992,0.26137971245558345
Norway,2016,70.91,6.23059189808068,59280.19920288285,99.28631031046619,3.68,4.581,98.0555433258963,10.53049755,16.5172709689852,5.917799418083367,0.2586905926472121
Norway,2017,71.04,6.521558082181281,64589.555919686296,99.2583363937851,3.6,4.735,98.0543904284695,10.22983646,16.781242049517697,4.929520809804934,0.23723878179627697
Norway,2018,71.06,6.696077525093941,70253.84636933861,99.23035635639691,3.53,4.857,98.053258505645,9.96037865,17.0853969570307,4.940531116374234,0.23747777413300972
Norway,2019,71.18,6.381224463385769,70939.60551803598,99.20237208333799,3.47,4.968,98.05214939995929,10.43807507,17.3948556308139,6.1026107411018256,0.26270215124141183
Norway,2020,71.2,6.055897246734429,67110.60457055019,99.17439874150841,3.4,5.086,98.0510810985992,11.42416382,17.7281839266957,5.792663736876051,0.2559743677471929
Norway,2021,71.16,6.055897246734429,88984.1386736515,99.1464132132181,3.4,5.167999999999999,98.0500277378087,9.814264300000001,18.0740226148213,6.829437132320346,0.2784788179984189
Oman,2000,62.54,46.856337239182,39443.26073982567,83.8983284558413,1.93,1.39,89.15584419289249,2.68485427,2.53342105833954,4.581567185829575,0.22968601756168583
Oman,2001,62.92,46.909311061163905,41679.01509050579,83.89375062702491,1.89,1.431,89.1527859645842,2.70073724,2.5396964873862498,0.261375,0.1359108970300936
Oman,2002,63.12,46.942912732487,41511.02852580796,83.8891748203496,1.85,1.4709999999999999,89.9116284921649,2.77737164,2.53005756393336,4.902870420413533,0.23666030209678818
Oman,2003,63.33,46.95626142006039,40934.69571582451,83.884594414468,1.85,1.5319999999999998,90.6708884910228,2.77524447,2.51155398172135,5.212107237809524,0.24337267010653368
Oman,2004,63.61,46.9484762907932,42141.636896515585,83.9573780453171,1.82,1.568,91.47156253972521,2.59660101,2.52272414454132,5.834223624833333,0.256876476573568
Oman,2005,63.78,46.9186765115943,43672.52031830671,84.3256642896651,1.81,1.663,92.29376382726922,2.26479053,2.55721801998697,5.564120530523809,0.2510135544776687
Oman,2006,63.87,46.4375473768157,46091.182235184606,84.6906189251478,1.78,1.788,93.1032818281143,2.01985121,2.5833119598217698,5.774863604287878,0.2555879938297525
Oman,2007,63.83,45.3496773973946,48626.92204198543,85.0520441699242,1.74,1.8840000000000001,93.9002107979075,2.11371112,2.6020222755346496,5.50840953939394,0.24980427843544217
Oman,2008,63.82,44.06504056511871,52841.18895231432,85.40998589495359,1.74,1.959,94.68478370736891,1.75567567,2.61879842179546,5.38406927199495,0.2471053189769912
Oman,2009,63.64,42.9936108717757,55127.467772176366,85.7640306110898,1.72,2.062,95.4570743657186,2.4694581,2.63756030095442,5.076640815479798,0.24043220367922494
Oman,2010,63.65,42.5453623091529,55667.468777864364,86.11466237835121,1.63,2.0340000000000003,96.2174842174493,2.47588587,2.65354244471152,5.127450276991029,0.24153508595214537
Oman,2011,63.85,49.248162256159404,52393.31358202932,86.56857619424049,1.46,1.973,96.9895887554529,2.23611403,2.64903406599728,4.745328765434342,0.2332406654119023
Oman,2012,64.19,52.3107821072608,49989.442509399385,87.09616426833608,1.32,1.995,97.7533977258664,2.27702832,2.62735348582104,4.8280614211148745,0.23503648014065165
Oman,2013,64.46,47.6490783670685,47013.473093438515,87.6055359989164,1.26,2.01,98.4864188461934,2.5054008999999997,2.5774059035768397,5.180691427575757,0.24269075104725385
Oman,2014,64.51,41.256352667596005,44235.833632933405,88.09871799939421,1.22,2.158,99.0454609162921,3.13740134,2.56383670057183,5.132376064754902,0.24164200627452948
Oman,2015,64.43,47.918995049970505,36058.1666084788,88.5753591116236,1.19,2.127,99.3190102957444,4.07826233,2.57491526071741,5.296200431646826,0.2451980170005551
Oman,2016,64.42,45.4803385490064,33333.8635893722,89.03638467302342,1.14,1.96,99.3192950863755,4.17580843,2.55013946528911,3.7208543861694694,0.21100318053514003
Oman,2017,64.74,48.7046852088573,33619.498898260696,89.4748666158554,1.11,2.011,99.3195652935256,3.95418668,2.5501848912697,4.286592702666667,0.2232832311756829
Oman,2018,65.32,49.625052898457206,37780.33083272706,89.89309961308331,1.09,2.103,99.31980917951859,3.21469474,2.5835616542632995,5.09600958920635,0.24085262689482032
Oman,2019,65.53,44.8977643665473,37250.61107883588,90.2677608803701,1.1,2.086,99.3200354455114,3.80648994,2.6107429342088597,4.317273618714286,0.2239491984467275
Oman,2020,64.4,39.5835768902765,35163.32817814155,90.5571630402907,1.16,1.994,99.32024846850099,5.11922884,2.60702247088527,4.325218787571428,0.2241216581742522
Oman,2021,63.19,39.5835768902765,38719.45876820488,90.7106522109987,1.16,1.9969999999999999,99.32044026998122,4.37028217,2.6159646291105,6.135620010349205,0.2634186583015575
Pakistan,2000,53.19,59.1634156257704,2565.199588151414,42.5792292071787,0.5,0.595,36.382044488126205,2.48079324,3.47834412663736,4.288886721142857,0.22333302568709656
Pakistan,2001,53.42,59.2619346333226,2643.766275071867,42.693051429350206,0.5,0.605,36.4704767337174,2.33959723,3.48784853720962,-0.040166666666666656,0.12936556179484318
Pakistan,2002,53.63,59.3494608897258,2687.829936199274,42.806430473647794,0.49,0.6306666666666667,36.5597990039308,2.42219901,3.50469191758336,4.250410217142856,0.22249784552727192
Pakistan,2003,53.82,59.3699841751069,2821.731370230449,42.9192965248607,0.48,0.6563333333333333,36.64912353322671,2.10399199,3.524728477454,3.1135622400327807,0.19782115257151098
Pakistan,2004,54.07,59.2674942695927,3048.3570912287623,43.031681876136595,0.48,0.682,38.353326835051206,2.03666282,3.5446367478953302,2.39993215958634,0.18233092807910578
Pakistan,2005,53.7,58.9859809533101,3292.602232695377,43.1435522186286,0.47,0.725,40.051948707326005,2.37323904,3.56645421924093,2.8708491278846147,0.19255276395191495
Pakistan,2006,54.57,57.4454012873738,3514.8136524113715,43.2549343040113,0.47,0.714,41.87120785504529,2.73132491,3.59034640454236,15.891591543882914,0.47518410000128386
Pakistan,2007,54.83,54.3352703751572,3672.1852745886094,43.3658253306534,0.46,0.703,43.6965924516825,2.62370729,3.6121257576439905,16.831580482465746,0.49558772378059085
Pakistan,2008,55.05,50.7539150601749,3721.332935616219,43.476195672843396,0.45,0.721,45.52761086504311,2.56806731,3.634947357247,16.671996679828602,0.49212375975226036
Pakistan,2009,55.27,47.7996621859414,3777.090986290509,43.58604672109071,0.44,0.7340000000000001,47.36419827208079,2.49995875,3.66199682313504,2.2274578387810413,0.17858715939326533
Pakistan,2010,55.45,46.5708385959715,3785.7011353059493,43.695400684781,0.44,0.745,49.206635367577896,2.42967653,3.69129626483307,14.762476755704261,0.4506752654862924
Pakistan,2011,55.77,55.754979166674005,3879.597769344898,43.804252136201896,0.44,0.767,51.054808267021706,2.23121333,3.7247485091914503,2.05734922325736,0.17489474126971083
Pakistan,2012,56.0,66.8719540673752,4046.5984876631123,43.9125979462166,0.46,0.7959999999999999,52.908609686661904,2.22185278,3.76068938152991,1.972249497710625,0.1730475463586775
Pakistan,2013,56.24,68.5813248667094,4173.938585687575,44.0203991690231,0.48,0.8170000000000001,54.7673079838163,2.4164784,3.7899463291729303,1.8799704258650451,0.17104451484696684
Pakistan,2014,56.48,71.71217010334621,4312.990700407763,44.127690372085105,0.48,0.841,56.63146361704229,2.48899078,3.8053442941647404,2.5098304256190778,0.18471640601623002
Pakistan,2015,56.74,68.0068767608943,4480.26313460985,44.23447388073011,0.48,0.8759999999999999,58.5009708232225,2.49493265,3.8209194074215196,1.9621894358417127,0.17282918025973243
Pakistan,2016,57.02,68.5228297189002,4630.731506837398,44.3407371870023,0.5,0.917,60.375704965847596,2.57026362,3.85041862791259,2.6382929818543324,0.187504844857972
Pakistan,2017,57.28,61.7967274713574,4789.536465575527,44.446470018883296,0.52,0.961,62.255308994657796,2.7863008999999996,3.8888653689552903,1.804796051261798,0.16941276196744698
Pakistan,2018,57.56,62.3894976390133,4979.373496165502,44.5518700730857,0.51,0.9470000000000001,64.1435342442995,2.82844949,3.9328154302784504,2.232122876538727,0.17868841981391193
Pakistan,2019,57.8,52.8571976958305,5037.5340155974545,44.6568907220033,0.51,1.084,66.0398368746477,2.84736943,3.98447495645256,3.0102125097895263,0.1955778187119068
Pakistan,2020,56.87,42.99817342498779,5048.0213062962985,44.7614606090532,0.51,1.084,67.9433820948755,2.95273018,4.02265777208311,2.9329126017777782,0.1938999284979809
Pakistan,2021,56.89,42.99817342498779,5367.273647147621,44.8655201766001,0.51,1.084,69.85333767265571,2.99015832,4.05217393000066,3.969118838660795,0.21639206787039483
Panama,2000,66.25,19.0802656518594,8097.295780079652,69.9320099057864,2.32,1.256,62.561296493223495,6.98486614,4.94600577969109,6.763635815174604,0.2770505189364653
Panama,2001,66.21,18.963487297176897,8197.15760528353,69.9320099057864,2.24,1.256,63.300048397865,6.91849852,5.04279717801043,0.8621875,0.1489522762514137
Panama,2002,66.36,18.7165070963527,8370.303375319174,69.9320099057864,2.2,1.347,64.3589021380052,7.05643845,5.14905040800883,6.910843620030303,0.2802458466093437
Panama,2003,66.28,18.3823010749667,8800.566631315669,69.9320099057864,2.17,1.3519999999999999,65.42274942631761,6.71176672,5.265585033828059,6.120630243348486,0.2630932868489069
Panama,2004,66.51,18.0038452585985,9591.60288710752,69.9320099057864,2.1,1.3319999999999999,66.4912909784567,7.08192825,5.389808451120981,5.210376588953535,0.24333510423027463
Panama,2005,66.48,17.624115672827802,10511.022024159069,69.9320099057864,1.99,1.358,67.56453058423621,6.20666599,5.52102602289056,4.888431275324676,0.23634688257449885
Panama,2006,66.65,17.130398873231,11684.555023096398,69.9320099057864,2.06,1.358,68.6424595699143,6.54604864,5.66056631588897,4.931002310714466,0.2372709396078703
Panama,2007,66.85,16.4824078207149,13332.86609350168,69.9320099057864,2.09,1.3119999999999998,69.7247974616696,7.35227633,5.80638780040087,4.8183605176999995,0.2348259100206512
Panama,2008,66.81,15.831758148855698,14705.371431495469,69.9320099057864,2.21,1.389,70.8121135731026,6.80452538,5.958681655698941,5.0692411970623885,0.24027158579947958
Panama,2009,66.93,15.3300654912291,14765.738018857168,69.9320099057864,2.27,1.317,71.9041216278813,6.9857955,6.11895866350988,4.914187171955556,0.23690594620108524
Panama,2010,66.83,15.128945481411199,15572.578698532257,69.9320099057864,2.14,1.413,73.00053740551459,7.22332573,6.285098531501,4.992301951304812,0.23860152420634212
Panama,2011,67.18,15.8945138063768,17473.765116548864,69.9320099057864,2.07,1.505,74.1041771182907,6.83196259,6.4553461353573605,4.656647948311112,0.23131573847419612
Panama,2012,67.14,14.677671691733101,19473.251491839008,69.9320099057864,2.13,1.605,75.2147165198156,6.50450659,6.62988988112141,5.202128312016574,0.24315606516657778
Panama,2013,67.31,15.388413043577799,21923.675084334063,69.9320099057864,2.13,1.588,76.3321222229942,6.52210426,6.8083808205280105,5.1184751889831865,0.2413402705542384
Panama,2014,67.39,14.855407419923502,24376.08085996041,69.9320099057864,2.05,1.5845,77.45663523009719,6.91532087,6.99880437311421,5.535099705947848,0.2503836215474941
Panama,2015,67.68,14.770618790164699,27245.27884026313,69.9320099057864,2.09,1.581,78.5876693762409,6.93698502,7.197954967311519,5.054288125781706,0.23994701087286802
Panama,2016,67.77,13.872449897329302,30276.708849619466,69.9320099057864,2.06,1.574,79.72518292351259,7.09378099,7.3985753346323095,5.785318035972935,0.2558149202138544
Panama,2017,67.84,13.844753026596,33533.32602164997,69.9320099057864,2.15,1.59,80.8694181421993,7.16492653,7.60642319638852,4.697663368118816,0.23220602894523978
Panama,2018,68.08,13.2136956449094,32463.5403500842,69.9320099057864,1.96,1.61,82.0200768210799,7.60132933,7.829088809474309,5.552066409548843,0.2507519048568399
Panama,2019,68.31,11.8842931085395,33239.73322761856,69.9320099057864,1.94,1.6380000000000001,83.1771159799322,8.13541794,8.06954352497892,5.273392846130525,0.244702950117225
Panama,2020,66.88,11.4700607490209,27017.003379090605,69.9320099057864,1.92,1.629,84.3402384762944,10.21630001,8.29341612354804,5.915105597555556,0.2586321199372446
Panama,2021,66.74,11.4700607490209,30932.762780914454,69.9320099057864,1.92,1.734,85.5096832210543,9.13571072,8.50886165961516,6.849488334397347,0.278914054166324
Papua New Guinea,2000,55.57,17.9637498545198,2195.957832932056,69.9320099057864,0.17,0.05,16.2164700300816,2.0184176,2.51492510425427,5.821010137468671,0.25658966146975665
Papua New Guinea,2001,55.61,17.7519770309355,2167.7588861360555,69.9320099057864,0.17,0.049625,16.2062854132542,2.3006382000000003,2.5396812096426697,0.26331249999999995,0.13595295286655057
Papua New Guinea,2002,55.69,17.2763506725535,2125.387201316435,69.9320099057864,0.17,0.04925,16.197953472063,2.77562952,2.56751198745916,1.447014322857143,0.16164666655734075
Papua New Guinea,2003,55.81,16.7159212631198,2141.94088709085,69.9320099057864,0.17,0.048875,16.1896215101361,2.4531486,2.5913631244430695,0.9791824880701755,0.15149179732731838
Papua New Guinea,2004,55.88,16.2497392863798,2186.540081556692,69.9320099057864,0.17,0.0485,16.1808266451098,2.59372902,2.61185886753894,2.1055921262619046,0.1759419132124045
Papua New Guinea,2005,55.95,16.0568552260794,2321.909162494333,69.9320099057864,0.17,0.048125,16.6059135071294,2.44874048,2.62947518362032,2.043881123809524,0.17460239949538076
Papua New Guinea,2006,56.03,16.1763663311866,2443.802252423414,69.9320099057864,0.17,0.04775,17.0313208013981,2.42600322,2.64505640423728,1.969228762952381,0.1729819775705626
Papua New Guinea,2007,56.28,16.4575528114311,2622.3746872807737,69.9320099057864,0.17,0.047375,17.457049995041803,2.42102122,2.66007950633492,2.1685851164444445,0.17730925406043177
Papua New Guinea,2008,56.51,16.7947395917014,2583.480943318819,69.9320099057864,0.17,0.047,17.883099933647898,2.13526058,2.67563636176325,3.368602043187258,0.2033571072819545
Papua New Guinea,2009,56.73,17.082251596886,2692.435092619688,69.9320099057864,0.17,0.0485,18.2486172804539,2.32937527,2.69266413895587,3.3843083343236713,0.20369803177814996
Papua New Guinea,2010,56.94,17.214413751873302,2911.892031896903,69.9320099057864,0.17,0.05,18.6101507749501,2.10756016,2.71175576467117,3.288203294019324,0.20161195288383726
Papua New Guinea,2011,57.08,16.4633105206394,2918.5439177754356,69.9320099057864,0.17,0.051875000000000004,18.967297828034802,2.29397798,2.7331663474289103,3.4578489741545892,0.20529432242159285
Papua New Guinea,2012,57.21,16.468336508360903,3025.855995907953,69.9320099057864,0.17,0.053750000000000006,19.3208666166654,2.66693544,2.75529333443875,3.1892391040222963,0.19946381260532772
Papua New Guinea,2013,57.48,16.4981287099923,3109.8953723811314,69.9320099057864,0.17,0.055625,19.6757982283776,2.99727893,2.77963878606923,2.8041926699747477,0.19110590300086527
Papua New Guinea,2014,57.72,16.3724587034254,3499.548467555505,69.9320099057864,0.17,0.0575,20.031727397069602,3.27119064,2.8085018714859404,3.6894232176739927,0.2103209281057736
Papua New Guinea,2015,57.94,16.8683385698187,3669.738715926947,69.9320099057864,0.17,0.059375000000000004,20.3882856738352,1.81881714,2.8445385157869305,2.4142715545277773,0.18264218240093757
Papua New Guinea,2016,58.09,16.1543562654462,3812.710351007983,69.9320099057864,0.17,0.06125,20.745116008719002,2.33063054,2.8879955209478503,3.2904582942843135,0.20166090045666557
Papua New Guinea,2017,58.25,15.9304225286163,3923.171976804667,69.9320099057864,0.17,0.063125,21.101860969939498,2.22970986,2.93653337493684,2.222888646380952,0.17848797941477826
Papua New Guinea,2018,58.34,16.9173285412659,3909.915729755379,69.9320099057864,0.17,0.065,21.4585108450562,2.30051899,2.99107558895945,2.9212628865486465,0.19364705700458903
Papua New Guinea,2019,58.47,16.8882962616477,4059.8286020748656,69.9320099057864,0.17,0.061,21.8143659983838,2.3253386000000003,3.0506732743539704,3.272289292633053,0.20126651977948778
Papua New Guinea,2020,58.22,17.3105425567239,3899.577192368509,69.9320099057864,0.17,0.062,22.169086312378003,2.30193973,3.1105584389896803,2.5330667565793648,0.18522077935028214
Papua New Guinea,2021,57.48,17.3105425567239,3976.903801169556,69.9320099057864,0.17,0.063,22.5229636359759,2.33994722,3.17095573548352,4.498566751196581,0.2278843903592171
Paraguay,2000,64.41,13.555186049266,6937.176719755295,49.8514492982787,0.78,1.17,70.767087190756,6.01865244,3.99281063536637,4.450453881015873,0.22684004093996774
Paraguay,2001,64.65,13.4456009940226,6916.493307501595,50.7157296515242,0.77,1.186,72.05023851654279,5.60815811,4.03485058568469,0.4486875,0.13997674676756333
Paraguay,2002,64.75,13.227414270083498,6924.183349276439,51.568085692811,0.83,1.202,73.3060100380697,4.75770569,4.09801479778489,4.103487650876624,0.21930870931115212
Paraguay,2003,64.69,12.966481503164001,7275.933160089906,52.3149792602456,0.81,1.2203,74.4672620916261,4.90703917,4.18033707902084,4.372635804787879,0.22515090324332718
Paraguay,2004,64.38,12.728658318979098,7685.658147899717,53.0375571369897,0.78,1.2386,75.6031403142363,4.93224335,4.27287572071023,4.009175285385392,0.2172615426432967
Paraguay,2005,64.62,12.5798003432443,8006.7097816731,53.75416776386479,0.81,1.2569,76.728771501701,4.82934713,4.37008555464413,3.5132027134249086,0.2064958438698688
Paraguay,2006,64.6,12.498151104732699,8560.739251354638,54.4644719644046,0.8,1.2752,77.8439277858393,5.01927567,4.480715548493481,3.79860956651799,0.2126909529988408
Paraguay,2007,64.7,12.4250915061089,9178.944215890244,55.16850356894749,0.8,1.2934999999999999,78.9486876932809,5.02042723,4.6063176215577,3.6738660789814817,0.20998324114804934
Paraguay,2008,64.72,12.3711832339251,9867.396953437416,55.8666053457397,0.82,1.3118,80.0433396656403,5.03776026,4.73745467125352,4.099400304681323,0.2192199884011482
Paraguay,2009,64.56,12.3469879747333,9801.649331069,56.558468912494,0.82,1.3301,81.1277039466521,5.52496862,4.86632853346885,4.061167795311111,0.21839010444687026
Paraguay,2010,64.54,12.363067415085599,10893.314919947832,57.244116058242795,0.84,1.3484,82.2018433166323,5.46593952,4.9860042002648495,4.3778919558622835,0.22526499451041274
Paraguay,2011,64.7,13.0739532959182,11441.763677225486,57.923580599678104,0.83,1.3667,83.26583438691979,5.82225847,5.096123121246321,4.034836947211112,0.2178185607867582
Paraguay,2012,64.85,12.361245217930698,10954.325157013729,58.5971721928883,0.84,1.385,84.3199132953919,6.53144598,5.2053855107539295,4.343046869415252,0.22450863876489244
Paraguay,2013,64.81,11.707002325394301,12137.008194756165,59.2558255493223,0.87,1.3978333333333333,85.35897787468879,6.0642848,5.322681612618251,4.102469359344444,0.21928660603262676
Paraguay,2014,65.03,11.4592064094704,12607.072163667091,59.9057582359398,0.89,1.4106666666666667,86.387257170265,6.62719059,5.44661110535402,4.626564202776271,0.23066273352853078
Paraguay,2015,64.93,10.4338184152061,12679.057475323354,60.5503943920399,0.84,1.4235,87.4068345992566,6.69165802,5.56309092411671,3.986282803199096,0.2167646329726277
Paraguay,2016,64.72,10.410501222501802,13329.137336635362,61.19001240823001,0.89,1.4363333333333332,88.41789473245251,6.67556572,5.67323334495096,5.23712112015059,0.24391562739421885
Paraguay,2017,65.07,10.2879780314547,13977.342778867123,61.824129651768295,0.89,1.4491666666666667,89.4202504452198,6.60902548,5.785780765510321,4.450099892132394,0.22683235717295294
Paraguay,2018,64.98,10.489812627647801,14139.093126756798,62.4557866810629,0.9,1.462,90.415146711899,6.74497652,5.90441846341313,4.183965335355619,0.22105557709793142
Paraguay,2019,64.87,10.122256489185801,14149.598522752982,63.0842436051128,0.9,1.2974999999999999,91.41548810568659,7.16081905,6.03178053058008,5.760254741,0.25527089036381323
Paraguay,2020,64.85,10.089159909785199,14308.878773830456,63.7094591950596,1.01,1.133,92.40794536263081,7.67533064,6.1500381715541605,5.085284484333333,0.24061982521403394
Paraguay,2021,60.88,10.089159909785199,15406.167064657566,63.9595993188715,1.01,3.242,93.39204777992519,8.03277016,6.1875409736000595,6.561544798444794,0.27266388319503915
Peru,2000,65.42,70.0428740963807,5011.945407191643,45.0009270928098,1.3999999762,1.649,64.6899370720139,4.41482639,4.30714618898456,5.551198828174603,0.2507330729288976
Peru,2001,66.1,69.5041896781241,5086.422478067786,45.3885887063697,1.3999999762,1.649,65.40688392695179,4.72161007,4.52374401022556,1.025625,0.1524998895525426
Peru,2002,66.29,69.2123801848445,5382.566412739768,45.772563828770295,1.3999999762,1.649,66.1134789664025,4.93902588,4.78991344890886,5.791906748874458,0.2559579363853375
Peru,2003,66.49,68.9624660132158,5656.858161179667,46.1533060280871,1.3999999762,1.649,66.8103000461573,4.58703804,5.08934567352963,5.998967692045455,0.26045245053379007
Peru,2004,67.02,68.549467559912,6037.52025106396,46.53041640732571,0.9,1.649,67.4970575513904,4.42972279,5.40226280231465,4.979335832662781,0.2383200785469403
Peru,2005,67.46,67.7684052216068,6559.543300217541,46.903518660247705,1.0,1.649,68.1735152494759,4.66598511,5.73387833297608,4.880813783977072,0.2361815354930396
Peru,2006,67.92,64.2203697884907,7213.596060315906,47.27346165066879,1.1,1.649,68.8406174970812,4.409585,6.0862876582671905,4.375571534702977,0.22521462689607102
Peru,2007,68.4,57.0421148178809,7982.050083772244,47.6394614392539,1.2,1.649,69.49774213230121,4.42611313,6.44280920001294,18.2707430193018,0.5268265285724286
Peru,2008,68.59,48.3321548571422,8820.139010568488,47.949856785304,1.5,1.2945,70.0979718244948,4.53154564,6.73961223148085,3.532298910931273,0.20691035048110895
Peru,2009,68.07,40.1890044536392,8916.595775353591,48.234936375542205,1.6,0.94,70.6712078070281,4.96264839,6.97179007053754,3.754722629747209,0.21173833269668355
Peru,2010,68.18,34.7111781547367,9713.358633093621,48.5190810583611,1.5,1.004,71.2400990831427,4.71338701,7.194093712273,20.027728501089694,0.5649640739037087
Peru,2011,68.53,32.0639653460543,10462.577043466255,48.8015002867777,1.54,1.068,71.803986474928,4.53380108,7.4052199991021705,3.5015674335513474,0.20624328571374306
Peru,2012,68.84,33.9046061596244,10757.15222343512,49.0829918622414,1.54,1.1320000000000001,72.36360142529959,4.7344017,7.6133608632800005,3.68992713516748,0.21033186625890596
Peru,2013,69.21,32.0778901377032,11290.55474038736,49.362774873201104,1.54,1.173,72.9183194169617,4.72346115,7.82223601854979,3.2008873846080226,0.19971665295800817
Peru,2014,69.62,32.9197109468005,11517.737171024684,49.64125633182179,1.59,1.214,73.4685325137981,4.93103409,8.02200809634111,4.250510422523391,0.22250002060912785
Peru,2015,69.88,32.875169315718104,11600.387399286728,49.9188248807685,1.58,1.2550000000000001,74.0145820909902,4.92147398,8.19443422988023,3.0543041708783685,0.19653488280887135
Peru,2016,69.78,33.739432290958,12066.546068331709,50.1947177626241,1.62,1.296,74.5559040876133,4.91142178,8.30477229297199,3.9927283377981055,0.21690454128177544
Peru,2017,69.19,32.708306688023804,12591.85628792344,50.46932470948179,1.62,1.328,75.0928493726003,4.82783127,8.4037750924899,2.68025305023752,0.1884156400959833
Peru,2018,68.93,30.626568681129697,13078.232350340506,50.745313705262205,1.59,1.36,75.6274098296364,5.09981441,8.50395140434384,3.5096684062121852,0.20641912735573875
Peru,2019,68.41,29.1117854585642,13563.537293355057,51.022261569147,1.58,1.4553333333333334,76.1591748496731,5.138158799999999,8.606973776909781,4.3218340989371455,0.22404818931662063
Peru,2020,63.9,27.0356284968814,12563.303806089298,51.300503612623395,1.64,1.5506666666666666,76.6882865431078,6.36273861,8.71807503122965,3.319168053982368,0.20228408133851358
Peru,2021,62.99,27.0356284968814,15280.551210648635,51.5796260705202,1.6,1.646,77.21435812093121,6.67921352,8.754092260311461,5.312101953760623,0.24554317922684404
Poland,2000,64.17,25.790775408900398,10718.910540425473,91.14338729785851,4.9000000954,2.208,87.5745482145907,5.28789568,12.2441691813974,3.2870506044783454,0.20158693233012318
Poland,2001,64.5,26.0449129857227,11176.471596406273,91.14338729785851,5.25,2.2430000000000003,88.25683006262241,5.66721439,12.4652183478354,1.5065624999999998,0.16293923347307293
Poland,2002,64.78,26.5398574522192,11841.268408772106,91.14338729785851,5.599999904600001,2.279,88.9353545903738,6.06724358,12.682198740822802,4.212632991414333,0.221677844068156
Poland,2003,64.89,27.1048298406849,12330.472710172886,91.14338729785851,6.61,2.408,89.59467916705259,5.95371294,12.874385619504599,4.377053958018248,0.22524680472962302
Poland,2004,65.07,27.5690511834146,13414.857393442866,91.14338729785851,6.6,2.266,90.25626184680159,5.86845207,13.0597041907722,4.527152163184362,0.2285048721200498
Poland,2005,65.18,27.7617425127035,13935.557314821379,91.14338729785851,6.45,2.115,90.92024656242609,5.80689144,13.234792624425399,3.761741302575268,0.21189068168073613
Poland,2006,65.36,27.720039155304498,15208.126622577034,91.5208606961704,6.4,2.156,91.5867449958382,5.80280542,13.3771602010519,4.010574934128215,0.2172919237522646
Poland,2007,65.44,27.6048215747412,16833.852256438182,91.89994282745941,6.36,2.168,92.25553786412519,5.87339211,13.464369581809699,4.102115045653689,0.2192789152152679
Poland,2008,65.66,27.4309285084638,18372.376454830013,92.2806476520232,6.55,2.1390000000000002,92.9266483730048,6.37592173,13.510510949312401,24.961436564014484,0.6720563161854302
Poland,2009,65.85,27.2131986939225,19290.120471782837,92.6632461184,6.58,2.148,93.60026777874509,6.587708,13.545527878616399,4.457210894612862,0.22698671028643097
Poland,2010,66.32,26.9664708685675,20993.24956025771,92.5556548838142,6.51,2.156,94.27628453974471,6.46800566,13.570788288959598,24.00583633207045,0.6513138299542622
Poland,2011,66.57,26.5458489052773,22808.505526889916,92.44115614480499,6.53,2.181,94.9547125941391,6.28671598,13.709529198793199,4.625119893494561,0.2306313830072689
Poland,2012,66.67,24.1304928281428,23728.145682143488,92.31812540549629,6.53,2.201,95.63499716027269,6.265242099999999,14.024618496704399,4.841697357929137,0.23533246503283142
Poland,2013,66.89,23.189211521262198,24433.89143448769,92.18820237709092,6.51,2.208,96.3180175161036,6.48017406,14.4308218173312,3.263464186767127,0.20107495992967467
Poland,2014,67.37,23.433827803997,25459.739227376136,92.0510987542381,6.53,2.273,97.00370378738131,6.42679548,14.882800685836198,5.513162514124977,0.24990744763697642
Poland,2015,67.26,22.4139830731908,26995.340871374494,91.9069701338962,6.54,2.294,97.69210364916121,6.40416241,15.377532834753803,4.5078741788527665,0.2280864196006848
Poland,2016,67.54,21.2485092459447,28359.69273462656,91.7583692704549,6.54,2.381,98.3831051859455,6.59210491,15.9129115092505,4.699342166297559,0.2322424693383492
Poland,2017,67.46,22.2631718698092,30170.281897408735,91.6054214693425,6.53,2.343,98.79661268252029,6.58342791,16.4659360432975,3.4529662760973894,0.20518833741464448
Poland,2018,67.44,22.409405194127103,32345.10660762248,91.4479583436142,6.44,2.324,98.9554251030336,6.312909599999999,17.014561608572098,4.508654553355177,0.22810335859549696
Poland,2019,67.56,18.7701954101512,35882.36550655528,91.28595210153759,6.09,3.2560000000000002,98.95753403308541,6.46008492,17.5584217024462,4.447608034271051,0.22677826831272546
Poland,2020,66.44,17.9583314936851,37089.300425681184,90.7561144603172,6.11,3.281,98.9575085375078,6.49677992,18.076046817936103,3.912538534986085,0.2151639223230247
Poland,2021,65.52,17.9583314936851,41059.584782968195,90.2295544565872,6.11,3.391,98.95735987174521,6.43857718,18.5352368986876,5.442912390057025,0.24838258171239105
Portugal,2000,66.05,13.960273394446599,18879.058208944654,93.69600571869341,3.71,3.202,97.65092336844721,8.60104179,16.1309006351084,4.894342208163719,0.23647518669051795
Portugal,2001,66.31,13.849569678602,19530.67853139174,93.73041449337539,3.65,3.252,97.7681484102338,8.62751579,16.3877131724044,1.458625,0.16189869068073418
Portugal,2002,66.48,13.690046272962197,20356.647299736014,93.7646852927511,3.56,3.285,97.8834679572702,8.78642941,16.6060663913453,5.40120057674752,0.24747717515813636
Portugal,2003,66.62,13.489692427496099,20852.240428969635,93.8002410897,3.58,3.3360000000000003,97.9973101774028,9.12415695,16.8062925634515,5.453456390631593,0.24861145230014145
Portugal,2004,67.2,13.256497392172301,21478.429734514684,93.83707411508931,3.58,3.411,98.10967490314171,9.5325079,17.041398598076,5.293296454465091,0.24513498258020422
Portugal,2005,67.12,12.998450416959601,22725.277494608355,93.8749089680581,3.55,3.495,98.2205201292001,9.65306759,17.2680626718468,5.133790226605928,0.2416727024084807
Portugal,2006,67.67,12.597744788663599,24682.56462369332,93.9140792645948,3.47,3.565,98.3299181904217,9.35422611,17.4641870294143,4.958014229281449,0.2378572667457502
Portugal,2007,67.84,12.0295102444563,25738.93690935313,93.95436636074079,3.43,3.6510000000000002,98.4378342320443,9.25186634,17.6626196823508,5.178285558595194,0.2426385286821527
Portugal,2008,68.04,11.441140709856501,26665.837295293906,93.9958440151523,3.38,3.7460000000000004,98.5442996404821,9.58307838,17.892688341403698,5.090734434136881,0.24073812312249163
Portugal,2009,68.21,10.9800301103829,26458.10969579254,94.0382676951915,3.36,3.853,98.649279909145,10.13070393,18.175855431788897,5.514143341653535,0.24992873771291632
Portugal,2010,68.48,10.7935723715541,27295.103556180187,94.15695766636298,3.37,3.9789999999999996,98.75283301427089,10.03250504,18.5177045107792,4.859692835591867,0.2357230791569857
Portugal,2011,68.87,11.515758020023801,26803.23369046455,94.274324168074,3.37,4.12,98.85494114075121,9.73071671,18.8655829835079,5.612753079719501,0.2520691841733899
Portugal,2012,68.94,10.115152438299301,26476.218277726934,94.3903192109704,3.4,4.238,98.9556231886088,9.65393257,19.200372866362603,4.715693166801282,0.23259738804962277
Portugal,2013,69.27,9.76832048738232,27966.087425470465,94.47106422605879,3.39,4.397,99.0548734178937,9.40486622,19.627659282019803,4.643359941532024,0.23102730583422684
Portugal,2014,69.62,9.50576236832378,28764.52549550424,94.5497390805673,3.32,4.561,99.15272626906521,9.342881199999999,20.114103147273198,5.220580426257896,0.24355659115306474
Portugal,2015,69.67,9.642534518347661,29615.95608541083,94.6262957112792,3.37,4.75,99.2491933162673,9.31645775,20.5742532955034,4.691454849627889,0.23207126536418451
Portugal,2016,69.69,8.837732100083471,31589.26956095525,94.70076843901991,3.39,4.936,99.34430149642158,9.39439487,21.026998642616,4.372308276827022,0.22514379384340102
Portugal,2017,69.88,9.2551980440464,32970.83953865623,94.7731814845443,3.39,5.115,99.43806801438,9.30583763,21.4882830483163,3.9859449626746786,0.2167572997257408
Portugal,2018,69.83,9.026014515629289,34896.79933829735,94.8434931768351,3.44,5.294,99.5305100855018,9.4126482,21.9323930135851,4.109054069082263,0.219429535310485
Portugal,2019,70.06,7.98256121876526,37865.56035642948,94.91181013363209,3.51,5.45,99.6200248701138,9.51379871,22.390078402136698,4.812163076291471,0.23469138688138472
Portugal,2020,69.39,8.45242266236737,35966.71279656101,94.97809597634131,3.53,5.615,99.6529221881304,10.54770088,22.8627033998973,4.585812501523483,0.22977816739525037
Portugal,2021,69.52,8.45242266236737,38657.6677223425,95.0423716079735,3.53,5.767,99.6623109186367,11.123676300000001,23.290870603766898,5.732685318974282,0.25467246192307674
Qatar,2000,61.76,88.44531877478,88848.70137648832,96.3402204469615,2.08,2.217,99.9365492602027,1.97258496,1.24381966204075,3.8272887091111114,0.213313469298517
Qatar,2001,61.71,90.0738424478758,89804.93542634601,96.3402204469615,2.12,2.217,99.9365492602027,2.3197092999999995,1.2296345465943899,0.23099999999999998,0.13525157004563906
Qatar,2002,61.74,92.37070321213129,93176.53067352233,96.3402204469615,2.04,2.2960000000000003,99.9365492602027,2.46044064,1.20640321707525,4.44155822,0.22664694960326567
Qatar,2003,61.92,94.7440660994636,94120.36683177706,96.3402204469615,1.96,2.375,99.9365492602027,3.50257182,1.17640818497023,5.240583429677656,0.24399078110943623
Qatar,2004,62.12,96.6020961417903,110957.82821109916,96.3402204469615,1.99,2.4539999999999997,99.9365492602027,3.18311739,1.15590641800261,4.548152216428571,0.22896070427737952
Qatar,2005,62.28,97.3529583710287,115250.40233413244,96.3402204469615,1.96,2.533,99.9365492602027,2.56300044,1.15857924722031,3.8862206033333337,0.21459265903039293
Qatar,2006,62.65,95.8058004809302,127180.71019978252,96.3402204469615,2.11,2.279,99.9365492602027,2.288064,1.1396121217354298,3.465232037984883,0.20545458096352742
Qatar,2007,63.01,92.1164239737723,124055.68246708438,96.3402204469615,1.65,2.7355,99.93654899919291,2.07008052,1.07608421348756,3.7969638086111104,0.21265522978574167
Qatar,2008,63.39,87.7129745942613,126015.02432792846,96.3402204469615,1.41,3.1919999999999997,99.9365487381809,1.63775349,0.9927547683379491,4.775265936062884,0.23389048876774154
Qatar,2009,63.69,84.02359808710341,125897.62504715026,96.6858383428072,1.25,3.1830000000000003,99.93654847716681,2.38356304,0.8955269050556109,13.106908809520865,0.4147391133375942
Qatar,2010,64.18,82.4764401970049,151646.14516385092,97.0314980330812,1.22,4.038,99.93654821615058,1.87017763,0.862464636843677,4.077344311558323,0.21874123576131488
Qatar,2011,64.76,87.9624107804434,174619.91770681474,97.1447607701717,1.22,3.51025,99.9365479551322,1.599962,0.9288771086998541,4.004555969621557,0.21716127467513824
Qatar,2012,65.25,95.6228667032868,180939.439450305,96.99539436261591,1.31,2.9825,99.9365476941116,1.74822152,1.03001021961421,4.146023449263632,0.22023200148174876
Qatar,2013,65.81,88.6466197970471,169203.34985034092,96.8460088458427,1.18,2.4547499999999998,99.93654743308892,2.07620168,1.0847217978974202,3.93020852883929,0.21554747141808855
Qatar,2014,66.36,75.1764824465315,148389.2001334999,96.69660421985229,1.08,1.9269999999999998,99.9365471720641,2.42293572,1.0617921610983199,4.0271274826354455,0.2176512173125053
Qatar,2015,67.22,97.7000280042596,102545.86329127896,96.54718048464458,1.02,2.3415,99.9365469110371,3.63581347,1.05084577481311,3.518628013098593,0.2066136067167367
Qatar,2016,67.52,83.6854921169063,89934.66888248002,96.3977376402198,1.01,2.7560000000000002,99.936546650008,3.54971433,1.08622390331203,2.7130216263833846,0.18912692261434122
Qatar,2017,67.7,83.268990615565,99358.37338804347,96.2482756865777,0.94,2.6275000000000004,99.93654638897671,3.21237087,1.12252533934654,2.27944513879087,0.1797156081091637
Qatar,2018,67.76,93.3069571843647,110032.83988274653,96.0987946237183,1.03,2.499,99.93654612794322,2.96176219,1.14427291316419,3.696066382230819,0.2104651262178555
Qatar,2019,67.91,81.0088337801126,107502.56785362652,95.9492944516417,1.12,2.499,99.93654586690771,3.18468714,1.1721202993222501,3.4728543565978405,0.20562003282675814
Qatar,2020,66.64,75.66303294813379,82149.4569875883,95.7997751703479,1.12,2.499,99.93654560586991,3.81872201,1.24769251348821,3.4073032291736993,0.20419716444248967
Qatar,2021,66.21,75.66303294813379,116832.65694197152,95.65023677983679,1.12,2.499,99.9365453448301,2.8927927,1.30386268899766,5.159388351493291,0.24222834140402558
Romania,2000,62.29,20.4022118211382,5848.8409862764465,81.6520205626933,7.88,1.973,74.1221850215514,4.20876169,13.487567948878802,1.542398597214508,0.16371710033434245
Romania,2001,62.38,20.5727453427073,6520.601053056702,81.6089989655473,7.95,1.999,74.1221850215514,4.37598133,13.800305133447699,0.637375,0.14407244258251864
Romania,2002,62.19,20.8397542766711,7162.317314405447,81.58862374129158,7.72,2.115,74.09455062982441,4.57694626,14.131257089309099,3.3857203836878256,0.203728682057958
Romania,2003,62.5,21.1260463408151,7560.3722978007145,81.6259834252226,6.83,2.017,74.1452194428032,5.37136793,14.4342818207771,3.248237309941924,0.20074444171470113
Romania,2004,62.94,21.3544292529253,8990.537276438728,81.66306235901109,6.86,2.262,74.1955058645708,5.47733593,14.7036701374455,3.436495467313408,0.20483081811630474
Romania,2005,63.25,21.4477107307875,9602.140134361936,81.7001353244973,6.95,2.247,74.2457870285484,5.52778196,14.916750094722,3.0774361313691023,0.19703699065265334
Romania,2006,63.67,21.2993011373918,11556.569248186905,81.73721180640321,6.96,2.245,75.18351598805329,5.07106066,15.090634471606801,22.21426481726375,0.612425551952874
Romania,2007,64.13,20.945401337756103,13703.189546210659,81.7742905546345,6.79,2.324,76.118166846837,5.02223349,15.252749354646001,19.98852824112322,0.5641131837244978
Romania,2008,64.3,20.523004802707,16782.116640703774,81.8113690851949,6.86,2.44,77.0497373536879,5.02274227,15.415253011017802,19.958083190499867,0.5634523362045287
Romania,2009,64.45,20.1691050030713,16632.131772588615,81.8484445439679,6.95,2.4619999999999997,77.97822488344491,5.2784133,15.628888988839,3.700637940614201,0.2105643575529394
Romania,2010,64.68,20.0206954096756,17356.65885648886,81.8855216428082,6.63,2.497,78.9036342216492,5.63998747,15.839996468384301,21.39184406908288,0.5945738913158057
Romania,2011,65.27,21.3631759849928,18803.916245247587,81.92260476353779,6.48,2.53,79.8259688450856,4.47528124,16.0573968725291,3.7317725349623627,0.21124017247322877
Romania,2012,65.19,19.4249667326641,19807.45796308381,81.92656491230879,6.57,2.6,80.7099325881725,4.50899887,16.2663527867529,3.6481990019075026,0.20942610545991935
Romania,2013,65.71,17.871105488873898,19678.128303885438,81.9160915763475,6.65,2.633,81.5787881318127,5.22432709,16.4582814237269,1.5965959384458202,0.16489352073136287
Romania,2014,65.61,17.989836050660802,20633.009314697505,81.9056219409423,6.68,2.687,82.4485173692872,5.02789736,16.7939266755188,4.323770247117494,0.22409021581015828
Romania,2015,65.68,17.4955175712912,21630.31437287305,81.9019377187617,6.76,2.753,83.3255001952095,4.94295502,17.209625303825,3.2205350786710945,0.20014313048485885
Romania,2016,65.82,16.5983385295736,23904.668289380294,81.9056180472971,6.81,2.827,84.2094124497179,5.08021355,17.574192875727302,4.246486776299229,0.22241268238586895
Romania,2017,65.87,17.0446117524786,26943.023635316626,81.91580580175109,6.85,2.91,85.0986005989272,5.1887908,17.9121340991497,3.0823388071726154,0.19714340930132127
Romania,2018,65.91,17.1719925973938,29382.196585095702,81.9333570699511,6.92,3.0260000000000002,85.9929537766502,5.51800871,18.249677822163502,3.7040136410054827,0.21063763130962768
Romania,2019,66.18,15.0073403663299,33424.75955101479,81.957698931804,7.0,3.162,86.8911090946585,5.7142148,18.604236526527,3.9673643685399353,0.216353984924087
Romania,2020,65.02,14.8501731264834,34193.91929328295,81.98882925004091,7.06,3.298,87.79221915078091,6.22618055,19.0166656963587,3.788258906958056,0.21246627911720237
Romania,2021,63.85,14.8501731264834,37534.13120616353,82.0270424549939,7.06,3.471,88.69564287510981,6.46980715,19.326965833255397,5.395069134875944,0.24734408462053814
Rwanda,2000,40.76,31.3781575577386,609.2658555455528,69.9320099057864,1.7,0.019,43.8876413678193,3.57583427,2.14435707728474,2.953219298245614,0.1943407104879849
Rwanda,2001,41.99,31.2222805217086,669.8754363501455,69.9320099057864,1.7,0.019,45.6902028796929,3.31599975,2.29433850428519,0.12325,0.13291272288267683
Rwanda,2002,43.95,30.887944782541105,759.6626129114918,69.9320099057864,1.7,0.019,47.4611936352188,3.12787294,2.43390022594754,5.096891428571428,0.24087176831010756
Rwanda,2003,45.57,30.497930215813497,774.5082373323349,69.9320099057864,1.7,0.034,49.0827278042719,6.92888737,2.5151466627847703,6.30924678,0.26718744231651853
Rwanda,2004,47.44,30.1750166971027,832.2797193040534,69.9320099057864,1.7,0.049,50.6829486597842,7.50856972,2.5569581676254103,3.4932834270675968,0.20606347109599382
Rwanda,2005,49.45,30.041984101985896,914.2273664081038,69.9320099057864,1.65,0.024,52.2806585813749,7.72468948,2.59692719487973,3.4955876990793655,0.20611348817309283
Rwanda,2006,51.27,30.0919739416177,1002.2894938842784,69.9320099057864,1.6,0.03333333333333333,53.8759294452882,7.60937929,2.63100363190736,3.062720519605735,0.19671757007888066
Rwanda,2007,52.74,30.2183078634908,1078.9388524636784,69.9320099057864,1.6,0.04266666666666667,55.4685962150806,7.86268663,2.66092952375009,3.0438968057467535,0.1963089780625884
Rwanda,2008,53.91,30.3940359476901,1190.757579833205,69.9320099057864,0.6,0.052000000000000005,57.058748440212604,7.55979156,2.6883188684602004,3.244576267939068,0.20066497426503185
Rwanda,2009,54.67,30.592208274300603,1240.549726313854,69.9320099057864,0.75,0.055,58.6463993130751,7.79958725,2.7127116764325696,15.982110054543616,0.47714891635260037
Rwanda,2010,55.77,30.785874923407,1314.135594943242,69.9320099057864,0.74,0.055,60.231501197176506,8.08192921,2.73524145040779,2.9466375671017366,0.19419784586419617
Rwanda,2011,56.54,31.141240247063603,1412.9075215531846,69.9320099057864,0.72,0.0129,61.814083471684704,7.93241739,2.76015102707814,2.9948298287638884,0.19524391857385054
Rwanda,2012,57.13,31.5360758844851,1454.5250789138804,69.9320099057864,0.71,0.05595000000000001,63.3941024387453,8.10223293,2.79399137628313,3.271486816395368,0.20124910103914576
Rwanda,2013,57.68,30.6283384511231,1512.2417125384839,69.9320099057864,0.77,0.099,64.9716279211285,6.77398062,2.83577804340262,18.159426437938443,0.5244102643449359
Rwanda,2014,58.05,31.8689793191915,1677.568696841822,69.9320099057864,0.71,0.08900000000000001,66.5451269597636,6.98471594,2.88932706612205,18.703624126132528,0.536222748977171
Rwanda,2015,58.34,31.2574810856465,1780.7417163686316,69.9320099057864,0.74,0.11,68.1134578237063,6.65067434,2.96109405978786,19.951984306891116,0.5633199523843379
Rwanda,2016,58.55,31.6862299869281,1866.3896853028562,69.9320099057864,0.73,0.12,69.6758086260828,6.96089125,3.04670211037116,23.67857188437943,0.6442101499076679
Rwanda,2017,58.78,30.3553527446531,1967.942866024989,69.9320099057864,0.72,0.135,71.2308954690674,6.3665309,3.1427847780299105,26.00630337747224,0.6947364440956765
Rwanda,2018,58.97,30.181668785367798,2125.495227128391,69.9320099057864,0.72,0.132,72.7776126104957,6.65483093,3.24675392272707,20.011118935362724,0.5646035427141165
Rwanda,2019,59.1,30.0071642427631,2336.039673027319,69.9320099057864,0.72,0.11599999999999999,74.3150494792337,6.26708555,3.35702522122747,24.66803658898521,0.6656877064479786
Rwanda,2020,59.5,31.2882654917538,2284.898897953281,69.9320099057864,0.74,0.11599999999999999,75.8419280137536,7.48696899,3.4757015566626204,24.338985692250155,0.6585452493129534
Rwanda,2021,58.71,31.2882654917538,2733.4356676244715,69.9320099057864,0.74,0.11599999999999999,77.3571126484404,7.30378389,3.60565799542652,19.88615677023727,0.5618910841954967
Samoa,2000,61.26,13.1629560185234,3061.849866767215,60.1597324731382,3.2999999523000003,0.267,91.95769518375928,4.28232527,4.462668904972889,9.85,0.34404387501578865
Samoa,2001,61.41,13.2211101638012,3334.9779164584165,60.1857591338991,2.39999997615,0.267,91.9588441153795,3.81804991,4.47790528809932,6.203125,0.26488393768467167
Samoa,2002,61.55,13.2517072431501,3552.910667107993,60.149435406773996,1.5,0.267,91.9572397043017,4.49205494,4.527811959603411,2.55625,0.18572400035355469
Samoa,2003,61.69,13.2568830553227,3792.198476609145,60.0799430615213,2.04,0.267,91.95418411857669,4.17237139,4.59930971255999,2.249722222222222,0.17907043540297768
Samoa,2004,61.8,13.2387733990715,3996.7446356324,60.0110197232708,1.49,0.266,91.9511483539237,4.52578545,4.6746685208203,2.165319878888889,0.17723837803636489
Samoa,2005,61.85,13.1995140731491,4378.594431577199,60.109959434778794,0.94,0.265,92.2057450024926,4.63365459,4.7484069023978694,3.41125,0.20428283399005304
Samoa,2006,61.99,13.124235763771601,4591.90702524785,60.208429166245395,0.97,0.3243333333333333,92.4608198651495,4.88451385,4.8109041122162495,3.345833332,0.20286288421406937
Samoa,2007,62.0,13.005441239012802,4713.021233757264,60.3076124063597,1.0,0.38366666666666666,92.7164186931518,4.7446332,4.84786996762965,3.2529166653333332,0.20084601291731544
Samoa,2008,62.0,12.856324420411301,4939.22558356596,60.4072587578907,1.0,0.44299999999999995,92.9725367356222,4.53258085,4.86410284734386,6.628928570476191,0.27412653139963616
Samoa,2009,60.46,12.690079229505901,4906.482542746278,60.5065014254509,1.0,0.38599999999999995,93.2291209433411,5.12732029,4.8698916786545094,6.008073592406926,0.2606501053758007
Samoa,2010,61.95,12.5198995878353,5229.041911991236,60.605358866812495,1.0,0.32899999999999996,93.48617944574819,5.15268326,4.88155525910192,5.420730951714286,0.24790110612874064
Samoa,2011,61.94,12.2498654594603,5494.240631182129,60.7035466301643,1.0,0.37266666666666665,93.7437084843245,5.38357162,4.90182987268441,5.794994046952381,0.2560249500127228
Samoa,2012,61.75,12.4658242930882,5338.739793229217,60.797116876877794,1.0,0.41633333333333333,94.0015585083901,4.988346099999999,4.89826868466855,6.048396102943723,0.2615253553931789
Samoa,2013,61.71,12.558937857771198,5386.900630819143,60.8878299748997,1.0,0.46,94.2598072441115,6.21823883,4.88151168743396,6.815772726320347,0.27818221514731295
Samoa,2014,61.61,12.5788519302582,5468.100585325563,61.0764077642479,1.0,0.41533333333333333,94.51854927307458,6.2579422,4.87384833805746,7.144924866476191,0.28532686989614303
Samoa,2015,61.51,12.4224418408037,5681.778127688426,61.2626239445691,1.0,0.3706666666666667,94.7777698879904,6.21438408,4.87332864180155,7.287312166476189,0.2884175625425175
Samoa,2016,61.42,12.509889307463801,6141.450890442629,61.44679147455629,1.0,0.326,95.03746753649722,5.63950825,4.87889375377766,5.197515341190476,0.24305593492314903
Samoa,2017,61.46,12.0891380416294,6280.215004771427,61.6296051209446,1.0,0.383,95.29767172598709,5.16346788,4.94609679453008,6.075733330666667,0.26211874376907734
Samoa,2018,61.53,12.824599507498199,6318.26977293454,61.816605655192205,1.0,0.43999999999999995,95.55851812235979,4.7755332,5.05631509475773,6.4059792711904775,0.2692871408092064
Samoa,2019,61.42,12.872672667832699,6638.18454759102,62.008922061267796,1.0,0.49699999999999994,95.8200173728915,5.64748573,5.17090564139966,7.333794630666667,0.2894265219810269
Samoa,2020,61.59,12.551895280296302,6450.752011834046,62.178640240564604,1.0,0.5539999999999999,96.0821241161349,6.18667269,5.29833352206243,6.351706464904762,0.26810908234974146
Samoa,2021,61.57,12.551895280296302,6350.114283532528,62.2883361885865,1.0,0.5479999999999999,96.34482730607408,6.81255674,5.42078501630188,10.278150634000001,0.3533374146506042
Saudi Arabia,2000,61.21,54.820902518305594,48643.60721776465,69.9320099057864,2.3,0.6940000000000001,97.55151666294859,4.21160603,2.22837924894494,2.9478547615238098,0.19422426657622255
Saudi Arabia,2001,61.42,55.9611959807262,47380.803155503636,69.9320099057864,2.19,0.655,97.55151666294859,4.4617486,2.23675617673833,-0.7210000000000001,0.11458723130652039
Saudi Arabia,2002,61.65,57.0600844288156,45466.02576730514,69.9320099057864,2.08,0.8004285714285715,97.55151666294859,4.24939442,2.24839224384446,2.526771962678571,0.185084143054632
Saudi Arabia,2003,61.85,58.024662773635995,48078.11861171671,69.9320099057864,2.12,0.945857142857143,97.55151666294859,3.97910738,2.26331125156636,2.5267299107619055,0.18508323026571327
Saudi Arabia,2004,62.1,58.7620259262498,51225.325820255086,69.9320099057864,2.16,1.0912857142857142,97.55151666294859,3.58402061,2.2810262396362297,2.6583608520317465,0.18794044282763453
Saudi Arabia,2005,62.28,59.1792687977192,53548.19649255366,69.9320099057864,2.18,1.2367142857142857,97.55151666294859,3.41868114,2.30139606778052,3.376152833165267,0.203521006527599
Saudi Arabia,2006,62.45,59.34607382656079,54638.75889251293,69.9320099057864,2.11,1.3821428571428571,97.55151666294859,3.61922765,2.32441704105252,2.9529342902355897,0.19433452403623858
Saudi Arabia,2007,62.66,59.4348208026051,55029.87121382004,69.9320099057864,2.03,1.5275714285714286,97.55151666294859,3.56229854,2.3489255168444196,2.4330905614035094,0.18305067224633037
Saudi Arabia,2008,63.12,59.506650663884706,57236.05195682848,69.9320099057864,1.96,1.673,97.55151666294859,2.97101164,2.37204957815499,3.0820506014177487,0.19713715343856378
Saudi Arabia,2009,63.77,59.6227043484328,54787.35521147746,69.9320099057864,1.96,1.6469999999999998,97.55151666294859,4.29043579,2.38953786336071,2.8799599047981865,0.19275052464552692
Saudi Arabia,2010,64.5,59.84412279428229,58828.726534910995,69.9320099057864,1.98,1.92,97.55151666294859,3.64786696,2.3966864898750297,3.1750506291156464,0.19915583418971586
Saudi Arabia,2011,65.41,61.9036201963126,64125.2177225838,69.9320099057864,1.95,1.966,97.55151666294859,3.68218112,2.3896785541977597,3.3294469330028873,0.20250719713466742
Saudi Arabia,2012,66.08,65.81365357351591,65033.616181807716,69.9320099057864,1.98,1.996,97.55151666294859,3.98779416,2.36663228014249,2.923198826888015,0.1936890789866809
Saudi Arabia,2013,66.35,64.2495664318178,62202.8859202572,69.9320099057864,2.05,2.1590000000000003,97.55151666294859,4.42293453,2.3282212250545498,2.730270387496732,0.18950132833122818
Saudi Arabia,2014,66.32,51.0877522409227,62578.0708415156,69.9320099057864,2.12,2.14,97.5565788684819,5.15801096,2.28000575968204,2.4878152096336996,0.18423853849465782
Saudi Arabia,2015,66.12,65.6121801282607,53930.82738726219,69.9320099057864,2.12,2.237,97.56164573877321,5.86202717,2.2281130322938503,1.8965174255295814,0.1714036879627064
Saudi Arabia,2016,66.05,57.272129432782094,49937.0668103808,69.9320099057864,2.12,2.267,97.56673585518591,6.24142838,2.2136507557171603,1.103619107176017,0.1541928482188665
Saudi Arabia,2017,66.05,59.4402484783372,53120.457245626916,69.9320099057864,2.13,2.4090000000000003,97.57182783906539,6.03126049,2.28023790995907,0.9260159059791825,0.15033775083369502
Saudi Arabia,2018,66.08,61.9886640504678,59377.8025368768,69.9320099057864,2.15,2.5140000000000002,97.5769396449473,5.34062767,2.38074635666274,2.3275523050097338,0.18075983371685878
Saudi Arabia,2019,66.15,58.62259285528361,59560.25379045459,69.9320099057864,2.15,2.633,97.58202757727841,5.46743679,2.45024814989585,2.9622179114212424,0.19453603652878687
Saudi Arabia,2020,65.29,53.148601362928495,47518.48774851528,69.9320099057864,2.18,2.648,97.58714174295609,6.64630127,2.5225816471104197,2.4857632803220002,0.18419399882830734
Saudi Arabia,2021,65.64,53.148601362928495,62690.49666459286,69.9320099057864,2.15,2.7889999999999997,97.5922328659359,5.93034029,2.61855430769317,4.500196382742969,0.2279197635296945
Senegal,2000,50.95,69.3535963097363,1963.2750987873856,20.0332395862887,0.1,0.055999999999999994,36.639785015984295,3.55015373,3.2289988423255402,5.9256067567032975,0.2588600605987807
Senegal,2001,51.55,67.9795373068239,2043.8528954093345,20.2634965726724,0.1,0.055999999999999994,37.6230679917559,3.68148756,3.2343912263479,1.0476666666666667,0.1529783312189026
Senegal,2002,52.0,64.7531897425132,2026.77782446969,20.4929836631407,0.1,0.055999999999999994,38.634378252062604,3.95294404,3.27733600707954,5.4314153973809525,0.24813302525111006
Senegal,2003,52.84,60.9096861151279,2130.507974744865,20.7682382579974,0.1,0.055999999999999994,39.70380707072321,4.29703569,3.34031453265948,5.527245955119048,0.2502131461614658
Senegal,2004,53.52,57.6841589229918,2236.2940094983705,21.078928239311,0.1,0.055999999999999994,40.8160197921212,4.56856203,3.38412445415235,5.593333862680102,0.25164766602323174
Senegal,2005,54.2,56.311740664428704,2350.2003704245512,21.3883259285147,0.1,0.057499999999999996,41.9259089969181,3.67466521,3.4216764547141403,3.6497835362559017,0.20946049973987635
Senegal,2006,54.81,56.3287590057483,2422.09761798858,21.697051248561102,0.1,0.059,43.034062140057706,3.76337624,3.4547803063705294,17.10869883272674,0.5016029206930057
Senegal,2007,55.52,56.4318266525352,2499.315828821916,22.0047848798914,0.1,0.0605,44.13995924984679,3.41496587,3.48597727840313,3.9265132934141413,0.21546726175785105
Senegal,2008,56.13,56.5965036620253,2580.7194918021723,22.311522289823603,0.3,0.062,45.24345421599871,3.50687575,3.51531198670358,3.5421887224588744,0.20712502108559677
Senegal,2009,56.61,56.798350091454495,2605.7228025070112,22.6169579327567,0.3557142857142857,0.11318,46.3440817777614,3.8415730000000003,3.54278364733413,3.451959659714647,0.2051664875596935
Senegal,2010,57.0,57.0129259980585,2662.5048662647932,22.921692660595003,0.4114285714285714,0.16436,47.4423428976999,4.02764368,3.56815022857386,3.7949293958199646,0.21261107033715826
Senegal,2011,57.36,59.141239761877394,2684.9498972231845,23.225417708930202,0.4671428571428571,0.21554,48.5377592186689,4.21416712,3.5840320200103504,2.920475336403459,0.19362996225356574
Senegal,2012,57.67,71.9845097478197,2764.2613070848224,23.527830675954398,0.5228571428571428,0.26672,49.629889899503496,4.26688004,3.59169225455899,3.729779883574885,0.2111969195076197
Senegal,2013,57.96,50.7740625879857,2768.768187119845,23.8292288902426,0.5785714285714285,0.3179,50.7188973203129,4.38573599,3.5791839002821804,17.50834505343029,0.5102777367438741
Senegal,2014,58.33,54.8894665378893,2853.8045625063514,24.1296059215729,0.6342857142857142,0.26265,51.8046299171747,4.38962269,3.54860725101498,17.01136687275863,0.49949020998825416
Senegal,2015,58.67,70.740985096638,2994.2803271487464,24.4313032650877,0.69,0.2074,52.8890432398602,4.37789631,3.5236233428688504,15.980001857134141,0.477103155317518
Senegal,2016,59.02,62.245290713040504,3101.12348494108,24.733988173007898,0.73,0.078,53.9714940731355,4.25606871,3.5068960130787,19.832913560629795,0.56073537440675
Senegal,2017,59.32,68.9961611199396,3234.3615819408833,25.038203054844498,0.73,0.07,55.052103803003206,4.16359377,3.4983809209969996,17.120511921710623,0.501859338416029
Senegal,2018,59.59,61.8009740540162,3380.2159652944542,25.3433216862511,0.73,0.08,56.1299701818744,4.43182087,3.49937511383095,16.04673235941461,0.4785516234933112
Senegal,2019,59.87,60.3429016299635,3647.951373572416,25.6495937230682,0.73,0.09,57.204943845452,4.49531031,3.51051951175819,19.48178309746047,0.5531136529439827
Senegal,2020,59.63,63.740221126220206,3752.9194749081703,25.9566923925669,0.73,0.084,58.276399086683995,5.15119171,3.5274659432500695,22.024752039285715,0.6083119424575699
Senegal,2021,58.9,63.740221126220206,4173.6774139961935,26.2648624944934,0.73,0.10099999999999999,59.344152376620706,4.44256258,3.54310568518721,18.494054036346462,0.5316737706946849
Serbia,2006,64.43,33.1184661635543,10465.563083612782,74.5779061062874,5.27,2.682,95.83610334078699,8.49390411,17.416482041581197,18.713791634,0.5364434473245514
Serbia,2007,64.59,32.6163871390382,11685.822048197086,74.6048666483892,5.09,2.7510000000000003,96.00467108470471,9.37648869,17.4526382438889,1.4332121048565323,0.1613470723261267
Serbia,2008,64.8,32.0171315291319,13122.503071316467,74.63181039954391,5.08,2.841,96.1735822880127,9.48246479,17.4402380163125,15.84639121582639,0.4742029709150661
Serbia,2009,64.92,31.5150525046159,13031.214523983655,74.6588894120187,5.1,2.872,96.3428666633317,9.34623528,17.4082896457034,16.23633457665533,0.48266717437855305
Serbia,2010,65.16,31.3045032362704,13321.50669280328,74.68594667444809,5.13,2.9160000000000004,96.5124901506423,9.5273037,17.3759538185157,4.8714069093367005,0.23597734763164777
Serbia,2011,65.4,33.95588567108,14298.323780257675,74.71329265453171,5.15,2.9410000000000003,96.68252312903542,9.11380386,17.3957653090008,21.699699991031288,0.6012562852800764
Serbia,2012,65.64,30.384649168974,14506.179274338723,74.7284510084725,5.16,2.94,96.85027908581249,9.32820415,17.5891851362179,4.4466984077438365,0.2267585237426788
Serbia,2013,65.95,28.4561350651549,15246.989120615688,74.7394297105426,5.21,2.94,97.0173317364733,9.31232452,17.950003844737502,2.362188398889525,0.18151165301993852
Serbia,2014,66.04,28.0367329195926,15296.176277025257,74.7506247296983,5.22,2.903,97.18459986206709,9.2459898,18.390283100549603,4.980085199467048,0.23833634448127142
Serbia,2015,66.02,27.863269249694902,15550.4859018426,74.76173851852471,5.27,2.904,97.3520264197285,8.8132,18.883979706442002,4.623049640263839,0.23058644559756789
Serbia,2016,66.34,25.5339499000416,16455.047618216653,74.773074519918,5.27,2.783,97.519678308202,8.45890999,19.3853692133533,5.378275142064182,0.24697955021271828
Serbia,2017,66.28,26.2823086047504,17285.217095897133,74.7872431709499,5.27,2.783,97.68819089702579,8.22039318,19.907382569027103,3.826156287193426,0.21328888867866125
Serbia,2018,66.52,27.1283419584164,18468.666104894994,74.8042574835344,5.3,2.801,97.8576090639596,8.53168106,20.4864046664261,4.6484769190088375,0.23113837616605595
Serbia,2019,66.55,22.636258898064103,20586.993939929413,74.824140800015,5.34,2.75,97.91564066138191,8.66552734,21.0643608505556,4.54843877113869,0.22896692430216647
Serbia,2020,65.31,22.507535568900398,21013.039940192728,74.84690637301959,5.35,2.699,97.9188486059038,8.70042229,21.5708751193576,4.945231548333334,0.23757980282862212
Serbia,2021,63.87,22.507535568900398,23406.3429959064,74.87272359123071,5.35,2.8369999999999997,97.92310882762159,10.00950623,21.888601009739,6.413237924452534,0.2694446988657158
Seychelles,2000,63.69,10.4591837101084,14637.95907091327,61.94741479592871,5.01,1.429,95.49409975079911,4.61071777,7.4209654576442095,0.13445476190476194,0.13315593611323479
Seychelles,2001,63.78,10.437224664642098,14614.832992686423,62.06219883060061,5.01,1.429,95.6912191218088,5.30532885,7.42977702395234,0.6128666666666667,0.14354045886200262
Seychelles,2002,63.71,10.3754079918718,14569.625645769589,62.1769828652726,5.01,1.429,95.8883384928185,4.70596743,7.418731145975291,0.5546242490909091,0.1422762350744284
Seychelles,2003,63.64,10.2850679474579,14141.723004674563,62.2917668999445,5.01,1.429,96.08545786382808,5.50939226,7.3838959487097,0.7288013266666666,0.1460569642042763
Seychelles,2004,63.78,10.1775387870608,14160.4071686004,62.4065509346165,4.91,1.429,96.2825772348378,5.377538200000001,7.343274100878559,1.1967318504497357,0.15621397560115294
Seychelles,2005,63.9,10.0641547663409,15846.05140295551,62.5213349692885,4.76,1.2109999999999999,96.4796966058475,5.21991158,7.31465507584074,1.5851321434285714,0.16464468486637102
Seychelles,2006,63.9,9.88101029192026,17503.196498174806,62.6361190039605,4.79,0.861,96.6768159768572,5.16842318,7.29587376760758,0.8328415887301587,0.14831528691203544
Seychelles,2007,63.99,9.60702172018116,19473.42067541481,62.7509030386324,4.54,1.031,96.8739353478668,4.50416517,7.27576857480212,0.7976764083068784,0.14755198313042944
Seychelles,2008,64.14,9.31775623142405,18880.57485624448,62.8656870733043,3.8,0.7809999999999999,97.0710547188765,4.58248377,7.25681406845134,6.4148439184391535,0.2694795589536911
Seychelles,2009,64.28,9.08878100594942,18453.44107303479,62.98047110797629,3.61,1.1320000000000001,97.26817408988609,4.43326807,7.24676378861025,5.389306802857142,0.2472190060693157
Seychelles,2010,64.46,8.99566322405777,18981.658650344347,63.0952551426482,3.57,1.082,97.46529346089581,5.35168219,7.218519337481969,6.21453624505291,0.2651316328876217
Seychelles,2011,64.56,10.483632360563199,21780.707557605696,63.210039177320205,3.36,1.141,97.6624128319055,5.33887625,7.1451393469657,6.140554233756614,0.2635257617300293
Seychelles,2012,64.52,9.81980568508283,22263.822159947045,63.324823211992204,3.22,0.976,97.85953220291509,6.26212692,7.0693067317641605,4.565733704886699,0.22934233225325837
Seychelles,2013,64.53,9.6559410030708,22487.249774700045,63.4396072466641,3.12,1.237,98.0566515739248,4.97011757,7.031368611798119,26.196795590882505,0.6988713134497461
Seychelles,2014,64.45,9.06745868961229,24984.52691542602,63.554391281336095,3.08,1.498,98.2537709449345,4.76223993,7.0307535748582195,26.312344012902503,0.7013794350184349
Seychelles,2015,64.38,9.00174536475684,25435.228989436182,63.6691753160081,3.04,1.759,98.45089031594419,4.30914021,7.05775929198588,25.09112864981048,0.6748714434886562
Seychelles,2016,64.31,9.9122300080876,28811.39703349581,63.71204887374039,3.0,2.02,98.64800968695391,4.71349716,7.09153986942388,35.66005146577005,0.9042829993464173
Seychelles,2017,64.32,9.84794743856559,30674.648733544203,63.716361888488294,2.97,2.1740000000000004,98.8451290579635,4.47661018,7.141109969624599,32.47326192070176,0.8351097864792187
Seychelles,2018,64.29,9.35591484940797,32091.2988657346,63.720660016561496,3.24,2.3280000000000003,98.8746286644801,4.56915951,7.2279207232267,30.397593324905007,0.790054829574077
Seychelles,2019,64.31,9.43411735985982,34219.06137011796,64.12831145469579,3.25,2.1069999999999998,98.885830584073,4.35729456,7.36545956030786,35.35181292228572,0.8975923001079584
Seychelles,2020,67.09,8.49983857722866,31055.94420550395,64.2430954893678,3.19,2.1069999999999998,98.89699061452271,6.03121805,7.57787365638327,39.912195124482515,0.9965810423411964
Seychelles,2021,64.72,8.49983857722866,29979.827268609057,64.35787952403979,3.19,2.1069999999999998,98.8985665517452,5.20266438,7.891858928752919,40.06970549693007,1.0
Sierra Leone,2000,43.07,41.6831849365454,1242.074320449485,5.16796934063687,0.4,0.03,7.6946873419949195,8.48961735,3.5392461566753797,-1.1390519866666666,0.10551289531593055
Sierra Leone,2001,44.07,41.76188178453,1121.2426009952926,5.2832561366300395,0.4,0.03,7.9261709279321595,8.36564541,3.5023857721611296,0.14329999999999998,0.13334793295801226
Sierra Leone,2002,44.38,41.7816783655733,1359.9172565124632,5.467281010551161,0.4,0.03,8.158258253833651,9.40313911,3.4694613798089904,3.3533381886190474,0.2030257864192842
Sierra Leone,2003,44.59,41.7517372598839,1457.8016785745822,5.656955541087361,0.4,0.03,8.390952019274371,8.453306199999998,3.4379926789703603,3.6852310459523805,0.21022993182792915
Sierra Leone,2004,44.85,41.681221047670896,1541.0057132143847,5.852204244446501,0.4,0.03,8.94954704248469,8.67061424,3.4077886684256,3.208763874571429,0.199887621925108
Sierra Leone,2005,45.13,41.5792923091429,1614.5036192517387,6.05914807762509,0.4,0.026375,9.53865069026283,9.04395866,3.3788206853775096,2.426263106108374,0.18290247387558994
Sierra Leone,2006,45.5,41.0215479649101,1697.6968042127814,6.275895942336541,0.4,0.02275,10.156650697941,9.02353287,3.35274495392096,12.585072573048857,0.4034120117022954
Sierra Leone,2007,45.91,39.8572436975635,1769.7797212546711,6.49753887257046,0.4,0.019125,10.7956031143398,8.52283859,3.32986192793014,14.194854562460316,0.4383543229683991
Sierra Leone,2008,46.58,38.5060302302833,1824.244983675556,6.723951125360349,0.4,0.0155,11.4555098785818,8.81158161,3.31060537624969,2.815784934791666,0.19135752746192658
Sierra Leone,2009,47.21,37.3875582862496,1814.070869173503,6.954935879407519,0.4,0.018250000000000002,12.136220646918499,9.68422222,3.2963367329978697,15.943619434720045,0.4763134297913472
Sierra Leone,2010,47.91,36.9214785886428,1900.385152067029,7.19037206125468,0.4,0.021,12.837725625722001,9.12688351,3.2842502483642995,2.9472129332753916,0.19421033489939726
Sierra Leone,2011,48.53,43.1349217295232,2042.700091013986,7.43020620088938,0.4,0.025,13.560179607066699,10.76753807,3.26978695529579,14.900319320721447,0.45366730903270425
Sierra Leone,2012,49.14,42.396989578067895,2317.191399752804,7.674309681624269,0.4,0.031714285714285716,14.3035861709667,8.94355106,3.25522661912234,2.705631399486806,0.18896650858918385
Sierra Leone,2013,49.74,34.4203331673694,2700.7380780525878,7.92242664066615,0.4,0.03842857142857143,15.067603365427198,11.59017754,3.22857964375162,14.23563375301725,0.43923948579106253
Sierra Leone,2014,48.78,36.2193735145078,2762.0455374594812,8.17456211803624,0.4,0.04514285714285715,15.8525627081666,19.69004631,3.1852492261558902,14.925945661477979,0.4542235604886255
Sierra Leone,2015,49.65,51.8061671080408,2560.049858075927,8.43052650711605,0.4,0.051857142857142866,16.658285785653803,19.65816307,3.15426090082563,15.145255978239092,0.4589839624576749
Sierra Leone,2016,51.23,48.7036743850653,2634.925243302502,8.690249900847268,0.4,0.05857142857142858,17.4849469878374,15.78850651,3.1406826212017993,17.423114742187376,0.5084277073086176
Sierra Leone,2017,51.58,44.70737675689361,2501.453155448197,8.953960476767,0.4,0.0652857142857143,18.3338579581936,9.399761199999999,3.1321945350093503,15.886006790782995,0.4750628760203688
Sierra Leone,2018,52.17,44.3351501101334,2640.475667876458,9.221558973867461,0.4,0.07200000000000001,19.205484723374,8.28987598,3.12991631680085,14.940531507004152,0.45454016432554706
Sierra Leone,2019,52.63,38.5920982937814,2704.0583586675616,9.49277906546491,0.4,0.032,20.0997388519849,9.12992668,3.1351627284615295,15.617826430653261,0.46924168925051624
Sierra Leone,2020,52.65,43.2210935036927,2719.072868158068,9.767402973387892,0.4,0.07,21.0167123808123,9.32588673,3.14095012004967,19.504258484269332,0.553601509043049
Sierra Leone,2021,53.13,43.2210935036927,2849.388659264359,10.0452080231167,0.4,0.07,21.956498765922603,8.55334377,3.1515941117302595,15.047444922702368,0.45686085239040436
Singapore,2000,69.41,19.7999719213474,43781.26914968095,100.0,2.9000000954000003,1.376,100.0,3.343364,6.249756830130511,6.3212276202396565,0.26744750128825334
Singapore,2001,69.88,19.3142628589039,43109.064194015664,100.0,2.9000000954000003,1.4369999999999998,100.0,3.16302657,6.35275642430359,0.71825,0.145827934594626
Singapore,2002,70.05,18.5842525658608,45083.25299045727,100.0,2.8500000477,1.443,100.0,3.358464,6.4447293967712,6.494728867826558,0.2712135606913998
Singapore,2003,70.27,17.7392806593529,48778.29833012439,100.0,2.8,1.489,100.0,3.60699272,6.58553323933213,6.135121125068616,0.2634078293788368
Singapore,2004,70.81,16.908686756515,54383.80623322187,100.0,3.0,1.52,100.0,3.15019798,6.81212169141942,6.146061689048905,0.2636453078663218
Singapore,2005,70.99,16.221810474481998,58821.693465090095,100.0,3.2,1.5530000000000002,100.0,3.03367925,7.04428055389378,5.677458538559992,0.2534736962739677
Singapore,2006,71.35,15.6032041493169,64060.56860424245,100.0,2.47,1.545,100.0,2.9347465,7.18262614197499,5.045043730274463,0.2397463498222377
Singapore,2007,71.11,14.9552764832534,68804.9832153264,100.0,2.37,1.5830000000000002,100.0,2.83749056,7.18487810874108,5.2472647860485,0.2441358082221294
Singapore,2008,71.44,14.3741516426824,67735.34808520187,100.0,2.3,1.621,100.0,3.19488454,7.168620069190331,5.678270272649554,0.2534913159674475
Singapore,2009,71.93,13.955953793994901,66212.96255615201,100.0,2.24,1.661,100.0,3.39370513,7.2464850281293405,5.087047288872057,0.24065808906920103
Singapore,2010,72.1,13.796807103582001,75400.55579841773,100.0,2.15,1.749,100.0,3.1982615,7.337236021015499,4.714247856469802,0.23256601579933614
Singapore,2011,72.26,15.503093233533402,80052.39149826506,100.0,2.1,1.8259999999999998,100.0,3.1539185,7.482267799690441,4.702151055350733,0.23230343975313425
Singapore,2012,72.45,16.9223599271481,82107.72708920916,100.0,2.15,1.9,100.0,3.32392788,7.78031524333552,5.452780627443376,0.24859678402343055
Singapore,2013,72.57,18.076662563077,83088.31854116582,100.0,2.15,1.999,100.0,3.68225336,8.16514295512923,5.215169527575595,0.2434391408975457
Singapore,2014,72.76,17.2816885850335,84555.24461008265,100.0,2.2,2.106,100.0,3.87132597,8.57606405394016,4.670091034105225,0.23160753729620095
Singapore,2015,72.94,17.183303296040698,87156.18738331503,100.0,2.35,2.205,100.0,4.18061399,8.99820725948152,4.901108310393913,0.23662205331701816
Singapore,2016,73.25,15.900294890346,89901.81591650358,100.0,2.44,2.27,100.0,4.35019255,9.447941211877989,4.395154539866015,0.22563970027025054
Singapore,2017,73.26,16.0768840541767,95744.18216009572,100.0,2.42,2.322,100.0,4.31881618,9.964019954395711,3.6643613821525265,0.20977692993493363
Singapore,2018,73.5,15.9768571619193,103963.36329269042,100.0,2.5,2.3680000000000003,100.0,4.01883841,10.483648614099598,4.946461310188979,0.23760649633235478
Singapore,2019,73.8,17.0759063187283,105335.29197411086,100.0,2.6,2.434,100.0,4.35299158,10.975053189730199,4.977743266884401,0.23828550993485123
Singapore,2020,73.8,13.8691955865476,101518.31798443981,100.0,2.63,2.508,100.0,5.61608791,11.5849477696371,4.206860391935502,0.2215525426490007
Singapore,2021,73.65,13.8691955865476,132617.3540208764,100.0,2.65,2.596,100.0,5.16690779,12.258194216314001,6.459397715621975,0.27044665428677916
Slovenia,2000,65.98,20.762940740181698,17887.779741786857,91.8356262672664,5.41,2.156,99.11167512690349,7.80406952,13.907125773096302,3.1138077049047044,0.19782648069048364
Slovenia,2001,66.08,20.934197023156198,18765.448107596832,91.8310347829656,5.19,2.182,99.11167512690349,7.87602425,14.204225907797198,1.3256875,0.15901311764383125
Slovenia,2002,66.28,21.268223162792,20004.299095971477,91.8264432986647,5.12,2.238,99.11167512690349,8.02119827,14.4943829533612,4.270162301143428,0.22292658896696874
Slovenia,2003,66.15,21.649650567010497,20918.243260860545,91.8218518143639,4.97,2.254,99.11167512690349,8.09883499,14.7644655682086,4.626436179184109,0.23065995461794778
Slovenia,2004,66.67,21.9631106437327,22590.792129954432,91.817260330063,4.8,2.298,99.11167512690349,7.93957281,15.042148534394801,4.899763609785802,0.2365928649253494
Slovenia,2005,66.94,22.093234800879898,23682.37108491529,91.81266884576219,4.82,2.34,99.11167512690349,7.99595737,15.330583923640198,4.205131829064437,0.22151502205162726
Slovenia,2006,67.35,21.7654811995932,25576.51931670464,91.80807736146141,4.75,2.354,99.11167512690349,7.82322693,15.6015833347478,4.8200507835884965,0.23486259933459977
Slovenia,2007,67.5,20.9839149196018,27469.041298856744,91.8034858771605,4.65,2.379,99.0583073018352,7.51139164,15.852633172927101,4.6399842608511985,0.23095403250537844
Slovenia,2008,68.04,20.0510777467089,29460.941424351513,91.79889439285971,4.71,2.386,99.0049394767669,7.85466576,16.1194428580917,4.229557112352006,0.2220452030680697
Slovenia,2009,68.18,19.2695114667176,27214.46531475461,91.79430290855879,4.59,2.403,98.95157165169859,8.54080105,16.3151255055001,4.782669864883017,0.23405120021011505
Slovenia,2010,68.57,18.941757865430898,27582.497741718555,92.3628182051427,4.55,2.42,98.89820382663021,8.56503296,16.3680688560959,4.603877394546386,0.23017028826574532
Slovenia,2011,68.81,20.6973508722527,28715.63399549628,92.93127616608959,4.6,2.479,98.8448360015619,8.53639603,16.4955993838356,4.9647013522125985,0.23800241902877475
Slovenia,2012,68.88,18.343019121473397,28786.71055176862,93.4996767913996,4.52,2.526,98.79146817649358,8.71509933,16.7904579946341,4.3681096985818595,0.2250526585040305
Slovenia,2013,69.1,18.16324478528,29634.06576114706,94.06802008107272,4.52,2.613,98.7381003514252,8.74028301,17.1479957003396,2.4627206420638705,0.18369382983418026
Slovenia,2014,69.62,17.797042488429998,30571.97530198317,94.63630603510859,4.51,2.753,98.68473252635691,8.50197601,17.5469496825326,4.969392589546639,0.23810424814366576
Slovenia,2015,69.41,17.7209260643327,31344.628974305826,95.2045346535076,4.48,2.802,98.63136470128859,8.49823952,18.018424745879397,3.7920044458580278,0.2125475806766452
Slovenia,2016,69.72,16.4517774590328,33575.17754357573,95.77270593626949,4.43,2.978,98.57799687622021,8.47801018,18.5120548294753,4.728356288392793,0.23287225678288076
Slovenia,2017,69.79,16.502696435309,36180.03845476238,96.34081988339442,4.43,3.054,98.5246290511519,8.18480873,19.0009988314642,3.2856768297323646,0.20155711284829314
Slovenia,2018,69.98,18.1801552844915,38620.20454363048,96.9088764948824,4.36,3.13,98.4712612260836,8.27693176,19.4617683036878,4.47876319855633,0.22745452972896904
Slovenia,2019,70.23,13.908216576234901,42373.25063692791,97.4768757707333,4.38,3.2239999999999998,98.4178934010152,8.49057198,19.851668358980397,4.516203631150493,0.2282672206760961
Slovenia,2020,69.47,14.291152750681801,41767.25798999567,98.0448177109473,4.25,3.279,98.3645255759469,9.42807865,20.1213887142885,4.233742513928886,0.2221360523915402
Slovenia,2021,69.36,14.291152750681801,45914.057239240545,98.6127023155244,4.25,3.326,98.3111577508786,9.48055363,20.4309073032618,5.903822252933863,0.25838720097151685
Solomon Islands,2000,56.3,12.7925434315937,1502.8877696722643,69.9320099057864,2.2,0.13,21.818825725267896,4.82778931,3.39365539913138,-0.9944871794871797,0.1086508534517628
Solomon Islands,2001,56.35,12.8153735261217,1387.1958686127095,69.9320099057864,2.2,0.13,22.0200324772691,6.60712814,3.3986084052323995,0.24493749999999997,0.13555410074015214
Solomon Islands,2002,56.37,12.788650887328998,1343.739163568673,69.9320099057864,2.2,0.13,22.225386936529798,10.10627556,3.4025533625683098,0.8013076923076924,0.1476308046458189
Solomon Islands,2003,56.43,12.7455152801093,1433.0952020912314,69.9320099057864,2.2,0.13,22.434890996967102,7.07724714,3.4054233208588998,1.4526041666666665,0.16176800103841085
Solomon Islands,2004,56.5,12.7191064693561,1556.4697491383693,69.9320099057864,1.8,0.1575,22.648543119976395,7.72556639,3.4103718624305,1.078570158117647,0.15364912976466366
Solomon Islands,2005,56.57,12.7425642199631,1693.1919351482827,69.9320099057864,1.4,0.185,23.2806567827526,9.01794529,3.4187883799905,2.0072500013333334,0.17380727562642892
Solomon Islands,2006,56.65,12.841850129227801,1786.1396290007347,69.9320099057864,1.4433333333333334,0.181,23.918324747361698,8.00802231,3.43169712374147,2.001894444444445,0.17369102663305858
Solomon Islands,2007,56.61,12.996190383613698,1868.755072145781,69.9320099057864,1.4866666666666666,0.17700000000000002,24.5615868836554,7.18583059,3.44812763230635,2.1760964920614034,0.17747229776856793
Solomon Islands,2008,56.86,13.168621631763699,1989.0135920954046,69.9320099057864,1.5299999999999998,0.17300000000000001,25.2110099133869,5.50856638,3.46498555396136,3.8532957400150374,0.21387798410544706
Solomon Islands,2009,56.94,13.3221805223207,2021.4631508686912,69.9320099057864,1.5733333333333333,0.181,25.8655809274752,6.60898542,3.47714232226363,3.6045655395137843,0.20847898713296095
Solomon Islands,2010,57.1,13.4199037039275,2182.216038588367,69.9320099057864,1.6166666666666667,0.189,26.5258667445609,4.66450787,3.47028339412498,3.63426353316792,0.20912361885642863
Solomon Islands,2011,57.22,13.3086086795295,2306.2812795062914,69.9320099057864,1.66,0.19699999999999998,27.188194491018702,5.0260191,3.4538697338795,3.7416849624060147,0.21145533398417685
Solomon Islands,2012,57.37,13.3168981062044,2320.4534614688405,69.9320099057864,1.4,0.152,27.8531008197691,4.87760258,3.44809551495668,3.7676849624060154,0.21201969617663177
Solomon Islands,2013,57.48,13.5787313517494,2394.467880836461,69.9320099057864,1.4,0.184,28.5200623498988,4.58157206,3.4552773785812096,3.8462804511278192,0.21372570857402035
Solomon Islands,2014,57.57,13.674343601011698,2377.3839701581533,69.9320099057864,1.4,0.18633333333333332,29.1885477185461,4.89056253,3.47831443262204,3.888501752842491,0.21464217420494314
Solomon Islands,2015,57.72,13.388977783011999,2353.782352836808,69.9320099057864,1.4,0.18866666666666668,29.8590956039926,4.44853306,3.5178248868106,4.2011886219047625,0.2214294298578604
Solomon Islands,2016,57.83,13.472025954333802,2421.1899111894345,69.9320099057864,1.4,0.191,30.530634564099998,4.52952909,3.57280618256782,3.2187249192380953,0.20010383873307808
Solomon Islands,2017,57.92,13.434058342960999,2454.0467191424336,69.9320099057864,1.4,0.191,31.203697853169498,4.16556406,3.6405917410888398,3.5069370389999994,0.20635983964849766
Solomon Islands,2018,58.02,14.273115704939801,2493.976757375513,69.9320099057864,1.4,0.191,31.878284616984896,3.86440825,3.7166778780455796,3.8645460689047617,0.21412218642383338
Solomon Islands,2019,58.12,14.3002352896823,2512.013879734477,69.9320099057864,1.4,0.191,32.5533129184691,4.43728065,3.7418955238433997,4.202896105153846,0.2214664928959386
Solomon Islands,2020,57.91,13.9542830081778,2405.315093647036,69.9320099057864,1.4,0.191,33.2293129783629,4.89478445,3.70276347283673,3.889613587648351,0.21466630795604635
Solomon Islands,2021,57.37,13.9542830081778,2449.870098214515,69.9320099057864,1.4,0.191,33.9057348441726,4.94758463,3.65490567361425,3.5178565014871794,0.20659686010194742
South Africa,2000,49.4,24.3617741485462,8095.2942886792935,63.2477289873236,3.02,0.7170000000000001,60.4973716866815,7.3366188999999995,4.74652112268227,4.367782445173079,0.2250455550635971
South Africa,2001,48.34,24.0639428788771,8428.316817075309,63.6980733627061,3.02,0.7170000000000001,61.2759508701069,7.12327909,4.81691742121693,1.0096,0.15215204708584681
South Africa,2002,47.07,23.5893636134975,8792.355885742649,64.5080250928545,3.02,0.7170000000000001,62.062372447210905,6.67774487,4.88404325625375,4.725596168232187,0.23281234495729314
South Africa,2003,45.94,23.0775934481989,9138.828238550166,65.32522063349201,2.91,0.7170000000000001,62.8465144848753,7.04098177,4.9518129230742804,5.025825992988183,0.2393292050395874
South Africa,2004,45.36,22.668189478772604,9713.653484688344,66.1376626325665,2.8,0.7170000000000001,63.6233578866547,6.938416,5.0230294914596305,5.037909821630338,0.2395914995021157
South Africa,2005,45.16,22.500708801010198,10440.627514713193,66.94336066807979,2.8,0.7210000000000001,64.3920939153514,6.86216164,5.0956088986201395,4.213000557468374,0.2216858225444687
South Africa,2006,45.21,22.7170362946248,11250.179555872024,67.385594468861,2.58,0.7250000000000001,65.1530628772458,6.87650871,5.15488663739352,21.717191584008106,0.6016359619632273
South Africa,2007,45.85,23.2441138514745,12046.605107250107,67.6639002510223,2.36,0.7290000000000001,65.9061304060194,6.90510845,5.201154115076269,4.735598044339545,0.2330294480622397
South Africa,2008,46.67,23.8990840855684,12525.263029981108,67.92725183610929,2.35,0.7330000000000001,66.6513463502515,7.14832258,5.235732214545321,20.08729950760494,0.5662571363592352
South Africa,2009,47.77,24.499089610915497,12261.411591130325,68.1734096388476,2.315,0.7370000000000001,67.3878839823923,7.64941454,5.2484455575721505,4.456779974826949,0.2269773566389252
South Africa,2010,49.24,24.861273041525003,12637.291222601758,68.40384473257029,2.28,0.7410000000000001,68.1161861329021,7.79358244,5.2473699446762305,20.53743107355566,0.5760277993382013
South Africa,2011,50.84,24.9968845183073,13143.193336109698,68.6179387859651,2.28,0.745,68.8359875393952,7.94434404,5.241522322632769,3.809511936771331,0.21292760244419198
South Africa,2012,52.23,24.644410501173102,12986.797667530722,68.8160339814044,2.28,0.749,69.5473276761195,8.00428867,5.25022267206233,4.009930442668699,0.21727793426714498
South Africa,2013,53.27,24.1607460915842,13369.43820396055,68.9967114621755,2.28,0.753,70.2497373907273,8.10322285,5.287842727833519,24.299038961509318,0.6576781560613263
South Africa,2014,53.84,24.5484834922425,13358.941718660848,69.16121844610821,2.28,0.757,70.9435261806792,7.87136555,5.331154977633401,23.331160824045263,0.6366691626886956
South Africa,2015,54.25,24.596405300652698,13397.523481334629,69.30901510818,2.28,0.761,71.62847631293441,8.05304241,5.369611431050321,20.033446943955475,0.5650881997865226
South Africa,2016,54.75,24.1476891116721,13519.323510237627,69.4400283108423,2.28,0.765,72.3045193020221,8.07959366,5.47353488678247,23.941326785056663,0.6499135703624555
South Africa,2017,55.45,23.754937395964,13738.43858545956,69.5538303347027,2.28,0.7879999999999999,72.9715054204693,7.97711229,5.628055665046969,22.301159866118624,0.6143117165792283
South Africa,2018,55.9,23.812250404877602,13347.363482603769,69.65041662053859,2.28,0.759,73.62940782826679,8.08196545,5.77660923535215,21.749653401225068,0.6023405858992134
South Africa,2019,56.29,23.1897720637682,13361.48512891124,69.72977699107079,2.28,0.799,74.2781920666219,8.24652576,5.94522019077183,22.819771816293393,0.6255688310882267
South Africa,2020,55.04,23.753069242361,12671.086243685098,69.7921809477187,2.28,0.804,74.917857781457,9.01329231,6.10948899119405,27.565138561600225,0.7285728918722281
South Africa,2021,52.76,23.753069242361,13681.95481448131,69.60954237196451,2.28,0.809,75.5483071505453,8.67432785,6.23462554910074,24.277601813828113,0.6572128362280438
South Sudan,2011,50.86,38.3770105110017,2718.048478507519,69.9320099057864,2.13,0.04,6.98593579388276,15.957304,2.55044440139582,0.306564705882353,0.1368917955488689
South Sudan,2012,51.18,39.0581251798986,1417.38566439045,69.9320099057864,2.13,0.04,7.58007556158214,15.957304,2.56102039374354,1.242501455026455,0.1572074615391034
South Sudan,2013,50.95,37.4737878139751,1916.853558861905,69.9320099057864,2.13,0.04,8.200892545015991,15.957304,2.5681481708023397,4.596208998301094,0.23000383623045279
South Sudan,2014,50.99,31.496531102241,1372.7561849114584,69.9320099057864,2.13,0.04,8.84915620851998,15.957304,2.55865282578283,4.130165821753179,0.21988779204217443
South Sudan,2015,51.16,38.259364449625295,1154.8868630410664,69.9320099057864,2.13,0.04,9.52607939004663,15.957304,2.5348768044183196,4.700796564166667,0.23227403884489192
South Sudan,2016,51.09,35.2985387463615,1154.8868630410664,69.9320099057864,2.13,0.04,10.2323689883362,15.957304,2.51922835075791,5.093715091863665,0.24080282198901645
South Sudan,2017,50.84,35.0660036732304,1154.8868630410664,69.9320099057864,2.13,0.04,10.968942628146,15.957304,2.52351716932591,5.35726487397436,0.2465234963295168
South Sudan,2018,50.83,34.3895571040528,1154.8868630410664,69.9320099057864,2.13,0.04,11.737005779493,10.05650043,2.56144511639214,5.45780674729433,0.2487058821779931
South Sudan,2019,50.96,33.359979472845104,1154.8868630410664,69.9320099057864,2.13,0.033,12.5375975656084,9.03741074,2.62643590603589,5.561299164242424,0.25095231322919637
South Sudan,2020,50.84,30.737347861347605,1154.8868630410664,69.9320099057864,2.13,0.043,13.0864589618101,9.31798267,2.6939373650449197,4.788775893167113,0.23418373911433057
South Sudan,2021,50.53,30.737347861347605,1154.8868630410664,69.9320099057864,2.13,0.043,13.645828103480302,6.25598812,2.7616931320162896,5.322677945585858,0.24577274422430082
Spain,2000,68.89,16.0217993612102,21577.59731367995,99.3596106186302,3.63,3.122,99.81337600395,6.7992177,16.547877414587,5.283902557359911,0.24493107641228212
Spain,2001,69.12,15.8475793759903,22954.82049112524,99.3603460800504,3.57,3.127,99.81323866213958,6.76895761,16.810310879346098,1.4861874999999998,0.1624969688703318
Spain,2002,69.19,15.5644729498625,24377.84170763938,99.39460005730659,3.52,3.1260000000000003,99.82037508510972,6.80052757,16.9184155055798,5.834813083450301,0.2568892715027
Spain,2003,69.13,15.2122004417795,25060.51537657412,99.42955520203779,3.43,3.22,99.82743070462709,7.56327105,16.8143513811509,5.571030145041795,0.2511635362160683
Spain,2004,69.53,14.830482210694301,26163.30462454519,99.4647073774173,3.4,3.4410000000000003,99.8345059516588,7.65047979,16.6200037719819,5.495197675600968,0.24951749857326458
Spain,2005,69.53,14.4590386155595,27629.707702496547,99.50004340290009,3.34,3.543,99.84161339823869,7.73974037,16.5458746280758,5.277872019345416,0.24480017611783814
Spain,2006,69.99,14.022040909118301,30755.29878886458,99.5355576882227,3.29,3.623,99.84873821793829,7.82905912,16.5359190105435,5.049029717620852,0.23983287061292635
Spain,2007,69.98,13.490557436925002,32537.34354027355,99.5712636711611,3.25,3.5589999999999997,99.85588309623209,7.91865778,16.4323340980449,24.440502449659167,0.6607487962276559
Spain,2008,70.18,12.9746541971488,33349.94258061295,99.60714416175709,3.2,3.5439999999999996,99.8630455498867,8.38225937,16.443882600418302,5.073734646088546,0.24036912167425215
Spain,2009,70.43,12.584397187959,32201.47735278142,99.64320065390301,3.16,3.597,99.8702292600301,9.10764027,16.624463548763,5.365618489430536,0.24670482189620035
Spain,2010,70.69,12.4298524075247,31808.217987953867,99.6579329509429,3.11,3.758,99.87743383075541,9.1189127,16.8924601879808,4.974047789947157,0.23820529503229473
Spain,2011,70.77,13.4200482874381,32015.57520004012,99.66085182318069,3.05,3.8360000000000003,99.88466229753121,9.167969699999999,17.168705483850697,5.294328574186285,0.2451573860166938
Spain,2012,70.88,12.039543297625501,31869.78398222193,99.64992031140741,2.99,3.825,99.8919111266773,9.15596581,17.4565170843771,4.626327747397833,0.23065760097176954
Spain,2013,71.22,11.2505956077366,32613.689181147387,99.62333029945931,2.96,3.812,99.8991712740444,9.06588078,17.850818523935,4.618818936923757,0.23049461294323575
Spain,2014,71.28,10.579859211044301,33760.955564636875,99.59659464480379,2.97,3.802,99.9060955227569,9.08675957,18.2556448430349,5.207334199092408,0.24326906539133894
Spain,2015,71.11,11.2555313002962,35238.06913764237,99.5993507355325,2.98,3.847,99.91246542077221,9.12383366,18.541754607808798,4.482712863372939,0.22754026209417536
Spain,2016,71.38,10.338836110853,37612.71886813415,99.583883949636,2.97,3.824,99.91888509138441,8.94896126,18.7673388766097,4.270453835195096,0.22293291707452925
Spain,2017,71.35,10.4366670528408,39825.24981162915,99.56836360727881,2.97,3.878,99.9198350404292,8.94652462,18.9928200430073,3.988899836284184,0.21682143891607492
Spain,2018,71.42,10.1845744948112,41015.15657551875,99.55280491637691,2.97,4.021,99.9195992102324,8.9985857,19.202340840868303,4.157592199909415,0.22048311553861102
Spain,2019,71.69,9.35354339662499,44042.75757733598,99.5372067786162,2.95,4.404,99.91935053769251,9.1348772,19.3818276285973,4.649333888318643,0.23115697774600014
Spain,2020,70.63,9.58105460690675,39327.84792695986,99.521560453433,2.95,4.577,99.9191055578582,10.73210335,19.5596160856506,4.537639011051572,0.2287325021375221
Spain,2021,71.11,9.58105460690675,44251.66582226214,99.50586832486721,2.94,4.48,99.9188670826466,10.30862141,19.8133822943511,5.651600840295285,0.2529124229168712
Sri Lanka,2000,62.4,26.659822449137,4367.80358983464,45.1869861975806,3.04,0.424,76.8072668848757,4.10818672,6.20541999740995,4.81308084651629,0.23471130822047118
Sri Lanka,2001,63.3,26.722809505096002,4328.191411125985,45.290257106173705,3.13,0.44299999999999995,77.60401163374009,4.05662823,6.268899363468409,0.6071249999999999,0.1434158288778355
Sri Lanka,2002,63.88,26.720661582584402,4522.327696400724,45.3930593436735,3.0,0.4746666666666666,78.4039232794379,4.03715754,6.351008535298231,5.166193765357143,0.2423760613382089
Sri Lanka,2003,63.93,26.646353584863895,4849.86023450517,45.49640529822761,3.19,0.5063333333333333,79.20697555122891,3.64646697,6.4404962799453696,5.109188337003105,0.2411386879332967
Sri Lanka,2004,60.39,26.4928604151958,5215.8802443715385,45.599784775922394,2.95,0.5379999999999999,80.0131764124299,4.03912592,6.526756176258941,4.198435596501009,0.2213696720327548
Sri Lanka,2005,64.03,26.253156976841602,5678.7464777851155,45.7027013535073,3.13,0.518,80.8225453170759,3.87908745,6.6212938826354595,3.2895417722350424,0.2016410062107748
Sri Lanka,2006,63.93,25.8583485895535,6260.679901548039,45.8829944206069,3.37,0.517,81.63505638942591,3.85019565,6.7359365924754595,3.054120775026825,0.1965309019748381
Sri Lanka,2007,64.31,25.2426185148487,6820.393100233685,46.0627136361426,3.42,0.5489999999999999,82.4507307606243,3.82258177,6.8710596951232805,13.670030319745587,0.4269623629579384
Sri Lanka,2008,63.75,24.403558568636697,7316.586265109508,46.242866557326096,3.35,0.615,83.2695498205745,3.85482955,7.031758301195509,2.369870840434632,0.18167840992585405
Sri Lanka,2009,63.09,23.3387605668271,7575.5798872493115,46.422953496532095,3.46,0.6709999999999999,84.09152649448859,4.05676842,7.21487095447749,2.4284740749861693,0.18295046569264078
Sri Lanka,2010,64.52,22.045816325329398,8233.62663813947,46.602452579027606,3.51,0.71,84.916653598686,3.7414515,7.42722778757253,2.618597442202612,0.18707732878337863
Sri Lanka,2011,65.24,19.3067208821847,9075.545495894998,46.782396328447,3.54,0.723,85.744932124631,3.5819521,7.680048139258861,2.409561871040249,0.18253995288944563
Sri Lanka,2012,65.76,20.913185368546102,10249.167063771447,46.962271892912796,3.62,0.747,86.576365798464,3.30659294,7.970404816221559,2.427763773648961,0.1829350477226419
Sri Lanka,2013,65.91,21.972178199763498,11252.631149191091,47.15099315175139,3.7,0.7809999999999999,87.410942249761,3.69365358,8.29233506128403,2.1027246222795704,0.17587967048800668
Sri Lanka,2014,66.19,19.783126539058102,11720.597811037376,47.3492388322291,3.77,0.8190000000000001,88.24872000557829,3.46786141,8.63567606310462,2.528057696110815,0.18511205149073715
Sri Lanka,2015,66.39,17.911704624530103,12227.171484951274,47.5571738423438,3.78,0.845,89.0897723399477,3.6826396,8.990545615763919,2.31935055207699,0.18058180451427813
Sri Lanka,2016,66.61,19.521371968942002,13078.56050890717,47.7744271944304,3.81,0.8759999999999999,89.93415912469891,3.61788416,9.34550801437968,3.429820429946394,0.20468592816541373
Sri Lanka,2017,66.72,18.3492016336564,13610.47231366177,48.001681106013,3.87,0.9109999999999999,90.7819310655448,3.33093429,9.69368587386127,2.120348892041979,0.1762622270850655
Sri Lanka,2018,66.92,20.8478350946817,14178.022536188653,48.1392631930526,3.93,0.988,91.6331770755008,3.6418879,10.035973385841901,3.083982674905279,0.19717909148584867
Sri Lanka,2019,67.09,19.779803654502,14112.952504220966,47.8763818490786,4.0,1.137,92.48794798003391,3.89904952,10.3754608627101,3.9415301692435234,0.21579322164119313
Sri Lanka,2020,69.25,19.9644408635608,12940.904329574932,47.617270793877104,4.02,1.212,93.3463184770693,4.06134748,10.715710847096599,3.883838432,0.21454095105206666
Sri Lanka,2021,66.73,19.9644408635608,14316.135222568291,47.3605279862347,4.02,1.192,94.2083491070029,4.02830219,11.0456449788576,5.045847522011637,0.23976379711712495
Sudan,2000,54.13,55.7364688042335,2616.46459960938,69.9320099057864,0.81,0.158,17.357535490313097,3.60664487,2.91421952701906,-0.7877321298681319,0.11313872780192172
Sudan,2001,54.54,56.28716461102879,2769.4228515625,69.9320099057864,0.74,0.184,17.374607093096,3.36456871,2.87989137619723,-0.2758333333333333,0.12425012499912999
Sudan,2002,54.75,56.688232075569,2898.138671875,69.9320099057864,0.73,0.21000000000000002,17.3916786977486,3.30010891,2.84434043261617,-0.5427074333333332,0.11845729222276714
Sudan,2003,55.13,57.00383623202271,3058.10375976563,69.9320099057864,0.73,0.23600000000000002,17.4087500196024,3.89187932,2.8094076689433902,-0.922849557164021,0.11020583674393801
Sudan,2004,55.13,57.2981421145582,3215.236328125,69.9320099057864,0.71,0.262,17.4258224608883,4.15593481,2.76709606492364,0.3003860727816092,0.13675768066721083
Sudan,2005,56.15,57.635314757344105,3407.35180664063,69.9320099057864,0.72,0.3135,19.1365769047278,4.09418154,2.71830799150425,0.013546881476190353,0.13053148086385993
Sudan,2006,56.5,57.96111680000789,3637.32666015625,69.9320099057864,0.73,0.365,20.847155150977603,4.88544321,2.67909116639606,9.74171507505351,0.3416934166445341
Sudan,2007,56.9,58.238491748045504,3836.48901367188,69.9320099057864,0.76,0.364,22.8360801058185,5.66269159,2.6513885175266902,0.02887916587500001,0.13086428708073128
Sudan,2008,57.2,58.5573759344283,3937.52685546875,69.9320099057864,0.73,0.337,24.8798414748603,5.42313576,2.62342237033543,0.25225663695891615,0.13571297167019106
Sudan,2009,57.49,59.007705692127196,3731.61474609375,69.9320099057864,0.73,0.337,26.985005939161,6.39496326,2.59857553473495,0.008174624874999915,0.13041486938255692
Sudan,2010,57.91,59.679417354113504,3805.62744140625,69.9320099057864,0.72,0.337,29.151706907256397,5.05810165,2.58663993441425,0.04533941773479091,0.13122157722796018
Sudan,2011,58.03,62.2941694151786,4112.21875,69.9320099057864,0.84,0.337,31.379700602996802,5.61579561,2.58653611654372,-0.3717619356774199,0.12216787590920516
Suriname,2000,61.38,32.1762435989463,7535.452941582942,51.5803962822548,3.9,0.39899999999999997,78.0261256777533,5.87092161,4.49445392043941,6.125175017666666,0.2631919368026923
Suriname,2001,61.31,31.5360033702711,7865.102623462305,51.81575294955999,3.5999999045999997,0.49499999999999994,78.3498083783454,3.82474971,4.79602186371862,1.048875,0.15300455959002632
Suriname,2002,61.27,30.008871262421998,8045.759826714604,52.050732816197204,3.433333269733333,0.591,78.67247702347771,5.32991552,5.09937035735468,7.267417847333334,0.28798573171294595
Suriname,2003,61.33,28.142743456784395,8551.637428549766,52.284713856888,3.2666666348666666,0.6869999999999999,78.9935674670335,4.88878393,5.4220406406214705,7.384021184666667,0.2905167515246767
Suriname,2004,61.55,26.4855161347438,9388.818907969757,52.51800813429111,3.1,0.7829999999999999,79.31336285069808,5.4608078,5.59188827898343,5.650311046636591,0.25288442634852376
Suriname,2005,61.87,25.585085477685798,10013.91961352957,52.7126569026065,3.2,0.7629999999999999,79.9454355206116,5.2439642,5.61030208207967,5.322565948714287,0.24577031319353201
Suriname,2006,62.21,25.340388879864697,10802.548184543151,52.904320776583006,3.3,0.7429999999999999,80.57861418287129,5.85598755,5.652508490524711,4.627310230155844,0.23067892697651415
Suriname,2007,62.48,25.2240727430802,11530.156550868294,53.0963263945704,3.1,0.723,81.2158259074575,5.22148609,5.7030296638896,4.952971780047619,0.23774781414171375
Suriname,2008,62.56,25.144596760036396,12097.349116523395,53.288971890037296,2.85,0.703,81.85734774500759,4.74699593,5.74979222720339,4.672138378748918,0.2316519774466558
Suriname,2009,62.86,25.0104206234369,12392.933358343556,53.482535250281494,2.6,0.6829999999999999,82.5034153738866,4.97810316,5.795503046536959,3.487638250905797,0.2059409355577066
Suriname,2010,62.98,24.730004025985398,13039.449119809924,53.6764547513002,2.99,0.7386666666666666,83.1536012115357,4.697856900000001,5.8471822418774995,2.9544052272222223,0.19436645254480547
Suriname,2011,63.22,23.134233312196898,13926.222622303509,53.87101317004579,3.05,0.7943333333333333,83.8081495753945,4.40932178,5.899758839481291,3.7918656812922706,0.2125445686199311
Suriname,2012,63.39,26.356449529597896,15184.925468040869,54.0662109652906,3.02,0.8500000000000001,84.4670825315891,4.28435707,5.945349810622551,3.294135793632479,0.20174072513339183
Suriname,2013,63.25,25.047355141828298,16172.696195996095,54.2620491189961,2.99,0.9056666666666667,85.1304175026747,4.48738098,5.98590559207058,3.870955924949495,0.21426132028578437
Suriname,2014,63.18,25.5794924051723,16597.58535396366,54.4628425618764,2.96,0.9613333333333334,85.8011033502861,4.52127838,6.0403425256312,3.3960868115686282,0.20395369821052473
Suriname,2015,63.1,27.421136881562198,16543.574305137172,54.6686121368596,2.93,1.0170000000000001,86.4788537727956,5.80808163,6.1262630517496595,3.443954018338991,0.20499271520127915
Suriname,2016,63.17,27.033529124208798,14475.306964492138,54.8788532515763,2.83,1.099,87.1630073725614,5.99283743,6.249521485920201,3.249342104,0.200768422637656
Suriname,2017,63.25,26.779793738299198,17567.680239643192,55.093329428092396,2.86,1.15,87.8530834622316,5.32285929,6.40865199178728,3.1336656156280034,0.19825752123022886
Suriname,2018,63.17,29.6641934243254,17855.478714143734,55.312033930288,2.88,0.795,88.5487221622628,6.68946934,6.58676841600467,3.501573791542699,0.20624342372181761
Suriname,2019,63.12,29.9904120028237,19771.547388515133,55.534249637854394,2.72,1.0226666666666668,89.24914174750091,8.52921391,6.77123915426368,3.463909975128445,0.20542588395228809
Suriname,2020,62.76,27.305969842599698,16946.894236191354,55.76043462089171,2.89,1.2503333333333335,89.9542117560027,6.67584229,6.98356160580353,4.1628357552380955,0.22059693339943995
Suriname,2021,60.3,27.305969842599698,18458.23499968104,55.7762563734849,2.89,1.4780000000000002,89.9622405684379,5.46009398,7.164393360695,4.691400691420375,0.2320700897932333
Sweden,2000,69.26,9.695260311541778,29629.8986478258,99.40171989953909,3.58,3.0260000000000002,99.2347634124279,7.32689953,17.2641350678943,5.94693973494883,0.2593231193054823
Sweden,2001,69.34,9.496129424409132,29949.215447742143,99.41371962826608,3.27,3.1210000000000004,99.2332384165328,7.90032959,17.2157520077936,1.54175,0.16370302172872708
Sweden,2002,69.44,9.22155824913309,30987.267490812905,99.4258649740338,3.13,3.2119999999999997,99.2277089490057,8.21006203,17.1764203133283,7.214548482179751,0.28683813668095454
Sweden,2003,69.63,8.91945432965492,31791.577765945054,99.4379716588583,3.05,3.282,99.2051754500928,8.31724644,17.16497007121,6.967317491101743,0.2814716819052781
Sweden,2004,69.89,8.6377252099159,33809.385496801384,99.4500204341846,3.01,3.3689999999999998,99.182623862092,8.1296196,17.2124300845409,6.744972231352904,0.27664540274090066
Sweden,2005,69.96,8.4242784338573,34198.38645767813,99.46200728790069,2.93,3.445,99.1600494494,8.1508379,17.2765354335417,6.955858519332042,0.2812229507348463
Sweden,2006,70.1,8.25715564450449,37679.7205412732,99.474402537264,2.88,3.533,99.1374844622195,8.05226612,17.3280897136683,6.09617154222249,0.26256238045690433
Sweden,2007,70.21,8.09484166609447,40814.291649806735,99.4871198822637,2.86,3.6189999999999998,99.1149041183548,7.99607754,17.4358344844156,6.965152675928069,0.2814246919115214
Sweden,2008,70.31,7.9559088143859995,41906.699017354236,99.49970795835729,2.8,3.677,99.0922716215488,8.20824242,17.6463898740767,6.283703724005919,0.2666329986594871
Sweden,2009,70.46,7.8589294051378396,40073.14815448629,99.5121591208695,2.76,3.748,99.0695949437167,8.77037907,17.939242305946802,7.070838165409401,0.2837187263174582
Sweden,2010,70.58,7.822475754108731,41956.12900515623,99.53135276294451,2.73,3.806,99.0468670356081,8.31963825,18.2772882991165,6.30983328562653,0.26720017314733685
Sweden,2011,70.72,7.91243933234096,44332.52173890775,99.5510464230032,2.7,3.8810000000000002,99.0240725950998,10.41646671,18.6361385585896,6.793254424095322,0.2776934275160023
Sweden,2012,70.66,6.609055043701099,45206.986443472684,99.57109840050909,2.65,3.952,99.00116913348779,10.7351532,18.9775519929568,6.101602743202582,0.26268027139893463
Sweden,2013,70.74,6.56222856877152,46098.232136883234,99.59085532814541,2.58,4.023,98.97817451442052,10.90491486,19.274421860254897,6.154558229447214,0.2638297357958399
Sweden,2014,70.91,6.7722886142854595,46841.401974673914,99.6103261265067,2.52,4.087,98.9550794456992,10.9479475,19.521069267375502,7.049809664687315,0.28326227667239834
Sweden,2015,70.76,6.30260504424704,48785.155186458534,99.62953860397509,2.43,4.1530000000000005,98.93190794942181,10.80418396,19.698261586595198,5.766425679816664,0.2554048382315085
Sweden,2016,70.94,5.69783329212579,50289.76871441361,99.64846573340891,2.33,4.22,98.90864188049049,10.85240364,19.773834861054002,5.797767247050102,0.2560851457545407
Sweden,2017,70.98,6.06180356722068,51474.11991151606,99.66713385314002,2.21,4.269,98.8852906425608,10.78509998,19.8018336203973,4.940794875090534,0.23748349934252547
Sweden,2018,71.06,6.290862321365029,53122.43867721801,99.6855409148822,2.14,4.327,98.8618710894005,10.94106293,19.8625371600706,5.0382686884438765,0.23959928915064216
Sweden,2019,71.41,6.06869269595507,57046.44630769513,99.7036805161121,2.07,4.291,98.83836504688891,10.83224297,19.9506621429353,5.9805362445053865,0.2600523731436427
Sweden,2020,70.73,5.63670790600148,57489.26571962186,99.721580628974,2.05,4.313,98.81479455471941,11.33296967,20.0599853974717,5.699514384935258,0.25395244572845976
Sweden,2021,71.12,5.63670790600148,62731.700616293034,99.7392374480204,2.05,4.313,98.7911500544417,11.10180569,20.1967832299352,7.0506228249285865,0.2832799273222668
Switzerland,2000,68.35,16.3078475386111,36695.207055418665,96.70000272100991,6.29,3.511,99.8809744521453,9.13442421,15.3331918616722,6.840875757799319,0.27872710752741825
Switzerland,2001,68.67,15.9380919403534,37822.92750725009,96.6999998823891,6.04,3.515,99.88096583137329,9.46040058,15.4538977654197,1.353125,0.15960868255365748
Switzerland,2002,68.97,15.5090403870949,38704.958459724236,96.7000026207221,5.95,3.562,99.8809871491783,9.88000107,15.536605725816697,7.550494221053752,0.2941302549016015
Switzerland,2003,69.06,15.066511721697301,38737.30792612091,96.70000028329642,5.83,3.659,99.8810032241511,10.13696766,15.6013399974119,7.333146012121611,0.2894124429124056
Switzerland,2004,69.5,14.656324787022099,40176.57074153738,96.7000012021296,5.68,3.697,99.88102195444941,10.22576523,15.711551205754398,7.101887704467539,0.2843926950073646
Switzerland,2005,69.67,14.324298425931099,41524.84887329322,96.69999838625509,5.55,3.741,99.8810375348048,10.05823421,15.8531022603741,6.692206460763893,0.27550005635720115
Switzerland,2006,69.87,14.0354502149848,46275.54948428628,96.7000020077453,5.4,3.792,99.8810597647058,9.5802002,16.035308642404498,6.368896899465453,0.2684822220165847
Switzerland,2007,69.99,13.7482163874631,50929.4927044896,96.69999976220709,5.37,3.7889999999999997,99.8810759344812,9.41693783,16.2382853828057,6.868547769587133,0.2793277628059648
Switzerland,2008,70.15,13.4985437713066,53808.78411270659,96.6999972566077,5.22,3.822,99.8810918351395,9.53167725,16.4219925126882,6.541446824160606,0.27222763177846504
Switzerland,2009,70.13,13.322379194456198,52971.37327605852,96.70000176964321,5.11,3.8369999999999997,99.8811142742757,10.141506199999998,16.6258919865153,6.578646620728895,0.2730350994227018
Switzerland,2010,70.36,13.2556694848526,54432.332994981014,96.6999991311739,5.2,3.81,99.88113003803042,10.00535202,16.829638193945197,6.573993996948987,0.2729341084628135
Switzerland,2011,70.5,13.864731836329,57493.58105592107,96.6999978761196,5.05,3.8339999999999996,99.88400223506099,10.11940575,17.0508296205201,6.734131448457302,0.2764100901254049
Switzerland,2012,70.56,12.6827485821719,59440.915860766574,96.70000325839642,4.98,3.9160000000000004,99.88687509751792,10.34784985,17.302634297239802,6.735930073525182,0.2764491315095092
Switzerland,2013,70.64,12.4432960759198,61656.46617085157,96.7000017740141,4.85,4.041,99.8897357144211,10.61460495,17.5205488628266,7.012531368199023,0.28245310509020155
Switzerland,2014,70.92,10.6156284957703,63417.04381103189,96.6999983857969,4.73,4.126,99.89259009274491,10.69967365,17.7142281195699,7.421899722744131,0.2913389520937685
Switzerland,2015,70.76,11.7226082380351,65282.58419319231,96.700000957567,4.73,4.197,99.8954458615596,11.00444603,17.8893566752222,6.948406188097957,0.2810611886581475
Switzerland,2016,71.2,10.6566460014216,67350.7518747757,96.6999986018025,4.69,4.251,99.89829171248671,11.229405400000001,18.0385893516831,5.400905161933794,0.2474707628138303
Switzerland,2017,71.22,9.914814644726539,68193.50559402621,96.7000019883983,4.65,4.298,99.8998756361922,11.41294861,18.2004755827912,5.553162308286938,0.25077569269586064
Switzerland,2018,71.36,10.148159284936698,70688.81874911941,96.6999971613406,4.63,4.3389999999999995,99.8998706855138,11.19891071,18.387584015653697,5.8094165213184095,0.2563380076763319
Switzerland,2019,71.53,9.45001875443382,73732.23533220934,96.6999991632838,4.59,4.35,99.89987280585841,11.42588997,18.582145616847,5.906694264752594,0.2584495415440851
Switzerland,2020,70.87,9.061049686216359,72997.82395032821,96.70000034973049,4.48,4.388999999999999,99.89987409776319,12.00404072,18.751538886589998,5.861334650131801,0.2574649549457659
Switzerland,2021,71.15,9.061049686216359,81001.41112061175,96.6999967246043,4.44,4.4430000000000005,99.89987043392591,12.00465584,18.9280297681521,6.751702282181915,0.2767914868271004
Tajikistan,2000,57.79,37.033047937325705,1036.1298886805896,35.5047970165117,6.45,2.1519999999999997,91.5699996065089,4.26492405,3.6184418580543305,2.31351611,0.18045516072495807
Tajikistan,2001,58.43,36.616910775924,1138.743728925522,36.61883667146821,6.3,2.094,91.8092789104417,4.57802534,3.61847757670573,-0.46281250000000007,0.12019151067438405
Tajikistan,2002,58.98,35.660396847721,1256.9525817488134,37.7621940155366,6.18,2.005,92.04824833914499,4.43647242,3.6201313936759503,1.422799293407191,0.161121049360774
Tajikistan,2003,59.56,34.5291662601766,1395.6468423256713,38.93486543435429,6.03,1.902,92.2869078236657,4.70218658,3.6238609612417103,2.5972603185714283,0.18661418009594877
Tajikistan,2004,59.97,33.5888791207511,1550.072020438999,40.1362930652154,5.96,1.911,92.5252394619312,4.79911184,3.6258201015190696,3.0545678807463768,0.1965406069580745
Tajikistan,2005,60.16,33.205195536904604,1672.733749963132,41.3675997144111,5.85,1.915,92.7632910189712,5.21024704,3.6146590486444996,1.4821270938819189,0.16240883272806036
Tajikistan,2006,60.47,33.4371576833326,1810.2912569732807,42.6282160898357,5.72,1.88,93.0010371753061,5.03254795,3.58085184177861,10.68655340875075,0.3622023025491814
Tajikistan,2007,60.68,34.1448664488734,1966.2218989091527,43.9181404635367,5.4,1.8630000000000002,93.2384821622591,5.54050112,3.51605797641316,11.660102466478822,0.3833343902677136
Tajikistan,2008,61.01,35.3955700122009,2120.018457049278,45.2373691945965,5.28,1.899,93.4756158486128,5.91206694,3.4185843977225,1.8209125257096077,0.1697625900002935
Tajikistan,2009,61.3,37.256516551989,2171.3609163848755,46.5858978425593,5.17,1.621,93.7124382355308,5.85579777,3.3017343926688496,1.999401338481352,0.17363691068123727
Tajikistan,2010,61.76,39.7949542469115,2291.078236317316,47.9637288148808,5.01,1.6769999999999998,93.9489613656333,5.73543453,3.18537669296584,2.0872842901787747,0.1755445189619822
Tajikistan,2011,62.18,53.195882702872,2455.9727826339936,49.3703711308922,4.9,1.702,94.185174547708,5.85971785,3.0865894023548597,15.537474325234609,0.46749754731273013
Tajikistan,2012,62.62,51.3794263594159,2679.0692960896963,50.8172219192873,4.79,1.709,94.42094558017841,5.98185873,3.0120535297608595,1.953775887559117,0.17264655377684432
Tajikistan,2013,63.24,51.04609040622021,2918.5604800735687,52.3020237768025,4.74,1.693,94.6560052528961,6.53226423,2.9663953034320802,0.13816479352619132,0.13323646694323274
Tajikistan,2014,63.47,46.670013013450095,3151.7245279320314,53.824869463300196,4.65,1.7080000000000002,94.89008771358931,6.6654973,2.9494091307014703,1.8280831651456875,0.1699182376077339
Tajikistan,2015,63.76,45.574988854286794,2975.4709747609227,55.3843908442754,4.58,2.082,95.1229285632346,6.90735912,2.95521434917814,1.2013985674736842,0.15631527247235302
Tajikistan,2016,64.04,44.76555036830529,2913.8567954744544,56.980067631768996,4.56,2.068,95.3542477429458,6.96349716,2.98491444094617,1.4588973328095234,0.16190460200155957
Tajikistan,2017,64.41,42.5053360629934,3017.0031488735412,58.610863828217894,4.49,2.097,95.5837707483272,6.85399008,3.0356167646164702,1.1744005437301586,0.15572924693882048
Tajikistan,2018,64.66,42.333506471073896,3069.1038507959233,60.27530342265929,4.43,2.09,95.8112529374464,7.01381588,3.1024623272853797,1.7237419357559784,0.16765338203151012
Tajikistan,2019,64.91,40.289049661083496,3459.973650834336,61.9730477057775,4.35,2.064,95.97061943317641,6.947667599999999,3.18626005591206,1.5311542981547617,0.1634730289008818
Tajikistan,2020,62.34,37.0534062306267,3653.959767591123,62.9511394249524,4.36,2.119,95.9796685499025,8.8903532,3.26006644264741,1.2418339807222218,0.15719297318288247
Tajikistan,2021,63.09,37.0534062306267,3985.9124761121852,63.93297515249579,4.32,2.133,95.98782600032,8.37504482,3.3398119386768697,2.5732384007184965,0.18609275462570057
Thailand,2000,62.21,40.391227563868206,7289.104994323563,69.9320099057864,2.16,0.298,92.1750602372757,3.10125351,6.11782601888353,4.682982989400278,0.2318873731483297
Thailand,2001,62.79,40.3506543167023,7632.016094171214,69.9320099057864,2.16,0.298,92.4269815292223,3.02623773,6.39012184879669,0.5026875,0.14114888362881586
Thailand,2002,62.82,40.43269527053771,8148.437029090834,69.9320099057864,2.09,0.29600000000000004,92.6825085503493,3.3347230000000003,6.65722534654617,4.306857945936008,0.22372311337268744
Thailand,2003,63.11,40.528126768084796,8824.069450084995,69.9320099057864,2.08,0.29300000000000004,92.9418411854686,3.24312782,6.927014809336409,4.479639592801679,0.2274735529511906
Thailand,2004,63.14,40.527725152053705,9545.33813809417,69.9320099057864,2.04,0.29,93.20508469094759,3.13893151,7.20251957895221,4.453214575995359,0.2268999652427109
Thailand,2005,63.82,40.3222667651549,10169.045361163624,69.9320099057864,2.02,0.2875,93.4725323543909,3.15972233,7.47503391888863,3.730043423194394,0.21120263996136834
Thailand,2006,64.3,39.7521062500821,10912.44279263295,69.9320099057864,2.03,0.285,93.7441160220544,3.09970832,7.719640311372089,3.124412722600667,0.1980566757304035
Thailand,2007,64.75,38.7509301612035,11723.099558865302,69.9320099057864,2.08,0.293,94.0200504764456,3.19277525,7.93076393123348,16.332964718263295,0.48476465124682616
Thailand,2008,65.19,37.3495127087413,12062.159875181369,69.9320099057864,1.87,0.313,94.30039921343071,3.45933938,8.13020227845735,3.313822659131187,0.20216805292475395
Thailand,2009,65.67,35.5786281029176,11964.05294677146,69.9320099057864,1.73,0.33399999999999996,94.58536330043371,3.61939645,8.34055185267174,3.523200847655203,0.20671286575274067
Thailand,2010,65.88,33.4690505539545,12932.263344445666,69.9320099057864,1.96,0.384,94.87493173398329,3.39009809,8.57760701557125,2.673675762601081,0.18827287192402536
Thailand,2011,66.21,29.0591951880929,13227.454108915019,69.9320099057864,2.1,0.3982,95.17649857563829,3.56825495,8.8465244094501,3.082231597684888,0.19714108218664644
Thailand,2012,66.56,31.5886298984382,14616.64979253916,69.9320099057864,2.13,0.4124,95.48254728252242,3.5229404000000004,9.15237777330172,3.176790720792284,0.19919360503408892
Thailand,2013,66.84,34.4883511418629,15215.949250638301,69.9320099057864,2.17,0.4266,95.7914583178376,3.45313334,9.50238115795486,3.047691700779872,0.19639135095801252
Thailand,2014,67.0,29.9705384622081,15365.317540282913,69.9320099057864,2.15,0.4408,96.1032346574694,3.68448091,9.89422316519326,2.4621811257801056,0.18368211896522754
Thailand,2015,67.16,28.154441382620202,15791.171476220708,69.9320099057864,2.14,0.455,96.417885275126,3.8522861000000006,10.3239727428364,2.1573199117776354,0.1770647288448851
Thailand,2016,67.19,30.3985996204755,16671.250690214452,69.9320099057864,2.0,0.435,96.7354102291453,3.93900609,10.7814783921017,2.6382675927461308,0.1875042937559424
Thailand,2017,67.36,27.1006744719071,17573.339815535986,69.9320099057864,2.13,0.7879999999999999,97.05584478180259,3.85276842,11.2659962515276,1.8858739370491033,0.17117265786677519
Thailand,2018,67.31,30.0080973964844,18876.220876674084,69.9320099057864,2.1,0.7859999999999999,97.37917546694808,3.87040329,11.783330181133401,2.8314794637178693,0.1916981966447858
Thailand,2019,67.14,30.382756547171997,19963.391840709868,69.9320099057864,2.22,0.897,97.705394777576,3.78911877,12.328753515111401,2.798733393929221,0.19098740265477798
Thailand,2020,66.75,31.007201627715897,19163.74151523488,69.9320099057864,2.33,0.9279999999999999,98.03447336639792,4.35724688,12.897985285299098,3.099067668985537,0.19750652996016804
Thailand,2021,65.76,31.007201627715897,20242.770003565594,69.9320099057864,2.34,0.9279999999999999,98.3663780543942,5.15337038,13.4920297885888,4.573222845496188,0.22950489332302662
Timor-Leste,2002,55.13,20.9489115474432,1416.88558318293,69.9320099057864,5.9,0.08199999999999999,18.7862054534433,2.84187031,2.47736898409104,1.0119690476190475,0.1522034701977051
Timor-Leste,2003,55.87,20.882655018788,1355.1864273614513,69.9320099057864,5.9,0.08199999999999999,21.2656644837503,2.84187031,2.53785265752513,1.22630873015873,0.15685597839648155
Timor-Leste,2004,56.58,20.788735937448198,1378.8540433112378,69.9320099057864,5.9,0.08199999999999999,23.7373821027999,4.26103544,2.60452881040692,1.9435744581179137,0.1724251191197054
Timor-Leste,2005,57.17,20.6510951430728,1434.8220720205218,69.9320099057864,5.9,0.06599999999999999,26.1851944213066,5.28044748,2.75526844846704,1.5374531667142857,0.1636097536420448
Timor-Leste,2006,57.48,20.3789917788963,1377.1135407303748,69.9320099057864,5.9,0.049999999999999996,28.6397241043122,6.00192022,3.00128917045619,1.42968114,0.16127042836197614
Timor-Leste,2007,57.82,19.912988449710898,1515.7089264736405,69.9320099057864,5.9,0.034,31.0966445042485,5.64793253,3.2871292252179103,15.776880001061802,0.47269414393180653
Timor-Leste,2008,58.07,19.2839811875033,1675.0457045524308,69.9320099057864,5.9,0.037000000000000005,33.5563864330636,6.96563959,3.6266398819483596,2.927266094761905,0.1937773640718582
Timor-Leste,2009,58.18,18.522866024259898,1810.1860190892505,69.9320099057864,5.9,0.044000000000000004,36.0178392685678,7.30931807,4.03010251402083,2.6940697078260873,0.18871554775633267
Timor-Leste,2010,58.53,17.660538991967,1955.3294079473096,69.9320099057864,5.9,0.079,38.4806929868607,6.47058821,4.42674541189356,2.491387311161616,0.18431607538119502
Timor-Leste,2011,58.83,16.2584979451999,2065.9605552203016,69.9320099057864,5.9,0.078,40.9452765286363,6.86541462,4.698626157722769,2.8428251551570045,0.19194446892538225
Timor-Leste,2012,59.04,17.654383714214,2386.13598109278,69.9320099057864,5.9,0.34550000000000003,43.41056257646,6.99215221,4.87044942879675,2.6546294312626264,0.18785944771970253
Timor-Leste,2013,59.13,17.5005688240194,2566.030744584214,69.9320099057864,5.9,0.613,45.8762265623181,8.532378199999998,5.0146069500602,2.7175819325,0.18922590970504272
Timor-Leste,2014,59.22,16.806904782101398,2859.860582517032,69.9320099057864,5.9,0.6759999999999999,48.34221735179871,7.60483742,5.13882901607449,2.97355875167647,0.19478220350843004
Timor-Leste,2015,59.54,15.7619976595415,3107.571845879665,69.9320099057864,5.9,0.6890000000000001,50.808161320469,7.67216587,5.26079519123017,2.942984918809524,0.19411856061040925
Timor-Leste,2016,59.72,16.208103951712598,3390.762240541333,69.9320099057864,5.9,0.72,53.273678577949,6.89625168,5.38991941376434,3.1588440356666667,0.19880405001236617
Timor-Leste,2017,59.81,14.981803020510199,3463.1173902343658,69.9320099057864,5.9,0.7509999999999999,55.7381542550198,6.75752544,5.49459416490973,3.0322450004285715,0.19605606120122582
Timor-Leste,2018,59.88,16.8164967206441,3561.287737598097,69.9320099057864,5.9,0.726,58.201669412424295,6.36952639,5.549472984633519,4.14022777904762,0.22010619928367745
Timor-Leste,2019,59.97,17.627881197133,4556.614257157843,69.9320099057864,5.9,0.7759999999999999,60.663593946828,6.02679253,5.56015264294518,4.1281130449047625,0.21984323397899005
Timor-Leste,2020,60.3,17.4104661970888,6132.082998064948,69.9320099057864,5.9,0.767,63.1237035257288,9.93865013,5.535636382694969,3.3331071523076923,0.20258664672665683
Timor-Leste,2021,59.53,17.4104661970888,6825.045886307447,69.9320099057864,5.9,0.767,65.5812259785817,11.43105984,5.48117841243695,6.681512615428572,0.27526793320338516
Togo,2000,49.02,63.6974345253496,1314.7373964269254,10.0262177498385,0.94,0.057,8.03359662210635,2.7167244,2.7902428319332,2.8076658300000004,0.1911812922395806
Togo,2001,49.06,61.8375994241789,1320.1361690895562,10.4396182696056,0.94,0.057,8.264041861678692,2.8067522,2.77685033980864,0.024499999999999994,0.1307692318632567
Togo,2002,49.17,57.4025754585,1357.009817023901,10.8572104776075,0.94,0.05266666666666667,8.496129823722649,2.82402873,2.7661451060989304,3.3435198185925925,0.2028126665410356
Togo,2003,49.29,52.109084635062295,1439.851783314147,11.2788756529367,0.83,0.04833333333333334,8.7296739646634,2.86098099,2.75774330614905,3.8926831035384617,0.21473293559902779
Togo,2004,49.63,47.67384896061561,1427.0022843954669,11.704692062671402,0.8,0.044000000000000004,8.96468393915561,3.00704718,2.7508694800393503,2.7656439941164024,0.19026915626149413
Togo,2005,49.8,45.81359044190929,1367.5106628984681,12.134526794064698,0.71,0.04533333333333334,9.614457952624731,3.22045183,2.7450407048794,2.1657085107210037,0.17724681377147372
Togo,2006,50.28,45.8783643857125,1407.0682559629495,12.5686626712329,0.86,0.04666666666666667,10.2925202802465,3.36328101,2.7393292443261497,2.2841785718333334,0.17981835313415154
Togo,2007,50.45,46.061091906575,1387.200617339906,13.007179428592599,0.65,0.048,10.9986369472506,3.67734432,2.73440681384228,2.5414575063820473,0.1854029109639353
Togo,2008,50.71,46.3427937229179,1429.3063649293067,13.450374088426301,0.63,0.055999999999999994,11.7327806563873,3.74071932,2.73209509088979,2.882743311982405,0.19281094194479542
Togo,2009,51.19,46.7044905531623,1474.183389934817,13.897447784012499,0.64,0.0533,12.493855912589,3.92726755,2.73330549902161,2.442790711111111,0.18326122600618125
Togo,2010,51.75,47.1272031157292,1537.0536965859349,14.349356874294,0.59,0.0506,13.2824677060048,4.33284378,2.7384037940822203,2.645627772995865,0.18766405558142718
Togo,2011,52.32,48.26952768441689,1615.9814643698462,14.810774482121401,0.57,0.05008,14.1028173218821,4.38927078,2.75108386151672,1.9728669336147189,0.17306094856946727
Togo,2012,52.8,53.640792268382704,1645.3129039742405,15.2799041486039,0.64,0.04956,14.9528006713975,4.64366484,2.7711845645296496,2.770014320607113,0.19036401960918806
Togo,2013,53.2,43.02191657723121,1715.3607384866543,15.7536504094529,0.64,0.04904,15.829058304050902,4.78670263,2.7940720686541702,12.962015436558193,0.41159402327461714
Togo,2014,53.58,43.0636342660236,1803.148110221353,16.2325567508779,0.63,0.04852,16.7317561082878,4.90473413,2.81633180440606,14.912606851888881,0.45393402511076236
Togo,2015,53.98,67.316079169015,1879.6683551724268,16.716712557756,0.65,0.048,17.6606158910418,6.21763563,2.8448837041936406,15.267671661432626,0.4616411464329815
Togo,2016,54.41,60.289842931049606,1932.9261427386857,17.2071914430537,0.67,0.045,18.6162879264339,6.55580902,2.8809833794608504,16.166830092848063,0.48115849349905626
Togo,2017,54.88,58.2450494555721,1985.5262212940647,17.703874729563,0.65,0.07400000000000001,19.598270521892896,6.50210476,2.91843029402681,17.43087134515664,0.508596073980069
Togo,2018,55.32,55.1042380453434,2067.0664295966026,18.2068845501877,0.65,0.076,20.6062840876452,6.16073656,2.95794971120425,13.965452135669386,0.4333748592553911
Togo,2019,55.81,47.6290664711767,2214.6991555067702,18.7163458427772,0.58,0.076,21.6400439153227,5.91268635,2.99903061159381,16.957309849177516,0.49831683535956867
Togo,2020,55.93,51.666136939822294,2384.0664545182667,19.232383035905602,0.58,0.081,22.6992561746885,6.18928432,3.0366895910888902,18.031443334083804,0.5216322326107593
Togo,2021,55.85,51.666136939822294,2638.8109526796325,19.5549350217433,0.58,0.059000000000000004,23.7836212231427,5.6165967000000006,3.07259371742261,15.432682061659051,0.4652229014810449
Tonga,2000,62.71,12.9276032773406,3833.927675816974,29.224986348565803,3.2000000476999997,0.499,89.1918092232378,2.90389204,5.401378101336711,-2.7,0.07163058596543233
Tonga,2001,62.9,12.905411976790301,3955.2285448351317,29.2327955706996,3.2000000476999997,0.33899999999999997,89.1948394556071,3.42501593,5.448815695842231,0.6999999999999997,0.14543179574799897
Tonga,2002,62.91,12.8214218478176,4170.937248868213,29.240336340784,2.933333365133333,0.289,89.1977672693598,3.58957744,5.4961082470505,4.1,0.21923300553056563
Tonga,2003,62.9,12.7078429737717,4231.453628753418,29.2481439942313,2.6666666825666665,0.32966666666666666,89.20079407445499,3.43583083,5.54880150099556,1.8055555555555556,0.16942924794853945
Tonga,2004,63.02,12.596885438001802,4235.1204130323895,29.2559536653289,2.4,0.3703333333333333,89.2038246506717,4.50741625,5.61191955915524,0.36808147199999997,0.13822709312574935
Tonga,2005,63.4,12.5207593238571,4314.5471982288045,29.2803194856045,2.4,0.4109999999999999,89.6551557415148,4.38560247,5.665698252122151,2.1145454545454543,0.17613625628855342
Tonga,2006,63.44,12.480450004614699,4327.446618885423,29.3049793487766,2.4,0.4516666666666666,90.1063131747226,5.47225046,5.69960377589339,2.0799999999999996,0.1753864044244525
Tonga,2007,63.43,12.449868302943802,4315.94450579455,29.333451061703,2.4,0.4923333333333333,90.558457375061,4.73330021,5.726345970054161,1.6413636363636364,0.16586525904474972
Tonga,2008,63.43,12.4206124762814,4600.3488286268375,29.3649386266673,2.4,0.5329999999999999,91.01112521126129,6.05759716,5.74238460100916,4.183593073593074,0.22104749669545148
Tonga,2009,61.94,12.3842807820647,4383.81130248019,29.396468786666798,2.44,0.579,91.46326912637741,3.97380877,5.73913854620928,4.015506493506494,0.21739896935468564
Tonga,2010,63.51,12.3324714777308,4465.4605000926285,29.4280441821912,2.48,0.54,91.91489577465401,4.81632328,5.76957993286747,4.154969047619048,0.2204261767702366
Tonga,2011,63.56,12.130438918974098,4855.429236523546,29.459664429253696,2.48,0.5313333333333333,92.0921967178499,4.73990822,5.85481944231404,4.176910714952381,0.2209024478272503
Tonga,2012,63.61,12.3765932473645,4996.444608703873,29.4744305402053,2.48,0.5226666666666667,92.2619222236095,7.3327713,5.93572462183427,4.231558442510822,0.2220886444171565
Tonga,2013,63.65,12.180201482216198,5119.694753168399,29.476906195348302,2.48,0.514,92.42582209009491,4.10561848,5.985384417828209,4.410779221731601,0.22597885333617643
Tonga,2014,63.7,12.0913822122592,5335.915762948686,29.479063395049895,2.48,0.5981666666666667,92.587068935407,5.11481524,5.997148458385309,4.548110053333334,0.22895978907519224
Tonga,2015,63.76,11.739569301427801,5471.796794023025,29.481451604594998,2.48,0.6823333333333333,92.74579561113171,4.66762066,6.0082944530845,4.471671958571429,0.22730060558492665
Tonga,2016,63.82,12.0170183126119,5920.157614728104,29.4837945887296,2.48,0.7665000000000001,92.90192052951679,5.08616114,6.02896023653387,3.7557767203333325,0.2117612130380001
Tonga,2017,63.92,12.080369856686499,6229.070242238937,29.486094494285602,2.48,0.8506666666666667,93.05544249103549,5.49119568,6.06850140714059,4.352059257333334,0.22470426380353484
Tonga,2018,64.0,12.6468527417102,6392.600677496466,29.492477391468896,2.48,0.9348333333333334,93.2070910925577,5.98711967,6.146362719233849,4.714076304152532,0.23256229204387863
Tonga,2019,64.05,12.757446114944502,6473.320586754056,29.502683684142298,2.48,1.0190000000000001,93.3566618540617,5.42394543,6.23547949029758,5.840700174666667,0.2570170581067789
Tonga,2020,64.18,12.478412950479601,6675.603049871097,29.517285060963395,2.48,0.95,93.5041088737025,5.56259537,6.335173385933301,5.313239146571428,0.24556786340484213
Tonga,2021,63.78,12.478412950479601,6929.176692884377,29.5354703781636,2.48,1.0090000000000001,93.64915542462509,7.63286686,6.42196616724887,9.037352821333332,0.32640436180637994
Tunisia,2000,64.35,27.4662896589768,6278.986808810569,76.7637415102755,1.68,0.752,77.68056235077609,4.81271935,5.48804956264176,6.153090539699634,0.26379787777261726
Tunisia,2001,64.56,27.174293628242896,6593.381965424647,77.0461830113393,1.73,0.777,78.3012933034024,4.86132765,5.64496661618376,-0.16269999999999996,0.12670582407758127
Tunisia,2002,64.72,26.477495003696,6715.110784425047,77.3248829893026,1.65,0.789,79.23817594553731,5.12036419,5.784692407086969,4.118368429544335,0.2196317150370885
Tunisia,2003,64.87,25.645717602255395,7098.423561626398,77.6001634201878,1.65,0.8029999999999999,80.1731149302556,5.20888519,5.9156202291743805,4.397001959880952,0.2256798008090973
Tunisia,2004,65.04,24.9487852408403,7671.845359653051,77.86713011588891,1.7,1.295,81.0995386424089,5.19890785,6.03902868761793,3.0604591033198654,0.19666848323837502
Tunisia,2005,65.19,24.6565217363698,8116.954899378902,78.10894436153531,1.7,0.907,81.99687969795309,5.14555788,6.15005793248434,2.7475075836844636,0.18987548301708523
Tunisia,2006,65.34,24.9161206082962,8728.657125498548,78.3484267992276,1.71,0.9525,82.8949793127084,5.13109922,6.24231013462641,3.1536185301607746,0.1986906239452896
Tunisia,2007,65.46,25.5351464343827,9479.350639363278,78.58501199660171,1.7,0.998,83.7929328669292,5.17542839,6.31748031511145,2.6045392121443003,0.18677217749346536
Tunisia,2008,65.58,26.273979619014696,9975.022321258988,78.8190034710889,1.76,1.08,84.69089935798759,5.1644063,6.38218054594511,2.9967050647878795,0.19528462289361473
Tunisia,2009,65.68,26.893000566577896,10237.08899945004,79.0504165904685,1.78,1.1365,85.58868318092729,5.40595293,6.44150859656338,2.675117304075781,0.18830416236660905
Tunisia,2010,65.77,27.1525896814577,10555.088703322072,79.27899422557729,1.8,1.193,86.4858177057762,5.60950756,6.50045327968285,2.8414633732651513,0.19191490976330025
Tunisia,2011,65.86,23.796844256989303,10435.995667537265,79.5052815552135,1.78,1.20375,87.3826542238521,6.12299299,6.56141071742785,2.8137499997009514,0.1913133566761843
Tunisia,2012,65.97,22.6944628193599,10614.531301193969,79.50196499424841,1.77,1.2145000000000001,88.27871882812842,6.28984737,6.62724729626878,3.1378405106062095,0.19834814249496613
Tunisia,2013,66.03,22.1415749104783,10671.569727457032,79.49639155969129,1.78,1.22525,89.17340652755242,6.51394987,6.70197324644508,18.46760294065083,0.5310996169116226
Tunisia,2014,66.09,25.163844768443898,10946.893575763841,78.43878153366859,1.77,1.236,90.06720305664079,6.45006084,6.8077691469297195,18.564747649996665,0.5332082631097691
Tunisia,2015,66.15,23.6344412527314,10782.543838244117,77.1450199273485,1.77,1.268,90.96103656269041,6.21339941,6.96910280274163,19.775650449694353,0.5594924076823533
Tunisia,2016,66.25,24.808921663232198,10993.66384645216,75.8401748537527,1.77,1.2409999999999999,91.8540914293083,6.24778175,7.16166955374354,19.1482804846485,0.5458745657995208
Tunisia,2017,66.33,22.571757071458002,11288.780013508464,74.5240374235795,1.78,1.261,92.7457440160073,6.18557453,7.37113523511462,20.149904476022634,0.5676160547144191
Tunisia,2018,66.48,25.5228520953696,11841.40619806031,73.1965977847782,1.79,1.2705,93.63547351426679,5.9375186,7.62598609691059,16.046300263289446,0.4785422443119055
Tunisia,2019,66.68,23.7714034054098,12494.790573345539,71.85743731681829,1.79,1.28,94.52249406326808,6.02461243,7.945743696400889,21.893970643687943,0.605473170336344
Tunisia,2020,66.24,24.1829826735327,11918.066205482995,70.5061943427321,2.38,1.295,95.40608136732028,7.05022287,8.28177534147365,24.748627394820822,0.6674370296738669
Tunisia,2021,63.58,24.1829826735327,12444.3264026887,69.1428674618065,2.42,1.2919999999999998,96.2856817943005,6.97669458,8.55788701156501,19.909661742336844,0.5624012887181008
Turkmenistan,2000,57.83,19.1607858195909,4208.665154570324,68.6097783171517,5.23,2.716,93.31876658745631,4.03080034,4.012469131034109,0.9984514285714287,0.15191005353914802
Turkmenistan,2001,58.18,18.6664785951208,4401.30380449396,69.6441929027924,5.35,2.7260000000000004,93.3098698647818,4.7660532,4.04208444201519,-0.4431666666666667,0.1206179478117919
Turkmenistan,2002,58.17,18.0118303249496,4392.823815394568,70.68506470088779,5.27,2.697,93.30095825652211,4.10696697,4.08844597874185,0.8540702380952379,0.14877608103120976
Turkmenistan,2003,58.24,17.352860883441,4536.197815052022,71.7322099345552,5.19,2.6069999999999998,93.29210173230841,4.97849178,4.14040026394644,0.9491466666666668,0.1508398326342619
Turkmenistan,2004,58.07,16.8455901449587,4798.153174473975,72.7857712556507,5.07,2.55,93.28329750694401,6.18652296,4.18416919569681,0.5789815315476192,0.14280494004864042
Turkmenistan,2005,57.85,16.6460379838666,5489.345421792951,74.30982858952329,4.35,2.437,93.6603556052315,5.58886814,4.2053878098442,-0.423525324675325,0.12104428745906078
Turkmenistan,2006,58.19,16.8389623537349,6163.8501815434265,75.8467368538246,4.29,2.323,94.0385120989703,4.92075682,4.19122942010806,-0.1304193840579712,0.1274065148155366
Turkmenistan,2007,58.6,17.4102821839348,6901.0175688569,77.3961596882357,4.02,2.269,94.41790273419642,3.09328628,4.13090388604524,-0.37409068322981387,0.12211732756019197
Turkmenistan,2008,59.25,18.3677588125312,7915.547924209726,78.95685539211391,3.98,2.228,94.7888881171857,3.45380449,4.02494542125029,0.13211805527777765,0.1331052150026529
Turkmenistan,2009,60.39,19.719153577589,8285.018930153608,80.52885929232251,3.97,2.215,95.15824619134492,2.81471276,3.8940735110037594,-0.5924952383850937,0.11737658626828523
Turkmenistan,2010,60.95,21.472227817173103,8971.616287368117,82.0193867825885,3.92,2.1959999999999997,95.52912465440191,3.20879436,3.76863917405716,-0.09375138916666641,0.12820243904591286
Turkmenistan,2011,61.06,27.2198985157372,10282.72661905284,83.61680079909391,3.87,2.205,95.90167988843599,3.22296,3.66942985179514,-0.9529931689440991,0.10955153232729514
Turkmenistan,2012,61.15,27.0209714658228,11035.451277852957,85.22355192451259,3.76,2.1590000000000003,96.27602866146441,3.34203553,3.60224431400253,-0.14370694555555522,0.12711809184095366
Turkmenistan,2013,61.03,26.4262903965402,11722.808627257707,86.83891743218629,3.71,2.135,96.65232784276328,3.96929264,3.5665236261059903,-0.5284619068426502,0.11876650901365009
Turkmenistan,2014,60.9,25.0725134160111,12476.53443583871,88.46188122723369,3.78,2.147,97.03079861829849,4.25741673,3.55647629912878,-0.6338166469444444,0.11647965393252059
Turkmenistan,2015,60.86,23.676281745762502,12714.813724036265,90.0919952741528,4.25,2.128,97.4115357683835,5.01652908,3.56561616662135,-1.178800804005602,0.10465009801974241
Turkmenistan,2016,60.97,23.177493117498102,12919.371222426023,91.45528478983721,4.21,2.123,97.7947178741168,5.58718491,3.5908966624586203,-0.7960198313015872,0.11295883298071417
Turkmenistan,2017,60.99,21.690294498407397,13278.403035338091,92.6888468728397,4.21,2.147,98.1805141094557,5.82361221,3.6272980997104503,-1.3201650341176472,0.10158161237202182
Turkmenistan,2018,61.08,22.4512669564059,14368.462143253213,93.82401803513149,4.19,2.162,98.56904776325571,5.55298042,3.6719573094470097,0.5910843214154994,0.14306764608805037
Turkmenistan,2019,61.13,20.2530348899106,15477.723764397802,94.0508533656427,4.13,2.162,98.960474453072,5.5522337,3.7287561648981695,-0.21448076600000018,0.12558185843809067
Turkmenistan,2020,60.51,19.5997611438189,15090.939497177758,94.2745045362303,4.09,2.1790000000000003,99.35495161876179,5.57226086,3.7977243452866696,-0.16815055733333345,0.12658751298193738
Turkmenistan,2021,60.82,19.5997611438189,16434.139906035267,94.49485543490091,4.03,2.144,99.7409287319658,5.49196625,3.8866301369978897,1.5917819435833334,0.1647890270123221
Uganda,2000,42.49,33.2213088306491,1124.2095823244701,2.61116927210968,0.7,0.047,14.7116633613524,5.0827446,2.59212338256219,4.806262488043956,0.2345633073075331
Uganda,2001,43.26,32.9681223741883,1172.683174556898,3.0959944146441094,0.7,0.047,15.1044104366213,5.05204916,2.52584537447765,0.3437,0.13769786308754944
Uganda,2002,44.02,32.364309878136,1254.9820350669854,3.5998840278205,0.7,0.047,15.496652944695402,4.77133131,2.4577593509856097,4.886163594857143,0.2362976597621741
Uganda,2003,44.91,31.643491652487697,1320.2399163098844,4.12299220943542,0.7,0.064,15.888347290891499,4.2991581,2.3885019666725897,5.496680965137566,0.24954969520922304
Uganda,2004,46.14,31.039288007238802,1405.2428843889636,4.665667995442139,0.7,0.081,16.2795981231902,4.70022202,2.31906738161223,4.324012411545214,0.22409547228890297
Uganda,2005,47.53,30.7853192523847,1496.5094783606576,5.227242687557981,1.0,0.12,16.6697698999299,5.80516291,2.2506544205154104,3.4702014489455237,0.20556244818141037
Uganda,2006,48.52,30.8486426919378,1659.72529096776,5.80886599308652,1.1,0.11685714285714285,17.0595600245412,6.463305,2.18428465496297,17.96002347096237,0.5200819760516807
Uganda,2007,49.28,31.0457522951455,1794.5351888148327,6.41004063773922,0.8666666666666667,0.11371428571428571,17.4484827686049,6.11309004,2.1206703217693503,15.067429377238216,0.45729463972028384
Uganda,2008,50.31,31.3844233698563,1930.7086951781566,7.031338462856961,0.6333333333333333,0.11057142857142857,17.8367866196346,5.45474958,2.0606163106024598,14.938837939487843,0.4545034033456788
Uganda,2009,51.29,31.8724312239187,2014.6087944209835,7.67241611786508,0.4,0.10742857142857143,18.2241387733923,5.78845549,2.00757517586558,14.82012581310956,0.4519266096566852
Uganda,2010,52.09,32.517551165181,2091.5596314533113,8.333868959540428,0.5,0.10428571428571429,18.6107811745522,6.80890226,1.9638924340911998,3.5609365821810544,0.20753196659392933
Uganda,2011,52.87,35.0271400705232,2267.722703570935,9.01557010215086,0.5,0.10114285714285715,18.996528531493798,6.6959095,1.9299319746348798,14.183071532970697,0.4380985577239175
Uganda,2012,53.69,35.8905665839316,2031.9466953881451,9.71789056876129,0.5,0.098,19.3814718588075,6.10853958,1.9080864726728701,3.2513663289872596,0.20081236094734184
Uganda,2013,54.52,34.8200496489628,2044.8818248584516,10.440122154268,0.5,0.09766666666666667,19.7651604775123,5.78252411,1.90167020771009,14.622147786995905,0.44762925146916976
Uganda,2014,55.22,34.111616669843,2134.0091628174146,11.1834474802514,0.5,0.09733333333333333,20.1480923027985,5.33653069,1.9134323290751698,16.31314404128965,0.48433441891171897
Uganda,2015,55.85,36.4158643204587,2189.9648591900323,11.9474149178212,0.5,0.09699999999999999,20.5299518497404,4.99643135,1.93508400842168,14.710070927630786,0.4495377321005631
Uganda,2016,56.26,35.1867637433366,2165.2975940441297,12.7315028787292,0.5,0.13449999999999998,20.9104342628765,5.00792885,1.95859435278379,18.597941364856446,0.5339287737903071
Uganda,2017,56.75,32.2396992843572,2157.9574750336938,13.5357388271595,0.5,0.172,21.289504733616397,3.99852037,1.98361700367381,16.750272869231715,0.49382284136258947
Uganda,2018,57.22,33.1279166723642,2312.0575281349497,14.359512767669699,0.5,0.414,21.666872090555202,4.02143908,2.00923927155456,14.404835239273456,0.442912213550685
Uganda,2019,57.55,31.4850134786862,2441.3744523382106,15.2037714665964,0.5,0.286,22.0428914452572,3.79371166,2.0364020510638,15.778715107249155,0.47273397718377896
Uganda,2020,57.69,33.807719257164194,2532.219501020688,15.7976298905319,0.5,0.158,22.4171466106688,5.23698568,2.06185944995015,17.0106554188708,0.4994747670007171
Uganda,2021,57.22,33.807719257164194,2684.9203593974357,16.3660020583951,0.5,0.158,22.789614286416,5.48128128,2.08577565298721,15.049179590978241,0.4568985055131487
Ukraine,2000,58.79,27.5510971970295,4228.1162109375,66.34533727314749,8.88,3.0269999999999997,94.3966034938473,5.30685186,13.4141415099403,1.1474259214177853,0.1551437293623261
Ukraine,2001,58.93,26.565909048004198,4746.85791015625,66.3651481018139,8.87,3.0269999999999997,94.5175683409695,5.72534418,13.654382736846198,0.05556249999999999,0.13144348188645405
Ukraine,2002,58.82,25.3241057950972,5122.84130859375,66.438190576108,8.9,3.0189999999999997,94.6431371878903,5.99220037,14.105133563232501,2.2007875145389257,0.17800824698315898
Ukraine,2003,58.93,24.0171509271002,5764.01123046875,66.5489146292215,8.82,3.008,94.771552584454,6.54574108,14.629555218472301,2.7590345725,0.19012569058171366
Ukraine,2004,58.91,22.8365079328052,6663.46728515625,69.3400439436789,8.73,3.013,94.95417059314859,6.16856956,15.068740859183302,3.3343180312098126,0.2026129303525029
Ukraine,2005,58.71,21.9736403010041,7142.10693359375,71.95430664575159,8.69,3.017,95.1373679572065,6.3461585,15.3340711202366,2.155727830998942,0.17703017076031474
Ukraine,2006,59.26,21.3769053568138,7971.1962890625,74.53527057319891,8.73,3.085,95.3185357936314,6.4171895999999995,15.5010614770676,3.730342807843434,0.21120913847586528
Ukraine,2007,59.12,20.8611112156249,8900.4443359375,77.0930188106893,8.73,3.092,95.4986097698596,6.01776791,15.6270033073682,17.901431386625273,0.5188101623141043
Ukraine,2008,59.39,20.4173975516395,9323.72265625,79.6280372108845,8.75,3.1239999999999997,95.6776417950995,5.49754429,15.441401782054,2.3284250188367386,0.18077877705104317
Ukraine,2009,60.66,20.0369040390596,7994.61572265625,82.13985533730241,9.41,3.4989999999999997,95.8555810343647,6.60991716,15.1601627505958,13.20039849611726,0.41676842274141973
Ukraine,2010,61.2,19.710770352087398,8453.2998046875,84.61241604788259,9.38,3.491,96.02846156546471,6.81387615,14.8995148689343,2.2975292418875286,0.1801081459580949
Ukraine,2011,61.81,19.4406675178444,9126.6083984375,87.0777751740758,9.05,3.492,96.2008848286648,6.81669855,14.6211182083834,14.834062945056257,0.4522291323621456
Ukraine,2012,61.95,18.6766503847272,9552.314453125,89.38660422119891,8.91,3.495,96.37289071619992,7.11789227,14.609236786036401,2.0538164782842503,0.17481805866592592
Ukraine,2013,62.33,18.883361443017602,10903.8251953125,89.05118200608759,8.79,3.495,96.54448536674471,6.94358015,14.621640693914198,0.8925149313894838,0.14961057070027892
Ukraine,2014,61.81,18.4263235330655,10493.7451171875,88.6131133324757,7.44,2.99,96.7156593530627,7.19506168,14.7632446398985,2.385227517402336,0.1820117456136354
Ukraine,2015,62.8,17.7919818389331,9921.833984375,88.54608272062531,7.4,2.99,96.8342062972295,7.78352833,15.1544965833274,1.5718955596141377,0.16435736842551996
Ukraine,2016,63.17,16.2426825956045,10864.6572265625,88.47891449629878,7.03,2.99,96.95234582461559,7.55205393,15.529221757442501,2.5320334889703515,0.18519835099746618
Ukraine,2017,63.46,15.6585428515819,11536.0810546875,88.41161334599951,6.92,2.99,97.07005430140059,7.44187737,15.956866532926302,1.4945482081831092,0.16267844839343548
Ukraine,2018,63.25,17.1041368062157,12554.8486328125,88.3442184434401,6.79,2.99,97.1876990557354,7.51989269,16.347943337802903,2.751394696584195,0.18995985761548573
Ukraine,2019,63.47,15.5795007311465,14217.486328125,88.2768037695359,6.67,2.99,97.30521930991681,7.09175062,16.7162998851047,3.273920787853153,0.2013019334033107
Ukraine,2020,62.99,14.90010098879,15541.02734375,88.20941919811892,6.26,2.99,97.3954990991366,7.56217051,17.0963250246931,3.034470760778227,0.19610437408548778
Ukraine,2021,61.55,14.90010098879,17846.408203125,88.1421385753858,6.26,2.99,97.4790947349818,8.2027483,17.3880676697975,5.235669256522211,0.24388411289650894
Uruguay,2000,65.34,12.9448464771497,10929.300260758675,69.9320099057864,1.8999999762,3.7460000000000004,93.46769840297908,9.17182446,13.0628146138341,6.739685785460317,0.27653065388727627
Uruguay,2001,65.37,12.766837583125902,10719.394569068703,69.9320099057864,1.8999999762,3.7460000000000004,93.4893466298161,9.757019999999999,13.1940994758649,1.4855,0.162482045831589
Uruguay,2002,65.49,12.4965101043769,10030.128784048831,69.9320099057864,1.8999999762,3.7460000000000004,93.5102862936807,9.64023018,13.3263583619522,7.39746319624459,0.2908085270294891
Uruguay,2003,65.23,12.1726329405196,10303.233750404677,69.9320099057864,1.8999999762,3.7810000000000006,93.53067733354709,9.57667351,13.445290818624699,6.712832375181817,0.2759477673680583
Uruguay,2004,65.57,11.833974991170699,11103.112589891316,69.9320099057864,1.4699999881,3.8160000000000003,93.5503547896714,8.26618195,13.5532290279374,6.3067256902878785,0.2671327189427759
Uruguay,2005,65.87,11.5193051559469,12295.700311589017,69.9320099057864,1.04,3.8510000000000004,93.68434917956971,7.72390509,13.6687553697443,5.392090573834776,0.24727943126517068
Uruguay,2006,66.38,11.1823625429671,13179.388113404382,69.9320099057864,0.99,3.8860000000000006,93.9897585152977,7.70998907,13.786992060967199,5.938954270954406,0.25914978492211066
Uruguay,2007,65.66,10.7966309010516,14397.224966515,69.9320099057864,0.98,3.9210000000000003,94.29284392530951,7.46167231,13.892225018417198,5.437869296944444,0.24827311513216915
Uruguay,2008,66.4,10.430496090868699,15694.235411975977,69.9320099057864,0.95,3.9560000000000004,94.59378318028791,8.09081745,13.9909044865093,6.112253773510585,0.2629114651995703
Uruguay,2009,66.61,10.1523439730869,16421.7696322847,69.9320099057864,1.1,3.9575000000000005,94.8926045747565,7.91611385,14.089627747394301,5.420005002244444,0.24788534849664787
Uruguay,2010,66.49,10.0305604083746,17872.536968292363,69.9320099057864,2.58,3.9590000000000005,95.1895101700608,7.87757301,14.187483803313501,5.732115010853767,0.25466008267918183
Uruguay,2011,66.56,10.0509517421341,19135.363696418583,69.9320099057864,2.55,3.9605,95.4845379432559,7.91521358,14.2761663562355,5.3546812026,0.24646741454330848
Uruguay,2012,66.41,9.71687395840984,19495.4223660846,69.9320099057864,2.52,3.962,95.7751867461269,8.03330803,14.3644797132339,5.844145295543084,0.25709183872105146
Uruguay,2013,66.62,10.8314475554018,20661.379341118703,69.9320099057864,2.51,3.9635000000000002,96.0641764624979,8.0844841,14.4509058429689,4.8128168693645526,0.23470557826954383
Uruguay,2014,66.96,10.4423977068601,21867.811227631493,69.9320099057864,2.47,3.965,96.35248557830799,8.038908000000001,14.5300028945268,5.762332600782352,0.2553159928831356
Uruguay,2015,66.92,10.469212956206599,22168.6114189676,69.9320099057864,2.45,3.9665,96.64013283005751,8.25703716,14.609843121338198,4.883051143070717,0.2362301001424011
Uruguay,2016,66.74,10.262873909363401,22840.550706980506,69.9320099057864,2.49,3.968,96.92716587763641,8.63850975,14.697511276800402,5.884223760474562,0.25796179142639597
Uruguay,2017,67.08,10.0613622046924,23606.62780079585,69.9320099057864,2.44,4.961,97.2135571051318,8.71701717,14.8089200405792,4.510774401024113,0.22814937251388584
Uruguay,2018,66.83,10.1340724978496,24386.49484739517,69.9320099057864,2.49,4.8477500000000004,97.49936716184891,8.90014267,14.955882015027699,4.706190071388878,0.23239111159723613
Uruguay,2019,66.81,10.298591147894,25782.68901988712,69.9320099057864,2.47,4.734500000000001,97.784620083579,9.24069118,15.1266239266362,4.952703452283508,0.23774198975535799
Uruguay,2020,67.33,10.5717923259135,25725.258216941977,69.9320099057864,2.49,4.62125,98.0693333151527,9.06924915,15.325843020587401,5.455642839166666,0.2486589118727931
Uruguay,2021,64.99,10.5717923259135,29431.88500874707,69.9320099057864,2.48,4.508,98.3535399904896,8.91666222,15.483980087111199,6.697708829247929,0.2756194920780221
Uzbekistan,2000,54.7,30.7136220978205,2644.263541635358,53.7674851686603,5.56,2.944,93.3766111569877,5.13293362,4.62465397007942,0.08613437596848175,0.13210708230757068
Uzbekistan,2001,55.11,30.1330949818927,2782.348710500123,55.11486718999411,5.55,2.8930000000000002,93.53768802213841,5.23737431,4.720337445383491,-0.5666875,0.11793677518433578
Uzbekistan,2002,55.18,29.505934984883698,2902.0398361768925,56.4562515641154,5.75,2.8289999999999997,93.6957052425144,5.14164925,4.81945270861341,0.7438669109220233,0.14638398136431352
Uzbekistan,2003,55.66,28.9396310320505,3047.2485683549244,57.790805978725395,5.66,2.765,93.8505894484885,5.1882515,4.910844700370371,1.4728046077056276,0.16220647662276874
Uzbekistan,2004,56.24,28.541672048649698,3321.196544009784,59.1177625556977,5.45,2.705,94.0022883501432,4.84063768,4.97370276245853,1.6928468335993787,0.166982765585771
Uzbekistan,2005,56.11,28.419546959938398,3617.854868314608,60.436912850332,5.36,2.655,94.1508115621162,4.7819910000000005,4.99995361758991,0.3146911118199508,0.13706818925162742
Uzbekistan,2006,56.94,28.6354538088517,3955.976820759281,61.748505876187004,5.33,2.639,94.29619000369449,4.75141335,4.99799365471651,1.2572290484427606,0.15752714218948846
Uzbekistan,2007,57.47,29.217741145615896,4386.129336695802,63.051826507361795,5.08,2.623,94.4383835544442,4.54267979,4.971079931724059,1.1947977070857643,0.15617199262463707
Uzbekistan,2008,58.03,30.223123656423397,4800.059143275529,64.3466497035217,4.96,2.595,94.5773829040307,4.70447445,4.92288270994912,0.733110304177587,0.1461504958964033
Uzbekistan,2009,58.73,31.708316027467102,5135.4644464758285,65.6323531235185,4.96,2.5610000000000004,94.71317865140051,4.79649639,4.8620531449064694,0.5827525014718614,0.14288679361995302
Uzbekistan,2010,59.12,33.7300329449397,5504.856379313699,66.90956664889879,4.88,2.535,94.84581206213791,5.29938841,4.7988627576541605,0.45372611236363614,0.14008611608758148
Uzbekistan,2011,59.53,44.1982936152516,5949.484123528995,68.0666913492941,4.81,2.497,94.97018207306141,5.26245499,4.7418666677676296,0.3301166046031744,0.1374030186718904
Uzbekistan,2012,59.93,43.9047519110738,6168.137647551723,69.117262636418,4.69,2.441,95.08910180786371,5.54822111,4.697789135586981,0.5613895849383651,0.1424230850656424
Uzbekistan,2013,60.53,42.947720361075,6412.723869287202,70.17889286741121,4.47,2.4019999999999997,95.2086769326238,5.71896601,4.6724093760392496,-0.12368260288355155,0.12755274499221678
Uzbekistan,2014,60.91,39.4888403264479,6609.767172777077,71.2516260080062,4.3,2.373,95.3289091117186,4.43092394,4.6717294896681905,0.19042419571999297,0.13437082197394343
Uzbekistan,2015,61.39,37.8356286365777,6799.5733284218295,72.33551244749691,4.19,2.419,95.44979931168751,4.73596573,4.72878830124081,0.009472044972322902,0.13044303149219771
Uzbekistan,2016,61.81,37.5481850195136,6919.294756218042,73.43059572028541,4.2,2.673,95.57135125005742,4.71504498,4.8311854585941605,-0.03426177799999959,0.12949373471461711
Uzbekistan,2017,62.17,35.2121570323591,7818.011129774257,74.5369165741151,4.25,2.6719999999999997,95.69355764862341,4.83789968,4.94336473656492,-0.516187807543238,0.11903293353638184
Uzbekistan,2018,62.99,34.8354317604587,8128.755203035224,75.6617226221262,4.73,2.7680000000000002,95.8162707017891,5.05427122,5.067207689575519,1.3874803504534827,0.16035440797306075
Uzbekistan,2019,63.62,34.1331992575325,8544.080267297179,76.7745583450954,4.65,2.7880000000000003,95.93922048247869,5.39747763,5.198110245259009,1.5783121014468011,0.16449664741077616
Uzbekistan,2020,62.82,31.960429455984897,8451.725051081145,77.7884720003291,4.78,2.784,96.06211848811571,6.71439123,5.3086546531432495,1.7792845764285716,0.16885900381861474
Uzbekistan,2021,63.36,31.960429455984897,9247.643827039294,78.8125991266417,4.86,2.805,96.18470333754179,7.69774151,5.41000605498317,3.5116406698389375,0.20646193777975771
Vanuatu,2000,57.49,15.0607600250161,2206.1024035677415,17.3668036964981,3.0999999045999997,0.141,54.710980804672204,3.30683255,2.7930921564732905,-0.3738076923076921,0.12212347022854787
Vanuatu,2001,57.55,14.9425065432613,2124.950748849164,17.4386682354086,3.0999999045999997,0.141,54.7648829566551,3.38728333,2.79692824724783,0.47962499999999997,0.14064828351098926
Vanuatu,2002,57.65,14.665320193617001,1995.323722745116,17.5110468161549,3.3999999523,0.141,54.819173353633396,3.90437746,2.80425603610687,2.2158076923076924,0.17833427853918377
Vanuatu,2003,57.75,14.335593351468999,2070.357755569819,17.5844520109831,3.7,0.141,54.874232676912406,3.50691938,2.81998146912018,2.368104166666667,0.18164006208427552
Vanuatu,2004,57.85,14.0597183922026,2157.4451705913107,17.6583703676468,3.9,0.141,54.9296762921394,3.53991532,2.8467121349854905,1.4854498637647058,0.1624809575625247
Vanuatu,2005,57.96,13.944087691203599,2287.0066043324555,17.7666909427897,4.1,0.132,54.624856415433904,3.30528617,2.8819510343518697,2.4952333319999997,0.1843995580255249
Vanuatu,2006,58.05,13.9585415833197,2495.8568363610925,17.8758208033812,3.293333333333333,0.123,54.315607363214,3.32189322,2.92511005055031,2.469677776444444,0.183844843050035
Vanuatu,2007,58.17,13.996197949145,2573.401043671281,17.9855062072109,2.4866666666666664,0.114,54.001715264459,3.1078558,2.97366185216652,18.202484153119048,0.52534488536576
Vanuatu,2008,58.31,14.048365482684698,2701.288360818341,18.096002505822998,1.68,0.111,53.6833095586201,3.13810205,3.0287003737395097,5.442991270793651,0.24838429391644742
Vanuatu,2009,58.47,14.106352877944,2730.287959911241,18.207311590949303,1.68,0.128,53.3603409473561,3.25197887,3.1029452521263905,5.126800794603175,0.2415209881327465
Vanuatu,2010,58.61,14.161468828928001,2733.4592258871835,18.286526774602002,1.68,0.145,53.0140862870426,3.52656102,3.20611968646051,5.433641270793651,0.24818134058954533
Vanuatu,2011,58.75,14.266558107188402,2815.686933840293,18.345966763362302,1.68,0.16199999999999998,52.6540863123359,3.59819388,3.31966312555576,5.4590380961904765,0.24873261013040485
Vanuatu,2012,58.89,14.0726802867412,2834.1263087370976,18.4056781374295,1.68,0.179,52.29230518367021,3.9356277000000004,3.4273063501598102,5.485185715238094,0.249300176577066
Vanuatu,2013,59.02,14.2629547192965,2832.0060614046943,18.4654024209726,1.68,0.17475,51.9285986324004,4.39234495,3.5358099983495896,6.356614286666667,0.26821561269780786
Vanuatu,2014,59.1,13.911141638780801,2890.131038197033,18.5251407994356,1.68,0.17049999999999998,51.56297650418939,3.64668846,3.64164548425585,6.5349137546666665,0.27208582341603965
Vanuatu,2015,59.16,13.468041420012698,2965.8414325737776,18.5848935323805,1.68,0.16625,51.195445786180294,4.32168293,3.7374906520456497,5.788061294197803,0.2558744660302489
Vanuatu,2016,59.25,13.8697381004542,3029.80923948413,18.6449171562813,1.68,0.162,50.826109673150995,3.07873988,3.82507033608797,5.498101746857143,0.24958053503561767
Vanuatu,2017,59.28,13.671332789857399,3145.927349894668,18.7049546859824,1.68,0.16066666666666668,50.45486047635261,2.88111997,3.88715543954012,6.577155552333335,0.27300273393697805
Vanuatu,2018,59.32,14.6439252034392,3232.9482580067183,18.7675820376693,1.68,0.15933333333333333,50.08255304569511,3.44045591,3.93748126699117,4.964872997151515,0.23800614479469978
Vanuatu,2019,59.38,14.3364980888287,3314.6672135242475,18.8325439417482,1.68,0.158,49.70889025431029,3.49615431,4.00620580886999,7.139211000923078,0.28520284336956814
Vanuatu,2020,59.35,14.0824115364695,3117.6442529203755,18.9003588483709,1.68,0.158,49.3338166328635,4.12128973,4.05961349601902,6.089078742087912,0.26240842244788143
Vanuatu,2021,58.68,14.0824115364695,3135.8366494567786,18.9705111237465,1.68,0.158,48.95696580312511,4.54704428,4.09620474158012,5.307454042181818,0.24544229055111516
Viet Nam,2000,63.74,27.2332642563715,2614.1184036656346,45.657648682815505,1.4,0.53,49.1489172818795,4.10752726,5.98422229781561,1.70805857141604,0.16731295518981945
Viet Nam,2001,63.86,27.2724542389611,2808.831819083625,46.2100062635044,1.41,0.53,51.112666371422904,4.80107498,6.055389501011809,0.23581250000000004,0.13535603131683865
Viet Nam,2002,63.95,27.3729160568005,3001.8703876692243,46.762695724699604,1.42,0.5579999999999999,53.0643186028264,3.87075853,6.11113887047292,1.391398225519481,0.16043945030236886
Viet Nam,2003,64.02,27.4669078615838,3239.771259099149,47.3141839053115,1.44,0.5783333333333333,55.001969449860105,3.94229889,6.1524536473425595,1.3211997696790891,0.1589157059006368
Viet Nam,2004,64.08,27.486687805004802,3543.0991552046144,47.8654653760388,1.51,0.5986666666666667,56.9263485038899,4.08791971,6.1801961206336795,1.5899707952482927,0.1647497137951981
Viet Nam,2005,64.11,27.3645140387577,3893.6650942259416,48.4153894204967,1.53,0.619,58.966321324654,4.31821251,6.199131310081639,1.4239322146495728,0.1611456408190905
Viet Nam,2006,64.18,27.0007597054278,4237.400880947323,48.9645843386629,1.57,0.629,61.000317661145495,4.56979847,6.191027416650491,10.047976689717732,0.34834120419517584
Viet Nam,2007,64.24,26.3605983485498,4580.79431138427,49.5129650176871,1.68,0.647,63.0278584517406,4.62917614,6.154707937144071,1.3680911324985232,0.1599335409901743
Viet Nam,2008,64.29,25.473488721241797,4844.067047515462,50.0601009000849,1.77,0.67,65.0481671536166,4.36028337,6.09930903192412,1.4486184589385283,0.16168148631718254
Viet Nam,2009,64.34,24.3688895766214,5060.732122671962,50.6065902655669,1.9,0.703,67.0613483120441,4.48502922,6.05455059039284,8.381453993722639,0.3121672656379575
Viet Nam,2010,64.41,23.076259667806696,5389.219569936736,51.1560028636444,2.02,0.715,69.0697259411946,5.07146072,6.046892503525079,1.4500448207059693,0.1617124472654251
Viet Nam,2011,64.51,20.4905765848944,5786.1234887072105,51.7038442970064,2.21,0.7705,71.0691084361626,4.97468519,6.05483054644853,7.87262900178371,0.30112258917539936
Viet Nam,2012,64.61,21.5116439458873,6376.7976570617175,52.2503650158694,2.28,0.826,73.05926967607391,5.00178242,6.09139967051075,1.326292082722,0.15902624086038927
Viet Nam,2013,64.69,23.2274925075316,6758.4043363474875,52.794184640231,2.31,0.8065,75.03883833213379,4.41233158,6.166056757864901,0.9603954478048358,0.1510840013567843
Viet Nam,2014,64.78,20.4035064934273,7296.879480873805,53.3365325126258,2.43,0.787,77.008286684504,4.69078779,6.282360396554179,1.2088436768842779,0.1564768777904311
Viet Nam,2015,64.84,19.377014054477,7671.581977808395,53.87700865739671,2.53,0.8009999999999999,78.9669212576084,4.71140909,6.45078979885794,1.0216260789600167,0.15241308802002032
Viet Nam,2016,64.99,20.330445621621802,8374.506845161175,54.415221505275,2.49,0.833,80.91409810822829,4.86994743,6.60876308594788,1.4319770317222225,0.16132026353451434
Viet Nam,2017,65.14,18.5797797556674,9169.73192052855,54.949546182064196,2.55,0.833,82.8485783033642,4.99014759,6.7677396393877896,0.7923657766168779,0.147436709294126
Viet Nam,2018,65.27,20.163017630318603,10009.971475600563,55.480272994859504,2.55,0.833,84.7702960974693,5.02678823,6.98161953689909,1.5163961782959432,0.16315268563626506
Viet Nam,2019,65.39,20.831786890687802,11029.273208396311,56.0073746060456,2.55,0.833,86.67899325163842,4.97407484,7.250229770067951,3.0243401612884395,0.19588447688014396
Viet Nam,2020,66.16,20.8010641731194,11609.317727642328,56.5308225128813,2.55,0.833,88.57440925688091,4.33219814,7.56724481954587,2.913717304470589,0.19348327080286132
Viet Nam,2021,65.35,20.8010641731194,12048.901993553598,57.049689169051504,2.55,0.833,90.4559668368841,4.53756857,7.88570347458642,3.843084856527681,0.2136563442365307
Zambia,2000,38.89,24.388044626543603,1708.5155261592733,69.9320099057864,2.0,0.134,21.0415384052929,4.17365646,2.3622799461130097,6.362295143274726,0.26833892272435966
Zambia,2001,39.31,24.4325149072743,1785.067113854762,69.9320099057864,2.0,0.134,21.678688941923298,4.82995701,2.2970967446541297,0.6664666666666667,0.14470391322798662
Zambia,2002,40.03,24.4508143185225,1837.0658517203456,69.9320099057864,2.0,0.134,22.413804959209,5.88845205,2.23520510851432,4.8638969338095235,0.2358143343141939
Zambia,2003,41.16,24.458855544603,1942.2152087164745,69.9320099057864,2.0,0.134,23.1443864562221,5.99553585,2.17702400716705,5.000729479642858,0.23878445414364344
Zambia,2004,42.57,24.4725512698311,2067.937284565304,69.9320099057864,2.0,0.134,23.8700357388516,5.48490572,2.1202575576824496,4.367481352140151,0.22503901946651267
Zambia,2005,43.8,24.5078141785218,2212.8120255359563,69.9320099057864,1.975,0.055999999999999994,24.5900224977226,6.33088684,2.06377024852078,3.688198167095649,0.21029433686614815
Zambia,2006,45.03,24.5785406011321,2377.992397782109,69.9320099057864,1.95,0.054000000000000006,25.3042918374618,5.5774231,2.00832215333904,3.820103333722944,0.2131575018289909
Zambia,2007,46.57,24.694900914988498,2554.6893762921773,69.9320099057864,1.9249999999999998,0.058,26.012131017544604,4.57961416,1.95607503028929,3.751110210528138,0.21165992066473963
Zambia,2008,48.11,24.8672188747105,2708.0081966910125,69.9320099057864,1.9,0.062,26.713742685794603,4.46690989,1.90868455465819,3.3931129904751076,0.2038891477415898
Zambia,2009,49.22,25.105818234917603,2872.4641836626793,69.9320099057864,1.95,0.06,27.407558263277302,5.15718842,1.8676332510636597,3.4561269397902095,0.20525694353354038
Zambia,2010,49.92,25.421022750229202,3097.664004992428,69.9320099057864,2.0,0.061,28.094335855896002,3.97471905,1.83336276280121,3.6558119046401507,0.2095913529398095
Zambia,2011,50.47,26.565488543498002,3228.487142550391,69.9320099057864,2.0,0.06583333333333333,28.773103192332897,3.95913363,1.80622103977023,3.0895479735531133,0.1972998931837932
Zambia,2012,51.08,26.871030249618897,3323.6331221985643,69.9320099057864,2.0,0.07066666666666667,29.4446855204494,4.04541731,1.7839387046573303,3.390440912121123,0.20383114697242574
Zambia,2013,51.69,25.6500160427317,3477.281787776828,69.9320099057864,2.0,0.0755,30.1087309769234,4.57390451,1.76140692799667,16.67862786969433,0.4922676979388453
Zambia,2014,52.26,26.0707378042456,3441.314976437749,69.9320099057864,2.0,0.08033333333333333,30.7641759274322,3.82924223,1.74239076105129,15.6520331941476,0.4699841894059952
Zambia,2015,52.66,25.6767422937407,3337.4730688769628,69.9320099057864,2.0,0.08516666666666667,31.410865996242197,4.42974281,1.73777036449312,18.301391861554034,0.5274917996420315
Zambia,2016,53.13,26.165910312884304,3313.35121570029,69.9320099057864,2.0,0.09,32.0477720583314,4.46923161,1.7434410857526699,18.21384848509379,0.5255915622622619
Zambia,2017,53.41,23.7582824070397,3391.627684927748,69.9320099057864,2.0,0.1575,32.674491350081,4.78156233,1.7528633656415702,17.242138182155525,0.5044993869931359
Zambia,2018,53.54,23.336719913165602,3442.2730719630176,69.9320099057864,2.0,0.225,33.2903966380539,4.76996708,1.76725056665151,14.665770410307394,0.4485761345204278
Zambia,2019,53.87,23.203747594769503,3361.397502996121,69.9320099057864,2.0,0.239,33.894704584320806,6.75330257,1.78700911823288,16.435782745825513,0.4869964438413994
Zambia,2020,53.91,24.3085919008655,3157.300093116429,69.9320099057864,2.0,0.255,34.4868129715486,6.3067440999999995,1.80827618085464,18.437666439472867,0.530449808087037
Zambia,2021,52.97,24.3085919008655,3503.034914183715,69.9320099057864,2.0,0.297,35.2442051458646,6.63951397,1.82696220580829,16.2477734485632,0.4829154692565968
Zimbabwe,2000,40.53,20.2651781223935,3429.1205715230876,29.3952599069304,3.0,0.127,44.5170067494269,10.47583866,3.43720240109888,1.1888149686996334,0.15604212988031085
Zimbabwe,2001,40.29,20.306374682186,3533.086059036038,29.545851974563103,3.0,0.13824999999999998,44.632782507167995,10.47583866,3.4072657547341203,-0.05706666666666674,0.1289987263697475
Zimbabwe,2002,40.04,20.3291456921534,3237.570826613784,29.7606828415287,3.0,0.1495,44.820971546103294,10.47583866,3.3597837396556605,0.26311422657203903,0.13594864909630022
Zimbabwe,2003,39.97,20.3466312302663,2707.989571732718,29.818277865918198,3.0,0.16075,44.8625993105655,10.47583866,3.3039269525472403,0.3878545128174604,0.13865629145910485
Zimbabwe,2004,40.09,20.3719713744954,2591.0200543179362,29.8470722762882,3.0,0.172,44.881689855497996,10.47583866,3.25616518204585,0.5314473390996273,0.14177315154608186
Zimbabwe,2005,40.54,20.4183062028115,2495.9208173626835,29.627146794599,3.0,0.124,44.25558849523539,10.47583866,3.2226195177183397,0.11011723637505622,0.13262765998758586
Zimbabwe,2006,41.11,20.493874360995502,2453.7564236972203,29.403070451795603,3.0,0.0892,43.6313729086374,10.47583866,3.18694063084989,11.777041722146741,0.38587270160282106
Zimbabwe,2007,41.87,20.6142726487272,2396.378350553247,29.1751934973846,2.6266666666666665,0.0544,43.0093163519356,10.47583866,3.1552535922595797,0.23363320386431644,0.13530872699587163
Zimbabwe,2008,42.69,20.8036783748251,1986.908824599369,28.943126830005998,2.2533333333333334,0.0596,42.3891736287953,10.47583866,3.13524433065611,0.15795788893290041,0.1336661005862789
Zimbabwe,2009,43.81,21.0862688481077,2232.852572896699,28.707230002227103,1.88,0.12,41.771197354799,10.47583866,3.1172530002097303,9.413859872613454,0.33457691353465635
Zimbabwe,2010,45.31,21.486221377393605,2661.364832562133,28.4671048782824,1.85,0.126,41.155165458523896,10.47583866,3.10210029949731,0.40972715236482465,0.13913106418255589
Zimbabwe,2011,46.89,23.6162829422719,3047.3170887374945,28.2231227734127,1.82,0.081,40.5413099103148,8.08288383,3.09075686054367,8.101836228034188,0.30609781581898515
Zimbabwe,2012,48.28,23.539527850503102,3472.4857200101565,27.9748723703249,1.94,0.08,39.929425197268,6.91794872,3.08900340551345,0.520631158692213,0.1415383729580543
Zimbabwe,2013,49.32,22.598400694315902,3783.946337046473,27.722735063513998,1.97,0.08199999999999999,39.3197220289687,7.10940313,3.09457989239685,9.889059523092005,0.34489171032688276
Zimbabwe,2014,50.05,23.4292525344579,3903.427977060837,27.478417703354,2.0,0.122,38.7170842481052,8.13227272,3.1381062144662595,9.55898379021902,0.33772700785456117
Zimbabwe,2015,50.51,23.1038790684558,4045.898647387976,27.2426870223209,2.0,0.177,38.1206484665361,7.44982719,3.2214916397394706,12.031912070490108,0.3914049780867754
Zimbabwe,2016,50.9,22.5706982027694,4275.4493505094015,27.0155013731712,2.0,0.174,37.529192777986495,7.46644735,3.3057793219780396,14.093756612367354,0.4361598667850467
Zimbabwe,2017,51.2,17.997753809911497,10756.445441698472,26.7972307877594,2.0,0.179,36.94167154861729,6.17278528,3.38745728096075,13.107182823992975,0.4147450611609882
Zimbabwe,2018,51.62,19.1120993372982,3992.890718675003,26.588678217332397,2.0,0.201,36.3571595127659,4.65527105,3.4651013552073597,11.091460237507006,0.370991306611368
Zimbabwe,2019,51.95,18.5286074615735,4165.555678355581,26.389386345216497,2.0,0.195,35.774335370220605,3.23267817,3.5342414489075695,13.036229515420326,0.41320493174606543
Zimbabwe,2020,52.2,19.4941796611344,4178.5855794382815,26.200595864524303,2.0,0.18899999999999997,35.192362054349395,2.95440149,3.5816738170046096,14.002377249404521,0.43417636456862985
Zimbabwe,2021,51.25,19.4941796611344,4827.0886936086,26.021850632624503,2.0,0.18899999999999997,34.6099501611517,2.78571677,3.59797394603224,12.538181447435523,0.40239418176161
